-- phpMyAdmin SQL Dump
-- version 4.0.5
-- http://www.phpmyadmin.net
--
-- Host: localhost
-- Generation Time: May 31, 2014 at 05:20 PM
-- Server version: 5.5.33-31.1
-- PHP Version: 5.4.23

SET SQL_MODE = "NO_AUTO_VALUE_ON_ZERO";
SET time_zone = "+00:00";


/*!40101 SET @OLD_CHARACTER_SET_CLIENT=@@CHARACTER_SET_CLIENT */;
/*!40101 SET @OLD_CHARACTER_SET_RESULTS=@@CHARACTER_SET_RESULTS */;
/*!40101 SET @OLD_COLLATION_CONNECTION=@@COLLATION_CONNECTION */;
/*!40101 SET NAMES utf8 */;

--
-- Database: `artpundi_interestship`
--

-- --------------------------------------------------------

--
-- Table structure for table `accelerate`
--

CREATE TABLE IF NOT EXISTS `accelerate` (
  `id` int(11) NOT NULL AUTO_INCREMENT,
  `timestamp` timestamp NOT NULL DEFAULT CURRENT_TIMESTAMP ON UPDATE CURRENT_TIMESTAMP,
  `user_master_id` int(11) NOT NULL,
  `domain` text NOT NULL,
  PRIMARY KEY (`id`)
) ENGINE=InnoDB  DEFAULT CHARSET=latin1 AUTO_INCREMENT=48 ;

--
-- Dumping data for table `accelerate`
--

INSERT INTO `accelerate` (`id`, `timestamp`, `user_master_id`, `domain`) VALUES
(40, '2014-04-14 09:45:35', 78, ''),
(41, '2014-04-14 14:54:32', 350, ''),
(42, '2014-04-14 19:46:11', 81, ''),
(43, '2014-04-15 10:36:13', 25, 'hahaha:hahah'),
(44, '2014-04-15 11:10:32', 88, 'Neural networks:machine learning '),
(45, '2014-04-15 12:20:07', 95, 'marketing:marketing'),
(46, '2014-04-16 08:51:58', 102, 'food:'),
(47, '2014-04-16 13:07:48', 105, 'Art or Design:Art direction, Furniture/ Product Deisgn illustrator');

-- --------------------------------------------------------

--
-- Table structure for table `address_cities`
--

CREATE TABLE IF NOT EXISTS `address_cities` (
  `id` int(11) NOT NULL AUTO_INCREMENT,
  `cityname` varchar(100) NOT NULL,
  `lastupdated` timestamp NOT NULL DEFAULT CURRENT_TIMESTAMP ON UPDATE CURRENT_TIMESTAMP,
  PRIMARY KEY (`id`)
) ENGINE=InnoDB  DEFAULT CHARSET=latin1 AUTO_INCREMENT=2 ;

--
-- Dumping data for table `address_cities`
--

INSERT INTO `address_cities` (`id`, `cityname`, `lastupdated`) VALUES
(1, 'Ahmedabad', '0000-00-00 00:00:00');

-- --------------------------------------------------------

--
-- Table structure for table `address_zip`
--

CREATE TABLE IF NOT EXISTS `address_zip` (
  `id` int(11) NOT NULL AUTO_INCREMENT,
  `zipcodes` varchar(50) NOT NULL,
  `lastupdated` timestamp NOT NULL DEFAULT CURRENT_TIMESTAMP ON UPDATE CURRENT_TIMESTAMP,
  PRIMARY KEY (`id`)
) ENGINE=InnoDB  DEFAULT CHARSET=latin1 AUTO_INCREMENT=3 ;

--
-- Dumping data for table `address_zip`
--

INSERT INTO `address_zip` (`id`, `zipcodes`, `lastupdated`) VALUES
(1, '380015', '0000-00-00 00:00:00'),
(2, '382481', '2014-04-14 15:03:40');

-- --------------------------------------------------------

--
-- Table structure for table `attitude_interests_activities`
--

CREATE TABLE IF NOT EXISTS `attitude_interests_activities` (
  `id` int(11) NOT NULL AUTO_INCREMENT,
  `activity_name` varchar(200) NOT NULL,
  `area_id` int(11) NOT NULL COMMENT 'Area of Career Interests - Parent',
  `image_filename` varchar(200) NOT NULL,
  `lastupdated` timestamp NOT NULL DEFAULT CURRENT_TIMESTAMP ON UPDATE CURRENT_TIMESTAMP,
  PRIMARY KEY (`id`)
) ENGINE=InnoDB  DEFAULT CHARSET=latin1 AUTO_INCREMENT=351 ;

--
-- Dumping data for table `attitude_interests_activities`
--

INSERT INTO `attitude_interests_activities` (`id`, `activity_name`, `area_id`, `image_filename`, `lastupdated`) VALUES
(87, 'Operate a printing press', 4, 'no img', '0000-00-00 00:00:00'),
(88, 'Study the causes of earthquakes', 17, 'no img', '0000-00-00 00:00:00'),
(89, 'Plant and harvest crops', 1, 'no img', '0000-00-00 00:00:00'),
(90, 'Replace car window and fender', 18, 'no img', '0000-00-00 00:00:00'),
(91, 'Measure and grade logs', 14, 'no img', '0000-00-00 00:00:00'),
(92, 'Run a machine', 15, 'no img', '0000-00-00 00:00:00'),
(93, 'Work in an office', 5, 'no img', '0000-00-00 00:00:00'),
(94, 'Answer customer questions', 16, 'no img', '0000-00-00 00:00:00'),
(95, 'Write reports', 13, 'no img', '0000-00-00 00:00:00'),
(96, 'Help someone just out of prison find a job', 11, 'no img', '0000-00-00 00:00:00'),
(97, 'Design a freeway', 3, 'no img', '0000-00-00 00:00:00'),
(98, 'Plan educational lessons', 6, 'no img', '0000-00-00 00:00:00'),
(99, 'Balance a checkbook', 7, 'no img', '0000-00-00 00:00:00'),
(100, 'Take an x-ray', 9, 'no img', '0000-00-00 00:00:00'),
(101, 'Write a computer program', 12, 'no img', '0000-00-00 00:00:00'),
(102, 'Train animals', 2, 'no img', '0000-00-00 00:00:00'),
(103, 'Be in charge of replanting forests', 1, 'no img', '0000-00-00 00:00:00'),
(104, 'Act in television and movies', 4, 'no img', '0000-00-00 00:00:00'),
(105, 'Solve a burglary', 13, 'no img', '0000-00-00 00:00:00'),
(106, 'Check products to make sure they were made right', 15, 'no img', '0000-00-00 00:00:00'),
(107, 'Build an airport', 14, 'no img', '0000-00-00 00:00:00'),
(108, 'Keep business records for a company', 5, 'no img', '0000-00-00 00:00:00'),
(109, 'Put small tools together', 15, 'no img', '0000-00-00 00:00:00'),
(110, 'Design a website', 12, 'no img', '0000-00-00 00:00:00'),
(111, 'Tutor students', 6, 'no img', '0000-00-00 00:00:00'),
(112, 'Work at a zoo', 2, 'no img', '0000-00-00 00:00:00'),
(113, 'Take care of children', 11, 'no img', '0000-00-00 00:00:00'),
(114, 'Plan special diets', 9, 'no img', '0000-00-00 00:00:00'),
(115, 'Choreograph a dance', 4, 'no img', '0000-00-00 00:00:00'),
(116, 'Lobby for a cause', 8, 'no img', '0000-00-00 00:00:00'),
(117, 'Sell clothes', 16, 'no img', '0000-00-00 00:00:00'),
(118, 'Work with hands', 14, 'no img', '0000-00-00 00:00:00'),
(119, 'Work at an amusement park', 10, 'no img', '0000-00-00 00:00:00'),
(120, 'Broker Insurance', 7, 'no img', '0000-00-00 00:00:00'),
(121, 'Learn about ethnic groups', 10, 'no img', '0000-00-00 00:00:00'),
(122, 'Manage an information system', 12, 'no img', '0000-00-00 00:00:00'),
(123, 'Appraise the value of a house', 7, 'no img', '0000-00-00 00:00:00'),
(124, 'File books at the library', 6, 'no img', '0000-00-00 00:00:00'),
(125, 'Make three-dimentional items', 14, 'no img', '0000-00-00 00:00:00'),
(126, 'Analyze handwriting', 13, 'no img', '0000-00-00 00:00:00'),
(127, 'Design sprinkler systems for new building', 17, 'no img', '0000-00-00 00:00:00'),
(128, 'Run a factory sewing machine', 15, 'no img', '0000-00-00 00:00:00'),
(129, 'Develop personnel policies', 5, 'no img', '0000-00-00 00:00:00'),
(130, 'Train racehorses', 2, 'no img', '0000-00-00 00:00:00'),
(131, 'Work as a security guard', 13, 'no img', '0000-00-00 00:00:00'),
(132, 'Work in a department store', 16, 'no img', '0000-00-00 00:00:00'),
(133, 'Write for a newspaper', 4, 'no img', '0000-00-00 00:00:00'),
(134, 'Use a calculator', 5, 'no img', '0000-00-00 00:00:00'),
(135, 'Help people at a mental health clinic', 9, 'no img', '0000-00-00 00:00:00'),
(136, 'Remodel old houses', 3, 'no img', '0000-00-00 00:00:00'),
(137, 'Care for young children', 6, 'no img', '0000-00-00 00:00:00'),
(138, 'Locate a missing person', 13, 'no img', '0000-00-00 00:00:00'),
(139, 'Plan estate disbursement', 7, 'no img', '0000-00-00 00:00:00'),
(140, 'Enter data', 12, 'no img', '0000-00-00 00:00:00'),
(141, 'Design a book cover', 4, 'no img', '0000-00-00 00:00:00'),
(142, 'Assemble toys following written instructions', 14, 'no img', '0000-00-00 00:00:00'),
(143, 'Figure out why someone is sick', 17, 'no img', '0000-00-00 00:00:00'),
(144, 'Fly an airplane', 18, 'no img', '0000-00-00 00:00:00'),
(145, 'Learn how things grow and stay alive', 1, 'no img', '0000-00-00 00:00:00'),
(146, 'Sell cars', 16, 'no img', '0000-00-00 00:00:00'),
(147, 'Work as a restaurant host or hostess', 10, 'no img', '0000-00-00 00:00:00'),
(148, 'Fight fires', 13, 'no img', '0000-00-00 00:00:00'),
(149, 'Keep payroll records for a company', 5, 'no img', '0000-00-00 00:00:00'),
(150, 'Work in a nursing home', 11, 'no img', '0000-00-00 00:00:00'),
(151, 'Hire new staff', 5, 'no img', '0000-00-00 00:00:00'),
(152, 'Operate ventilators - help people breathe', 9, 'no img', '0000-00-00 00:00:00'),
(153, 'Drive a taxi', 18, 'no img', '0000-00-00 00:00:00'),
(154, 'Be a news broadcaster', 4, 'no img', '0000-00-00 00:00:00'),
(155, 'Work for the IRS', 8, 'no img', '0000-00-00 00:00:00'),
(156, 'Sort and date dinosaur bones', 17, 'no img', '0000-00-00 00:00:00'),
(157, 'Give shots', 9, 'no img', '0000-00-00 00:00:00'),
(158, 'Design landscaping', 1, 'no img', '0000-00-00 00:00:00'),
(159, 'Provide technical support for computer users', 12, 'no img', '0000-00-00 00:00:00'),
(160, 'Work in a courtroom', 13, 'no img', '0000-00-00 00:00:00'),
(161, 'Care for injured animals', 2, 'no img', '0000-00-00 00:00:00'),
(162, 'Serve meals to customers', 10, 'no img', '0000-00-00 00:00:00'),
(163, 'Build kitchen cabinets', 3, 'no img', '0000-00-00 00:00:00'),
(164, 'Refinance a mortgage', 7, 'no img', '0000-00-00 00:00:00'),
(165, 'Sing in a concert', 4, 'no img', '0000-00-00 00:00:00'),
(166, 'Direct the take off /landing of planes', 18, 'no img', '0000-00-00 00:00:00'),
(167, 'Operate a cash register', 5, 'no img', '0000-00-00 00:00:00'),
(168, 'Collect rocks', 17, 'no img', '0000-00-00 00:00:00'),
(169, 'Start own business', 5, 'no img', '0000-00-00 00:00:00'),
(170, 'Draft a blueprint', 3, 'no img', '0000-00-00 00:00:00'),
(171, 'Assess student progress', 6, 'no img', '0000-00-00 00:00:00'),
(172, 'Design an airplane', 3, 'no img', '0000-00-00 00:00:00'),
(173, 'Wrap a sprained ankle', 9, 'no img', '0000-00-00 00:00:00'),
(174, 'Guide a tour group out of the', 10, 'no img', '0000-00-00 00:00:00'),
(175, 'Work on solving technical problems', 12, 'no img', '0000-00-00 00:00:00'),
(176, 'Be a minister', 11, 'no img', '0000-00-00 00:00:00'),
(177, 'Manage a veterinary clinic', 2, 'no img', '0000-00-00 00:00:00'),
(178, 'Lead others', 8, 'no img', '0000-00-00 00:00:00'),
(179, 'Operate heavy equipment', 14, 'no img', '0000-00-00 00:00:00'),
(180, 'Manage a fish hatchery', 2, 'no img', '0000-00-00 00:00:00'),
(181, 'Assemble cars', 15, 'no img', '0000-00-00 00:00:00'),
(182, 'Protect our borders', 8, 'no img', '0000-00-00 00:00:00'),
(183, 'Play an instrument', 4, 'no img', '0000-00-00 00:00:00'),
(184, 'Plan activities for adult day care', 11, 'no img', '0000-00-00 00:00:00'),
(185, 'Research soybean use in paint', 1, 'no img', '0000-00-00 00:00:00'),
(186, 'Provide consumer information', 11, 'no img', '0000-00-00 00:00:00'),
(187, 'Guard money in an armored car', 13, 'no img', '0000-00-00 00:00:00'),
(188, 'Study why people do the things they do', 17, 'no img', '0000-00-00 00:00:00'),
(189, 'Fix a television set', 14, 'no img', '0000-00-00 00:00:00'),
(190, 'Be an instructor at a school', 6, 'no img', '0000-00-00 00:00:00'),
(191, 'Fix controls on a control panel', 15, 'no img', '0000-00-00 00:00:00'),
(192, 'Help a friend with a personal problem', 11, 'no img', '0000-00-00 00:00:00'),
(193, 'Oversee a logging crew', 1, 'no img', '0000-00-00 00:00:00'),
(194, 'Study weather conditions', 17, 'no img', '0000-00-00 00:00:00'),
(195, 'Pack boxes at a warehouse', 18, 'no img', '0000-00-00 00:00:00'),
(196, 'Teach dancing', 4, 'no img', '0000-00-00 00:00:00'),
(197, 'Sterilize surgical instruments', 9, 'no img', '0000-00-00 00:00:00'),
(198, 'Study soil conditions', 17, 'no img', '0000-00-00 00:00:00'),
(199, 'Play the stock market', 7, 'no img', '0000-00-00 00:00:00'),
(200, 'Protect the environment', 1, 'no img', '0000-00-00 00:00:00'),
(201, 'Grade papers', 6, 'no img', '0000-00-00 00:00:00'),
(202, 'Be a railroad engineer', 18, 'no img', '0000-00-00 00:00:00'),
(203, 'Order building supplies', 3, 'no img', '0000-00-00 00:00:00'),
(204, 'Paint motors', 14, 'no img', '0000-00-00 00:00:00'),
(205, 'Develop new computer games', 12, 'no img', '0000-00-00 00:00:00'),
(206, 'Buy merchandise for a store', 16, 'no img', '0000-00-00 00:00:00'),
(207, 'Work to get someone elected', 8, 'no img', '0000-00-00 00:00:00'),
(208, 'Identify plants in a forest', 1, 'no img', '0000-00-00 00:00:00'),
(209, 'Guard inmates in a prison', 13, 'no img', '0000-00-00 00:00:00'),
(210, 'Read blueprints', 3, 'no img', '0000-00-00 00:00:00'),
(211, 'Line up concerts for a band', 16, 'no img', '0000-00-00 00:00:00'),
(212, 'Ask people questions for a survey', 8, 'no img', '0000-00-00 00:00:00'),
(213, 'Manage a factory', 14, 'no img', '0000-00-00 00:00:00'),
(214, 'Work as a nurse in a hospital', 9, 'no img', '0000-00-00 00:00:00'),
(215, 'Paint a portrait', 4, 'no img', '0000-00-00 00:00:00'),
(216, 'Testify before Congress', 8, 'no img', '0000-00-00 00:00:00'),
(217, 'Work with a microscope', 17, 'no img', '0000-00-00 00:00:00'),
(218, 'Make tee times at a golf course', 10, 'no img', '0000-00-00 00:00:00'),
(219, 'Classify plants', 1, 'no img', '0000-00-00 00:00:00'),
(220, 'Transcribe medical records', 9, 'no img', '0000-00-00 00:00:00'),
(221, 'Install rivets', 15, 'no img', '0000-00-00 00:00:00'),
(222, 'Raise worms', 2, 'no img', '0000-00-00 00:00:00'),
(223, 'Balance accounts', 7, 'no img', '0000-00-00 00:00:00'),
(224, 'Develop learning games', 6, 'no img', '0000-00-00 00:00:00'),
(225, 'Read to sick people', 11, 'no img', '0000-00-00 00:00:00'),
(226, 'Repair computers', 12, 'no img', '0000-00-00 00:00:00'),
(227, 'Compare sizes and shapes of objects', 15, 'no img', '0000-00-00 00:00:00'),
(228, 'Fish', 2, 'no img', '0000-00-00 00:00:00'),
(229, 'Repair bicycles', 18, 'no img', '0000-00-00 00:00:00'),
(230, 'Deliver mail', 8, 'no img', '0000-00-00 00:00:00'),
(231, 'Teach Special Education', 6, 'no img', '0000-00-00 00:00:00'),
(232, 'Set up a tracking system', 12, 'no img', '0000-00-00 00:00:00'),
(233, 'Manage a store', 5, 'no img', '0000-00-00 00:00:00'),
(234, 'Advertise goods and services', 16, 'no img', '0000-00-00 00:00:00'),
(235, 'Distribute supplies to dentists', 18, 'no img', '0000-00-00 00:00:00'),
(236, 'Compete in a sports event', 10, 'no img', '0000-00-00 00:00:00'),
(237, 'Check guests into a hotel', 10, 'no img', '0000-00-00 00:00:00'),
(238, 'Teach reading to adults', 6, 'no img', '0000-00-00 00:00:00'),
(239, 'Follow step by step instructions', 3, 'no img', '0000-00-00 00:00:00'),
(240, 'Work at a collection agency', 7, 'no img', '0000-00-00 00:00:00'),
(241, 'Deliver babies', 9, 'no img', '0000-00-00 00:00:00'),
(242, 'Persuade people to buy', 16, 'no img', '0000-00-00 00:00:00'),
(243, 'Inspect cargo containers', 18, 'no img', '0000-00-00 00:00:00'),
(244, 'Work in a cannery', 15, 'no img', '0000-00-00 00:00:00'),
(245, 'Coach a school sports team', 10, 'no img', '0000-00-00 00:00:00'),
(246, 'Set up a website', 12, 'no img', '0000-00-00 00:00:00'),
(247, 'Hunt', 2, 'no img', '0000-00-00 00:00:00'),
(248, 'Enlist in a branch of the service', 8, 'no img', '0000-00-00 00:00:00'),
(249, 'Sell sporting goods', 16, 'no img', '0000-00-00 00:00:00'),
(250, 'Cut and style hair', 11, 'no img', '0000-00-00 00:00:00'),
(251, 'Conduct experiments to find new metals', 17, 'no img', '0000-00-00 00:00:00'),
(252, 'Be a bank teller', 7, 'no img', '0000-00-00 00:00:00'),
(253, 'Work with computer programs', 5, 'no img', '0000-00-00 00:00:00'),
(254, 'Loan Money', 7, 'no img', '0000-00-00 00:00:00'),
(255, 'Hang wallpaper', 3, 'no img', '0000-00-00 00:00:00'),
(256, 'Make an arrest', 13, 'no img', '0000-00-00 00:00:00'),
(257, 'Stock shelves', 16, 'no img', '0000-00-00 00:00:00'),
(258, 'Serve drinks at a concession stand', 10, 'no img', '0000-00-00 00:00:00'),
(259, 'Test Activity 1', 1, 'noimg', '2014-04-12 10:35:41'),
(260, 'Test Activity 2', 1, 'noimg', '2014-04-12 10:35:41'),
(261, 'Test Activity 3', 2, 'noimg', '2014-04-12 10:36:11'),
(262, 'Test Activity 4', 2, 'noimg', '2014-04-12 10:36:11'),
(263, 'Help someone find a work', 10, 'noimg', '2014-04-13 17:35:23'),
(264, 'Study the causes of earthquakes', 15, 'noimg', '2014-04-13 17:35:23'),
(265, 'Act in television and movies', 3, 'noimg', '2014-04-13 17:35:23'),
(266, 'Write a computer program', 11, 'noimg', '2014-04-13 17:35:23'),
(267, 'Keep records for a company', 4, 'noimg', '2014-04-13 17:35:23'),
(268, 'Check quality of goods', 13, 'noimg', '2014-04-13 17:35:23'),
(269, 'Build a wheel chair', 13, 'noimg', '2014-04-15 12:24:20'),
(270, 'Design a website', 11, 'noimg', '2014-04-13 17:35:24'),
(271, 'Design electrical layout of a building', 13, 'noimg', '2014-04-15 12:28:43'),
(272, 'Manage an information system', 11, 'noimg', '2014-04-13 17:35:24'),
(273, 'Develop company policies', 4, 'noimg', '2014-04-13 17:35:24'),
(274, 'Make three-dimentional items', 13, 'noimg', '2014-04-13 17:35:24'),
(275, 'Remodel old houses', 2, 'noimg', '2014-04-13 17:35:24'),
(276, 'Write for a newspaper', 3, 'noimg', '2014-04-13 17:35:24'),
(277, 'Care for young children', 5, 'noimg', '2014-04-13 17:35:25'),
(278, 'Figure out why someone is sick', 15, 'noimg', '2014-04-13 17:35:25'),
(279, 'Work in a nursing home', 10, 'noimg', '2014-04-13 17:35:25'),
(280, 'Sell cars', 14, 'noimg', '2014-04-13 17:35:25'),
(281, 'Be a news show anchor', 3, 'noimg', '2014-04-13 17:35:25'),
(282, 'Hire new staff', 4, 'noimg', '2014-04-13 17:35:25'),
(283, 'Provide technical support to users', 11, 'noimg', '2014-04-14 16:18:25'),
(284, 'Sort and date dinosaur bones', 15, 'noimg', '2014-04-13 17:35:25'),
(285, 'Sing in a concert', 3, 'noimg', '2014-04-13 17:35:26'),
(286, 'Collect rocks', 15, 'noimg', '2014-04-13 17:35:26'),
(287, 'Work on solving technical problems', 11, 'noimg', '2014-04-13 17:35:26'),
(288, 'Operate heavy equipment', 13, 'noimg', '2014-04-13 17:35:26'),
(289, 'Study why people do the things they do', 15, 'noimg', '2014-04-13 17:35:26'),
(290, 'Read blueprints', 2, 'noimg', '2014-04-15 12:08:48'),
(291, 'Teach dancing', 3, 'noimg', '2014-04-13 17:35:26'),
(292, 'Study soil conditions', 15, 'noimg', '2014-04-13 17:35:26'),
(293, 'Check question papers', 5, 'noimg', '2014-04-13 17:35:26'),
(294, 'Play the stock market', 6, 'noimg', '2014-04-13 17:35:27'),
(295, 'Study weather conditions', 15, 'noimg', '2014-04-15 12:08:48'),
(296, 'Line up concerts for a band', 14, 'noimg', '2014-04-13 17:35:27'),
(297, 'Paint a portrait', 3, 'noimg', '2014-04-13 17:35:27'),
(298, 'Manage a factory', 13, 'noimg', '2014-04-13 17:35:27'),
(299, 'Build a brand', 9, 'noimg', '2014-04-15 13:06:46'),
(300, 'Work with a microscope', 15, 'noimg', '2014-04-13 17:35:27'),
(301, 'Be an instructor at a school', 8, 'noimg', '2014-04-15 13:06:46'),
(302, 'Advertise goods and services', 14, 'noimg', '2014-04-13 17:35:27'),
(303, 'Work at a collection agency', 6, 'noimg', '2014-04-13 17:35:27'),
(304, 'Persuade people to buy', 14, 'noimg', '2014-04-13 17:35:28'),
(305, 'Loan Money to people', 6, 'noimg', '2014-04-13 17:35:28'),
(306, 'Sell sporting goods', 14, 'noimg', '2014-04-13 17:35:28'),
(307, 'Work in an office', 4, 'noimg', '2014-04-13 17:35:28'),
(308, 'Answer customer questions', 14, 'noimg', '2014-04-13 17:35:28'),
(309, 'Design a freeway', 2, 'noimg', '2014-04-13 17:35:28'),
(310, 'Make question papers for exam', 5, 'noimg', '2014-04-13 17:35:28'),
(311, 'Run a factory machine', 13, 'noimg', '2014-04-13 17:35:28'),
(312, 'Design sprinkler systems for new building', 15, 'noimg', '2014-04-13 17:35:28'),
(313, 'Design a poster', 3, 'noimg', '2014-04-13 17:35:28'),
(314, 'Assemble parts of machine', 13, 'noimg', '2014-04-13 17:35:28'),
(315, 'Build kitchen cabinets', 2, 'noimg', '2014-04-13 17:35:28'),
(316, 'Refinance a mortgage/loan', 6, 'noimg', '2014-04-13 17:35:29'),
(317, 'Draft a blueprint', 2, 'noimg', '2014-04-13 17:35:29'),
(318, 'Start own business', 4, 'noimg', '2014-04-13 17:35:29'),
(319, 'Design an airplane', 2, 'noimg', '2014-04-13 17:35:29'),
(320, 'Assess student progress', 5, 'noimg', '2014-04-13 17:35:29'),
(321, 'Play a musical instrument', 3, 'noimg', '2014-04-13 17:35:29'),
(322, 'Plan activities for adult day care', 10, 'noimg', '2014-04-13 17:35:29'),
(323, 'Help a friend with a personal problem', 10, 'noimg', '2014-04-13 17:35:29'),
(324, 'Fix controls on a control panel', 13, 'noimg', '2014-04-13 17:35:29'),
(325, 'Order building supplies', 2, 'noimg', '2014-04-13 17:35:30'),
(326, 'Paint motors', 13, 'noimg', '2014-04-13 17:35:30'),
(327, 'Develop new computer games', 11, 'noimg', '2014-04-13 17:35:30'),
(328, 'Buy merchandise for a store', 14, 'noimg', '2014-04-13 17:35:30'),
(329, 'Develop learning games', 5, 'noimg', '2014-04-13 17:35:30'),
(330, 'Balance accounts', 6, 'noimg', '2014-04-13 17:35:30'),
(331, 'Read to sick people', 10, 'noimg', '2014-04-13 17:35:30'),
(332, 'Do digital marketing', 14, 'noimg', '2014-04-13 17:35:30'),
(333, 'Be a bank teller', 6, 'noimg', '2014-04-13 17:35:30'),
(334, 'Conduct experiments to find new metals', 15, 'noimg', '2014-04-13 17:35:30'),
(335, 'Design a drawing hall', 2, 'noimg', '2014-04-13 17:35:30'),
(336, 'Use Excel & other tools', 4, 'noimg', '2014-04-13 17:35:30'),
(337, 'Design Syllabus of students', 5, 'noimg', '2014-04-13 17:35:31'),
(338, 'Manage Data', 11, 'noimg', '2014-04-13 17:35:31'),
(339, 'Teach Students', 5, 'noimg', '2014-04-15 12:24:20'),
(340, 'Use Fourier Transform', 15, 'noimg', '2014-04-13 17:35:31'),
(341, 'Edit videos & movies', 3, 'noimg', '2014-04-13 17:35:31'),
(342, 'Monitor share markets', 4, 'noimg', '2014-04-13 17:35:31'),
(343, 'Manage cost statement of a company', 6, 'noimg', '2014-04-13 17:35:31'),
(344, 'Take care of children', 10, 'noimg', '2014-04-15 12:28:43'),
(345, 'Profit & Loss statements', 6, 'noimg', '2014-04-13 17:35:32'),
(346, 'Work for an NGO', 10, 'noimg', '2014-04-13 17:35:32'),
(347, 'Lead a team', 4, 'noimg', '2014-04-13 17:35:32'),
(348, 'Learn Programming Languages', 11, 'noimg', '2014-04-13 17:35:32'),
(349, 'Repair computers', 11, 'noimg', '2014-04-13 17:35:32'),
(350, 'Find new ways to reach customers', 14, 'noimg', '2014-04-13 17:35:32');

-- --------------------------------------------------------

--
-- Table structure for table `attitude_interests_areas`
--

CREATE TABLE IF NOT EXISTS `attitude_interests_areas` (
  `id` int(11) NOT NULL AUTO_INCREMENT,
  `area_letter` varchar(10) NOT NULL,
  `description` text NOT NULL,
  `career_cluster_id` int(11) NOT NULL,
  `lastupdated` timestamp NOT NULL DEFAULT CURRENT_TIMESTAMP ON UPDATE CURRENT_TIMESTAMP,
  PRIMARY KEY (`id`)
) ENGINE=InnoDB  DEFAULT CHARSET=latin1 AUTO_INCREMENT=19 ;

--
-- Dumping data for table `attitude_interests_areas`
--

INSERT INTO `attitude_interests_areas` (`id`, `area_letter`, `description`, `career_cluster_id`, `lastupdated`) VALUES
(1, 'C', 'Plants: Interest in activities involving plants\nusually in an outdoor setting.', 1, '0000-00-00 00:00:00'),
(2, 'Q', 'Animals: Interest in activities involving the\ntraining, raising, feeding, and caring for animals.', 1, '0000-00-00 00:00:00'),
(3, 'L', 'Designing and Building: Interest in designing,\nplanning, managing, building, and maintaining\nphysical structures.', 2, '0000-00-00 00:00:00'),
(4, 'A', 'Artistic: Interest in creative or performing arts,\ncommunication or A/V technology', 3, '0000-00-00 00:00:00'),
(5, 'G', 'Business Detail: Interest in organizing, directing\nand evaluating business functions', 4, '0000-00-00 00:00:00'),
(6, 'M', 'Teaching: Interest in planning, managing, and providing\neducation and training services, including support\nservices, library and information services', 5, '0000-00-00 00:00:00'),
(7, 'N', 'Banking, Investments, and Insurance:\nInterest in financial and investment planning & management\nand providing banking and insurance services.', 6, '0000-00-00 00:00:00'),
(8, 'K', 'Administration: Interest in performing government\nfunctions at the local, state or federal levels', 7, '0000-00-00 00:00:00'),
(9, 'O', 'Care and Prevention: Interest in the providing help to\nothers by providing diagnostic, therapeutic, informational and environmental\nservices, including researching and developing new health care services.', 8, '0000-00-00 00:00:00'),
(10, 'I', 'Interest in providing services to others in travel planning,\nhospitality services in hotels, restaurants, and recreation services', 9, '0000-00-00 00:00:00'),
(11, 'J', 'Interest in helping others with their\nmental, spiritual, social, physical, or career needs.', 10, '0000-00-00 00:00:00'),
(12, 'P', 'Interest in the design, development, support and\nmanagement of hardware, software, multimedia, systems\nintegration services, and technical support', 11, '0000-00-00 00:00:00'),
(13, 'D', 'Interest in judicial, legal and protective services\nfor people and property.', 12, '0000-00-00 00:00:00'),
(14, 'E', 'Mechanical: Interest in applying mechanical\nprinciples to practical situations using machines,\nhand tools, or techniques.', 13, '0000-00-00 00:00:00'),
(15, 'F', 'Industrial: Interest in repetitive, organized\nactivities in a factory/ industrial setting.', 13, '0000-00-00 00:00:00'),
(16, 'H', 'Interest in bringing others to a point of view through\npersonal persuasion, using sales/ promotional techniques.', 14, '0000-00-00 00:00:00'),
(17, 'B', 'Interest in discovering, collecting, and analyzing information\nand applying findings to problems in science, math and\nengineering', 15, '0000-00-00 00:00:00'),
(18, 'R', 'Interest in the movement of people, materials, and goods\nby road, pipeline, air, railroad and water', 16, '0000-00-00 00:00:00');

-- --------------------------------------------------------

--
-- Table structure for table `attitude_interests_clusters`
--

CREATE TABLE IF NOT EXISTS `attitude_interests_clusters` (
  `id` int(11) NOT NULL AUTO_INCREMENT,
  `cluster_name` varchar(200) NOT NULL,
  `active` int(10) NOT NULL DEFAULT '0' COMMENT '0->Inactive; 1->Active',
  `description` text NOT NULL,
  `lastupdated` timestamp NOT NULL DEFAULT CURRENT_TIMESTAMP ON UPDATE CURRENT_TIMESTAMP,
  PRIMARY KEY (`id`)
) ENGINE=InnoDB  DEFAULT CHARSET=latin1 AUTO_INCREMENT=17 ;

--
-- Dumping data for table `attitude_interests_clusters`
--

INSERT INTO `attitude_interests_clusters` (`id`, `cluster_name`, `active`, `description`, `lastupdated`) VALUES
(1, 'Agriculture, Food & Natural Resources', 0, 'The production, processing, marketing, distribution, financing, and development of agricultural commodities and resources including food, fiber, wood products, natural resources, horticulture, and other plant and animal products/resources.\r\n', '0000-00-00 00:00:00'),
(2, 'Architecture & Construction', 1, 'Careers in designing, planning,\nmanaging, building and\nmaintaining the built\nenvironment.', '2014-04-13 07:43:24'),
(3, 'Arts, Audio-Video Technology & Communications', 1, 'Designing, producing, exhibiting,\nperforming, writing, and\npublishing multimedia content\nincluding visual and performing\narts and design, journalism, and\nentertainment services.', '2014-04-13 07:44:09'),
(4, 'Business, Management & Administration', 1, 'Careers in planning, organizing,\ndirecting and evaluating business\nfunctions essential to efficient and\nproductive business operations.', '2014-04-13 07:44:09'),
(5, 'Education & Training', 1, 'Planning, managing and\nproviding education and training\nservices, and related learning\nsupport services such as\nadministration, teaching/training,\nadministrative support, and\nprofessional support services.', '2014-04-13 07:44:09'),
(6, 'Finance', 1, 'Planning and related services for\nfinancial and investment planning,\nbanking, insurance, and\nbusiness financial management.', '2014-04-13 07:44:09'),
(7, 'Government & Public Administration', 0, 'Planning and executing government\nfunctions at the local, state\nand federal levels, including\ngovernance, national security,\nforeign service, planning, revenue and taxation, and regulations.', '2014-04-13 07:50:00'),
(8, 'Health Science', 0, 'Planning, managing and\nproviding therapeutic services,\ndiagnostic services, health\ninformatics, support services,\nand biotechnology research and\ndevelopment.', '2014-04-13 07:50:26'),
(9, 'Hospitality & Tourism', 0, 'Preparing individuals for employment in career pathways that relate to families and human needs such as restaurant and food/beverage services, lodging, travel and tourism, recreation, amusement and attractions. - See more at: http://www.careertech.org/career-clusters/glance/careerclusters.html#sthash.e86C5cB6.dpuf', '2014-04-13 07:51:37'),
(10, 'Human Services', 1, 'Preparing individuals for career\npathways that relate to families\nand human needs such as\ncounseling and mental health\nservices, family and community\nservices, personal care, and\nconsumer services.', '2014-04-13 07:44:09'),
(11, 'Information Technology', 1, 'Building linkages in IT occupations\nfor entry level, technical,\nand professional careers related\nto the design, development, support\nand management of hardware,\nsoftware, multimedia and\nsystems integration services.', '2014-04-13 07:44:09'),
(12, 'Law, Public Safety & Security', 0, 'Planning, managing, and providing\nlegal, public safety, protective\nservices and homeland security,\nincluding professional and technical\nsupport services.', '2014-04-13 07:44:57'),
(13, 'Manufacturing', 1, 'Planning, managing and performing\nthe processing of materials into\nintermediate or final products and\nrelated professional and technical\nsupport activities such as production\nplanning and control, maintenance\nand manufacturing/process\nengineering.', '2014-04-13 07:44:36'),
(14, 'Marketing, Sales & Service', 1, 'Planning, managing, and performing\nmarketing activities to reach organizational\nobjectives such as brand\nmanagement, professional sales,\nmerchandising, marketing communications\nand market research.', '2014-04-13 07:44:36'),
(15, 'Science, Technology, Engineering & Mathematics', 1, 'Planning, managing, and providing\nscientific research and professional\nand technical services (e.g., physical\nscience, social science, engineering)\nincluding laboratory and testing\nservices, and research and\ndevelopment services.', '2014-04-13 07:44:36'),
(16, 'Transportation, Distribution & Logistics', 0, 'The planning, management, and\nmovement of people, materials, and\ngoods by road, pipeline, air, rail and\nwater and related professional and\ntechnical support services such as\ninfrastructure planning, logistics,\nmobile equipment and facilities.', '2014-04-13 07:53:00');

-- --------------------------------------------------------

--
-- Table structure for table `attitude_interests_occupations`
--

CREATE TABLE IF NOT EXISTS `attitude_interests_occupations` (
  `id` int(11) NOT NULL AUTO_INCREMENT,
  `career_cluster_id` int(11) NOT NULL,
  `occupation` varchar(150) NOT NULL,
  `lastupdated` timestamp NOT NULL DEFAULT CURRENT_TIMESTAMP ON UPDATE CURRENT_TIMESTAMP,
  PRIMARY KEY (`id`)
) ENGINE=InnoDB  DEFAULT CHARSET=latin1 AUTO_INCREMENT=152 ;

--
-- Dumping data for table `attitude_interests_occupations`
--

INSERT INTO `attitude_interests_occupations` (`id`, `career_cluster_id`, `occupation`, `lastupdated`) VALUES
(1, 3, 'Actor', '0000-00-00 00:00:00'),
(2, 3, 'Animator/Illustrator', '0000-00-00 00:00:00'),
(3, 3, 'Audio/Video Editor', '0000-00-00 00:00:00'),
(4, 3, 'Audio-Video Designer and Engineer', '0000-00-00 00:00:00'),
(5, 3, 'Broadcast Technician', '0000-00-00 00:00:00'),
(6, 3, 'Camera Operator', '0000-00-00 00:00:00'),
(7, 3, 'Commercial Artist', '0000-00-00 00:00:00'),
(8, 3, 'Computer Animator', '0000-00-00 00:00:00'),
(9, 3, 'Curator/Gallery Manager ', '0000-00-00 00:00:00'),
(10, 3, 'Desktop Publishing Specialist', '0000-00-00 00:00:00'),
(11, 3, 'Director and Coach', '0000-00-00 00:00:00'),
(12, 3, 'Fashion Designer', '0000-00-00 00:00:00'),
(13, 3, 'Graphic Designer', '0000-00-00 00:00:00'),
(14, 3, 'Illustrator/Cartoonist', '0000-00-00 00:00:00'),
(15, 3, 'Journalist', '0000-00-00 00:00:00'),
(16, 3, 'Lithographer', '0000-00-00 00:00:00'),
(17, 3, 'Musician', '0000-00-00 00:00:00'),
(18, 3, 'Photographer', '0000-00-00 00:00:00'),
(19, 3, 'Photographic Lab Technician', '0000-00-00 00:00:00'),
(20, 3, 'Printing Equipment Operator', '0000-00-00 00:00:00'),
(21, 3, 'Producer Director', '0000-00-00 00:00:00'),
(22, 3, 'Radio/TV Host', '0000-00-00 00:00:00'),
(23, 3, 'Telecommunication Technician', '0000-00-00 00:00:00'),
(24, 3, 'Videographer', '0000-00-00 00:00:00'),
(25, 3, 'Web Page Designer/Developer', '0000-00-00 00:00:00'),
(26, 4, 'Administrative Assistant', '0000-00-00 00:00:00'),
(27, 4, 'Advertising Sales Person', '0000-00-00 00:00:00'),
(28, 4, 'Auditor', '0000-00-00 00:00:00'),
(29, 4, 'Business Consultant', '0000-00-00 00:00:00'),
(30, 4, 'Certified Public Accountant', '0000-00-00 00:00:00'),
(31, 4, 'Computer Support Specialist', '0000-00-00 00:00:00'),
(32, 4, 'Corporate Trainer', '0000-00-00 00:00:00'),
(33, 4, 'E-Commerce Analyst', '0000-00-00 00:00:00'),
(34, 4, 'Entrepreneur', '0000-00-00 00:00:00'),
(35, 4, 'Facilities Manager', '0000-00-00 00:00:00'),
(36, 4, 'Finance Director', '0000-00-00 00:00:00'),
(37, 4, 'General Accounting Clerk', '0000-00-00 00:00:00'),
(38, 4, 'Human Resources Manager', '0000-00-00 00:00:00'),
(39, 4, 'Investement Executive', '0000-00-00 00:00:00'),
(40, 4, 'Legal or Medical Secretary', '0000-00-00 00:00:00'),
(41, 4, 'Manager/Supervisor', '0000-00-00 00:00:00'),
(42, 4, 'Marketing Analyst', '0000-00-00 00:00:00'),
(43, 4, 'Medical Transcriptionist', '0000-00-00 00:00:00'),
(44, 4, 'Office Manager', '0000-00-00 00:00:00'),
(45, 4, 'OSHA/ADA Compliance Officer', '0000-00-00 00:00:00'),
(46, 4, 'Payroll Clerk', '0000-00-00 00:00:00'),
(47, 4, 'Personnel Recruiter', '0000-00-00 00:00:00'),
(48, 4, 'Public Relations Manager', '0000-00-00 00:00:00'),
(49, 4, 'Sales Representative', '0000-00-00 00:00:00'),
(50, 4, 'Small Business Manager/Owner', '0000-00-00 00:00:00'),
(51, 4, 'Wholesale and Retail Buyer', '0000-00-00 00:00:00'),
(52, 11, 'Animator', '0000-00-00 00:00:00'),
(53, 11, 'Computer Game Designer', '0000-00-00 00:00:00'),
(54, 11, 'Computer Programmer/Analyst', '0000-00-00 00:00:00'),
(55, 11, 'Data Systems Designer', '0000-00-00 00:00:00'),
(56, 11, 'Database Administrator', '0000-00-00 00:00:00'),
(57, 11, 'Desktop Publishing Specialist', '0000-00-00 00:00:00'),
(58, 11, 'E-Business Specialist', '0000-00-00 00:00:00'),
(59, 11, 'Game Developer', '0000-00-00 00:00:00'),
(60, 11, 'Information Technology Engineer', '0000-00-00 00:00:00'),
(61, 11, 'Media Specialist', '0000-00-00 00:00:00'),
(62, 11, 'Network Administrator', '0000-00-00 00:00:00'),
(63, 11, 'Network Security Analyst', '0000-00-00 00:00:00'),
(64, 11, 'PC Support Specialist', '0000-00-00 00:00:00'),
(65, 11, 'Programmer', '0000-00-00 00:00:00'),
(66, 11, 'Software Applications Specialist', '0000-00-00 00:00:00'),
(67, 11, 'Systems Administrator', '0000-00-00 00:00:00'),
(68, 11, 'Telecommunications Network Technician', '0000-00-00 00:00:00'),
(69, 11, 'User Support Specialist', '0000-00-00 00:00:00'),
(70, 11, 'Virtual Reality Specialist', '0000-00-00 00:00:00'),
(71, 11, 'Web Architect/Designer', '0000-00-00 00:00:00'),
(72, 11, 'Web Developer', '0000-00-00 00:00:00'),
(73, 13, 'Assembler', '0000-00-00 00:00:00'),
(74, 13, 'Boilermaker', '0000-00-00 00:00:00'),
(75, 13, 'Design Engineer', '0000-00-00 00:00:00'),
(76, 13, 'Electronics Inspector', '0000-00-00 00:00:00'),
(77, 13, 'Electronics Technician', '0000-00-00 00:00:00'),
(78, 13, 'Entry-Level Manufacturing Worker', '0000-00-00 00:00:00'),
(79, 13, 'Environmental Engineer', '0000-00-00 00:00:00'),
(80, 13, 'Foundry Worker', '0000-00-00 00:00:00'),
(81, 13, 'Freight, Stock and Material Mover', '0000-00-00 00:00:00'),
(82, 13, 'Health and Safety Representative', '0000-00-00 00:00:00'),
(83, 13, 'Industrial Machinery Mechanic', '0000-00-00 00:00:00'),
(84, 13, 'Inspector', '0000-00-00 00:00:00'),
(85, 13, 'Labor Relations Manager', '0000-00-00 00:00:00'),
(86, 13, 'Logistician', '0000-00-00 00:00:00'),
(87, 13, 'Manufacturing Technician', '0000-00-00 00:00:00'),
(88, 13, 'Mechanical Drafter', '0000-00-00 00:00:00'),
(89, 13, 'Model Maker', '0000-00-00 00:00:00'),
(90, 13, 'Pattern and Model Maker', '0000-00-00 00:00:00'),
(91, 13, 'Photovoltaic/Solar Thermal/Small Wind\nSystem Estimator', '0000-00-00 00:00:00'),
(92, 13, 'Product Drafter', '0000-00-00 00:00:00'),
(93, 13, 'Production Manager', '0000-00-00 00:00:00'),
(94, 13, 'Production Welder', '0000-00-00 00:00:00'),
(95, 13, 'Quality Control Technician', '0000-00-00 00:00:00'),
(96, 13, 'Research and Development Technician', '0000-00-00 00:00:00'),
(97, 13, 'Safety Engineer', '0000-00-00 00:00:00'),
(98, 13, 'SPC Coordinator', '0000-00-00 00:00:00'),
(99, 13, 'Tool and Diemaker', '0000-00-00 00:00:00'),
(100, 13, 'Traffic Manager', '0000-00-00 00:00:00'),
(101, 13, 'Welder', '0000-00-00 00:00:00'),
(102, 14, 'Copywriter/Designer', '0000-00-00 00:00:00'),
(103, 14, 'Customer Service Representative', '0000-00-00 00:00:00'),
(104, 14, 'E-Commerce Director', '0000-00-00 00:00:00'),
(105, 14, 'Entrepreneur', '0000-00-00 00:00:00'),
(106, 14, 'Field Marketing Representative', '0000-00-00 00:00:00'),
(107, 14, 'Forecasting Manager', '0000-00-00 00:00:00'),
(108, 14, 'Interactive Media Specialist', '0000-00-00 00:00:00'),
(109, 14, 'Inventory Manager/Analyst', '0000-00-00 00:00:00'),
(110, 14, 'Logistics Manager', '0000-00-00 00:00:00'),
(111, 14, 'Marketing Manager', '0000-00-00 00:00:00'),
(112, 14, 'Marketing Representative', '0000-00-00 00:00:00'),
(113, 14, 'Merchandise Buyer', '0000-00-00 00:00:00'),
(114, 14, 'On-line Market Researcher', '0000-00-00 00:00:00'),
(115, 14, 'Promotions Manager', '0000-00-00 00:00:00'),
(116, 14, 'Public Relations Manager', '0000-00-00 00:00:00'),
(117, 14, 'Real Estate Broker', '0000-00-00 00:00:00'),
(118, 14, 'Real Estate Managing Broker', '0000-00-00 00:00:00'),
(119, 14, 'Retail Marketing Coordinator', '0000-00-00 00:00:00'),
(120, 14, 'Sales Executive', '0000-00-00 00:00:00'),
(121, 14, 'Salesperson', '0000-00-00 00:00:00'),
(122, 14, 'Shipping/Receiving Clerk', '0000-00-00 00:00:00'),
(123, 14, 'Telemarketer', '0000-00-00 00:00:00'),
(124, 14, 'Trade Show Manager', '0000-00-00 00:00:00'),
(125, 14, 'Warehouse Manager', '0000-00-00 00:00:00'),
(126, 14, 'Webmaster', '0000-00-00 00:00:00'),
(127, 15, 'Aerospace Engineer', '0000-00-00 00:00:00'),
(128, 15, 'Agricultural Engineer', '0000-00-00 00:00:00'),
(129, 15, 'Analytical Chemist', '0000-00-00 00:00:00'),
(130, 15, 'Anthropologist', '0000-00-00 00:00:00'),
(131, 15, 'Architectural Engineer', '0000-00-00 00:00:00'),
(132, 15, 'Astrophysicist', '0000-00-00 00:00:00'),
(133, 15, 'Biology Lab Assistant/Technician', '0000-00-00 00:00:00'),
(134, 15, 'Biomedical Engineer', '0000-00-00 00:00:00'),
(135, 15, 'CAD Technician', '0000-00-00 00:00:00'),
(136, 15, 'Chemical Lab Assistant/Technician', '0000-00-00 00:00:00'),
(137, 15, 'Civil Engineer', '0000-00-00 00:00:00'),
(138, 15, 'Computer Programmer', '0000-00-00 00:00:00'),
(139, 15, 'Ecologist', '0000-00-00 00:00:00'),
(140, 15, 'Geologist', '0000-00-00 00:00:00'),
(141, 15, 'Geothermal Engineer', '0000-00-00 00:00:00'),
(142, 15, 'GIS(Geographic Information Systems) Technician', '0000-00-00 00:00:00'),
(143, 15, 'Mapmaker', '0000-00-00 00:00:00'),
(144, 15, 'Math Teacher', '0000-00-00 00:00:00'),
(145, 15, 'Mathematician', '0000-00-00 00:00:00'),
(146, 15, 'Metallurgist', '0000-00-00 00:00:00'),
(147, 15, 'Process Control Technician', '0000-00-00 00:00:00'),
(148, 15, 'Quality Control Technician', '0000-00-00 00:00:00'),
(149, 15, 'Statistician', '0000-00-00 00:00:00'),
(150, 15, 'Surveying Technician', '0000-00-00 00:00:00'),
(151, 15, 'Zoologist', '0000-00-00 00:00:00');

-- --------------------------------------------------------

--
-- Table structure for table `college_course`
--

CREATE TABLE IF NOT EXISTS `college_course` (
  `id` int(11) NOT NULL AUTO_INCREMENT,
  `cource` varchar(100) NOT NULL,
  `lastupdated` timestamp NOT NULL DEFAULT CURRENT_TIMESTAMP ON UPDATE CURRENT_TIMESTAMP,
  PRIMARY KEY (`id`)
) ENGINE=InnoDB  DEFAULT CHARSET=latin1 AUTO_INCREMENT=16 ;

--
-- Dumping data for table `college_course`
--

INSERT INTO `college_course` (`id`, `cource`, `lastupdated`) VALUES
(1, 'Other', '0000-00-00 00:00:00'),
(2, 'Information Technology', '0000-00-00 00:00:00'),
(3, 'Computer Science/Engineering', '0000-00-00 00:00:00'),
(4, 'Electrical Technology', '0000-00-00 00:00:00'),
(5, 'Civil Engineering', '0000-00-00 00:00:00'),
(6, 'Instrument & Control Engineering', '0000-00-00 00:00:00'),
(7, 'Chemical Engineering', '0000-00-00 00:00:00'),
(8, 'Mechanical Engineering', '0000-00-00 00:00:00'),
(9, 'B. Comm', '0000-00-00 00:00:00'),
(10, 'M. Comm', '0000-00-00 00:00:00'),
(11, 'B. Sci.', '0000-00-00 00:00:00'),
(12, 'M. Sci.', '0000-00-00 00:00:00'),
(13, 'MBA', '0000-00-00 00:00:00'),
(14, 'BCA', '0000-00-00 00:00:00'),
(15, 'MCA', '0000-00-00 00:00:00');

-- --------------------------------------------------------

--
-- Table structure for table `college_master`
--

CREATE TABLE IF NOT EXISTS `college_master` (
  `id` int(11) NOT NULL AUTO_INCREMENT,
  `name` varchar(200) NOT NULL,
  `addressline1` varchar(100) NOT NULL,
  `addressline2` varchar(100) NOT NULL,
  `city_id` int(11) NOT NULL,
  `zip_id` int(11) NOT NULL,
  `lastupdated` timestamp NOT NULL DEFAULT CURRENT_TIMESTAMP ON UPDATE CURRENT_TIMESTAMP,
  PRIMARY KEY (`id`)
) ENGINE=InnoDB  DEFAULT CHARSET=latin1 AUTO_INCREMENT=5 ;

--
-- Dumping data for table `college_master`
--

INSERT INTO `college_master` (`id`, `name`, `addressline1`, `addressline2`, `city_id`, `zip_id`, `lastupdated`) VALUES
(1, 'Other', '', '', 1, 1, '0000-00-00 00:00:00'),
(2, 'L. D. College of Engineering', '', '', 1, 1, '0000-00-00 00:00:00'),
(3, 'Nirma Institute Of Technology', 'Sarkhej-Gandhinagar Highway,', 'Post Chandlodia, Gota, ', 1, 2, '2014-04-14 15:03:56'),
(4, 'St. Xavier''s College Ahmedabad', 'Gulbai Tekra', '', 1, 1, '2014-04-14 15:02:23');

-- --------------------------------------------------------

--
-- Table structure for table `contactus`
--

CREATE TABLE IF NOT EXISTS `contactus` (
  `id` int(11) NOT NULL AUTO_INCREMENT,
  `name` varchar(200) NOT NULL,
  `email` varchar(200) NOT NULL,
  `cell` varchar(50) NOT NULL,
  `message` text NOT NULL,
  `lastupdated` timestamp NOT NULL DEFAULT CURRENT_TIMESTAMP ON UPDATE CURRENT_TIMESTAMP,
  PRIMARY KEY (`id`)
) ENGINE=InnoDB  DEFAULT CHARSET=latin1 AUTO_INCREMENT=28 ;

--
-- Dumping data for table `contactus`
--

INSERT INTO `contactus` (`id`, `name`, `email`, `cell`, `message`, `lastupdated`) VALUES
(1, 'Deep', 'deeppatelj@asas.com', '9879823914', 'asdasd', '0000-00-00 00:00:00'),
(2, 'Deep', 'deeppatelj@asas.com', '9879823914', 'asdasd', '0000-00-00 00:00:00'),
(3, 'prajwal', 'prajwalprvce@gmail.com', '9535395934', 'we rock', '0000-00-00 00:00:00'),
(4, 'Shreyansh', 'shreyansh1911@icloud.com', '7676217177', 'When can i book my time slot', '0000-00-00 00:00:00'),
(5, 'troll', 'troll@advak.in', 'troll', 'troll', '0000-00-00 00:00:00'),
(6, 'xcsd', 'asdf@asd.sad', 'sdfghs', ' xvx', '0000-00-00 00:00:00'),
(7, 'parth sagar', 'parthsagar2010@gmail.com', '825780846', 'Hi ,,i want a good internship of 1 month in electronics near my hometown.i.e Valsad ...pls help me i don''t wanna waste my vacation', '0000-00-00 00:00:00'),
(8, 'ravi prakash', '13mmed11@nirmauni.ac.in', '9033403429', 'mechanical design', '0000-00-00 00:00:00'),
(9, 'Aniruddh Singh', '11bee002@nirmauni.ac.in', '9409542723', 'I would like to get an internship offer from companies in Ahmedabad. My domain of studies is Electrical Engineering-3rd year.', '0000-00-00 00:00:00'),
(10, 'Neti', '13bbl022@nirmauni.ac.in', '9099923773', 'I am a 1st year Law student, pursuing my law degree from Nirma University. I am interested in enriching my knowledge and experience through internship, which in turn would help me in my field.\r\n\r\nPlease let me know the suitable internship for me. I am keen to undertake it and make the best out of it.', '0000-00-00 00:00:00'),
(11, 'Harshit Trivedi', '11bec091@nirmauni.ac.in', '9722961765', 'I am from Nirma University. I want internship.', '0000-00-00 00:00:00'),
(12, 'Yash Shah', 'shahy1995@gmail.com', '90-33-466289', 'Currently in B.Pharm 2nd Year, and interested in marketing, publicity', '0000-00-00 00:00:00'),
(13, 'Shaina Thakkar', 'shainathakkar101@gmail.com', '9726150533', 'Really looking forward to expanding my horizons here!', '0000-00-00 00:00:00'),
(14, 'Nikita Manwani ', 'nikita_manwani@hotmail.com', '9586237223', 'I would like to do internship over the summer break. So how do I start with the process? ', '0000-00-00 00:00:00'),
(15, 'pawan kumar singh', '13meee17@nirmauni.ac.in', '7778981803', 'I am doing Mtech in electrical power systems.my area of interest are panel designing, power system stability,harmonic analysis.', '0000-00-00 00:00:00'),
(16, 'Chaitanya', 'chaitanya.k.patel@hotmail.com', '9408494899', 'I really wish to gain experience before officially joining any company.', '0000-00-00 00:00:00'),
(17, 'Garima Kakani', '12bec158@nirmauni.ac.in', '+91-9879463500', 'I want to pursue intership in the field of PHP or Electrical. ', '0000-00-00 00:00:00'),
(18, 'Sahil', '10bce089@nirmauni.ac.in', '9033687692', 'Am a to be computer science engineer by June end and have 2 months on my hand and want to do some business internship to enhance my profile.', '0000-00-00 00:00:00'),
(19, 'asfk', 'lkjh@l.com', 'lkj', 'lkj\r\n', '0000-00-00 00:00:00'),
(20, 'Dharmendra Yadav', 'dyadav11@hotmail.com', '9725618484', 'i am last year student of b.tech electrical engineering from nirma university. \r\nmy interests are in electrical machines.', '0000-00-00 00:00:00'),
(21, 'Rahul', 'rpatel.1594@gmail.com', '9974321890', 'I am interested in doing an internship in PHP.', '0000-00-00 00:00:00'),
(22, 'Archana', 'patelarchana_3@yahoo.in', '9099404699', 'I currently doing M,Tech. in embedded system branch. I am searching for internship for my major project. I am willing to go anywhere in INDIA for internship but that should be giving me stipend as per my qualification.\r\n\r\nThanking you', '0000-00-00 00:00:00'),
(23, 'Ajay Zapadiya', 'ajay126zapadiya@gmail.com', '919898925686', 'I am currently in 8th sem of Electronics and Communication from L D College of Engineering.\r\nI want to do internship in "azoi". I am interested in Signal Processing and Embedded System. How can I do it?', '0000-00-00 00:00:00'),
(24, 'Yash Digeshkumar Patel', 'alphayash9@gmail.com', '7874888555', 'My areas of interest are as below\r\n1.Product design\r\n2.Marketing', '0000-00-00 00:00:00'),
(25, 'sagar', 'sag.patel1995@gmail.com', '9099557975', 'I''m  awesome.\r\n', '0000-00-00 00:00:00'),
(26, 'Divyank Tripathi', '12bee060@nirmauni.ac.in', '9453927560', 'I am pursuing electrical engg. from Nirma university. JUst cleared 2nd year. Please provide me guidance and assistance so that i can get an internship which is of some value to my future career prospects.', '0000-00-00 00:00:00'),
(27, 'asd', 'qqasdasd@asdasd.com', 'asdasd', 'asdas', '2014-05-17 18:01:37');

-- --------------------------------------------------------

--
-- Table structure for table `domain_mcqs`
--

CREATE TABLE IF NOT EXISTS `domain_mcqs` (
  `id` int(11) NOT NULL AUTO_INCREMENT,
  `question` text NOT NULL,
  `option1` varchar(500) NOT NULL,
  `option2` varchar(500) NOT NULL,
  `option3` varchar(500) NOT NULL,
  `option4` varchar(500) NOT NULL,
  `answer` int(11) NOT NULL,
  `lastupdated` timestamp NOT NULL DEFAULT CURRENT_TIMESTAMP ON UPDATE CURRENT_TIMESTAMP,
  PRIMARY KEY (`id`)
) ENGINE=InnoDB  DEFAULT CHARSET=latin1 AUTO_INCREMENT=94 ;

--
-- Dumping data for table `domain_mcqs`
--

INSERT INTO `domain_mcqs` (`id`, `question`, `option1`, `option2`, `option3`, `option4`, `answer`, `lastupdated`) VALUES
(23, 'An on-line commercial site such as Amazon.com is an example of', 'single-user database application', 'multiuser database application', 'e-commerce database application', 'data mining database application', 3, '0000-00-00 00:00:00'),
(24, 'The DBMS acts as an interface between what two components of an enterprise-class database system?', 'Database application and the database', 'Data and the database', 'The user and the database application', 'Database application and SQL', 1, '0000-00-00 00:00:00'),
(25, 'The following are functions of a DBMS except', 'creating and processing forms', 'creating databases', 'processing data', 'administrating databases', 1, '0000-00-00 00:00:00'),
(26, 'You have run an SQL statement that asked the DBMS to display data in a table named USER_TABLES. The results include columns of data labeled "TableName," "NumberOfColumns" and "PrimaryKey." You are looking at', 'metadata', 'user data.', 'A report', 'indexes', 1, '0000-00-00 00:00:00'),
(27, 'You can add a row using SQL in a database with which of the following?', 'ADD', 'INSERT', 'CREATE', 'MAKE', 2, '0000-00-00 00:00:00'),
(28, 'The SQL WHERE clause:', 'limits the column data that are returned.', 'limits the row data are returned.', 'Both A and B are correct.', 'Neither A nor B are correct.', 2, '0000-00-00 00:00:00'),
(29, 'SQL data definition commands make up', 'DDL', 'HTML', 'DML', 'XML', 1, '0000-00-00 00:00:00'),
(30, 'Which of the following is the correct order of keywords for SQL SELECT statements?', 'WHERE, FROM,SELECT', 'FROM, WHERE, SELECT', 'SELECT, FROM, WHERE', 'SELECT,WHERE,FROM', 1, '0000-00-00 00:00:00'),
(31, 'The result of a SQL SELECT statement is', 'report', 'file', 'form', 'table', 4, '0000-00-00 00:00:00'),
(32, 'Which of the following do you need to consider when you make a table in SQL?', 'Data types', 'Primary keys', 'Default values', 'All of the above.', 4, '0000-00-00 00:00:00'),
(33, 'PHP server scripts are surrounded by delimiters, which?', '&lt&&gt...&lt/&&gt', '&ltscript&gt...&lt/script&gt', '&lt?php ?&gt', '&lt?php&gt...&lt/?&gt', 3, '0000-00-00 00:00:00'),
(34, 'What is the correct way to end a PHP statement?', 'New line', '<b>;</b>', '<b>.</b>', '&lt/php&gt', 2, '0000-00-00 00:00:00'),
(35, 'How do you get information from a form that is submitted using the "get" method?', 'Request.Form;', '$_GET[];', 'Request.QueryString;', '$REQUEST[];', 2, '0000-00-00 00:00:00'),
(36, 'What is the correct way to include the file "time.inc" ?', '&lt?php include file="time.inc"; ?&gt', '&lt!-- include file="time.inc" --&gt', '&lt?php include "time.inc"; ?&gt', '&lt?php include:"time.inc"; ?&gt', 3, '0000-00-00 00:00:00'),
(37, 'What is the correct way to connect to a MySQL database?', 'mysqli_db(host,username,password,dbname);', 'mysqli_open(host,username,password,dbname);', 'mysqli_connect(host,username,password,dbname);', 'mysql_db(host,username,password,dbname);', 3, '0000-00-00 00:00:00'),
(38, 'What is the correct way to add 1 to the $count variable?', '$count++;', 'count++;', '$count =+1', '++count', 1, '0000-00-00 00:00:00'),
(39, 'Choose the correct HTML tag for the largest heading', '&lthead&gt', '&lth1&gt', '&lth6&gt', '&ltheading&gt', 2, '0000-00-00 00:00:00'),
(40, 'What is the correct HTML for creating a hyperlink?', '&lta&gthttp://www.w3schools.com&lt/a&gt', '&lta url="http://www.w3schools.com"&gtW3Schools.com&;t/a&gt', '&lta name="http://www.w3schools.com"&gtW3Schools.com&lt/a&gt', '&lt a href="http://www.w3schools.com"&gtW3Schools&lt/a&gt', 4, '0000-00-00 00:00:00'),
(41, 'In HTML5, onblur and onfocus are:', 'HTML elements', 'Style attributes', 'Event attributes', 'none', 3, '0000-00-00 00:00:00'),
(42, 'SQL is:', 'a programming language.', 'an operating system.', 'a data sublanguage.', 'a DBMS.', 3, '0000-00-00 00:00:00'),
(43, 'Inside which HTML element do we put the JavaScript?', '&ltjs&gt ', '&ltscript&gt ', '&ltjavascript&gt', '&ltscripting&gt', 2, '0000-00-00 00:00:00'),
(44, 'Which bank/s is following high pressure selling of their products?', 'ICICI Bank', 'State Bank of India and UCO Bank', 'Bank of Baroda', 'Bank of India', 1, '0000-00-00 00:00:00'),
(45, 'Which concept of market is based on customer welfare and satisfaction?', 'Social marketing concept', 'Production concept', 'Product concept', 'Marketing concept', 1, '0000-00-00 00:00:00'),
(46, 'Marketing concept earns profit with', 'customer satisfaction of bank', 'staff', 'product', 'building', 1, '0000-00-00 00:00:00'),
(47, 'Which is the base/rule of customer orientation?', 'Customer is the king of market', 'Staff is the king', 'Profit', 'Goal', 1, '0000-00-00 00:00:00'),
(48, 'Which is plastic money?', 'Credit card and debit card', 'Rupee', 'Dollar', 'Bank draft', 1, '0000-00-00 00:00:00'),
(49, 'Which is the modern means of quick response to customers problems?', 'Toll free phone', 'Consumer protection laws', 'Consumer court', 'None of these', 1, '0000-00-00 00:00:00'),
(50, 'CRM is helpful in', 'new product development and planning', 'risk creation', 'purchasing', 'system', 1, '0000-00-00 00:00:00'),
(51, 'The old concept of marketing comprises of', 'buying and selling', 'only buying', 'only selling', 'only price', 1, '0000-00-00 00:00:00'),
(52, 'Which is the customer and society-oriented concept of marketing?', 'Production concept of marketing', 'Societal marketing concept', 'Product concept', 'Marketing concept', 2, '0000-00-00 00:00:00'),
(53, 'Which is the pillar of marketing concept?', 'Financial planning and control', 'Customer orientation', 'Plant', 'Fixed cost', 2, '0000-00-00 00:00:00'),
(54, 'Which is not the pillar of marketing concept?', 'Integrated management with marketing fulcrum', 'Cost', 'Customer satisfaction', 'Welfare of customer', 2, '0000-00-00 00:00:00'),
(55, 'CRM stand for', 'Central Role Money', 'Customer Relationship Management', 'Customer Rate Money', 'All of these', 2, '0000-00-00 00:00:00'),
(56, 'Customerisation means', 'promotion', 'goods offer on various conditions', 'sales', 'relation', 2, '0000-00-00 00:00:00'),
(57, 'Individualisation is the process of', 'customer relationship management', 'customerisation', 'customer information', 'storage', 2, '0000-00-00 00:00:00'),
(58, 'Which is the part of selling concept?', 'Profit by sales', 'Production of present product', 'Sales/promotional efforts', 'All of these', 4, '0000-00-00 00:00:00'),
(59, 'Societal marketing concept involves', 'long run welfare of society', 'long run satisfaction of customer', 'research and development', 'all of these', 4, '0000-00-00 00:00:00'),
(60, 'Which is/are marketing activity/ies?', 'Product planning and pricing', 'Pricing', 'Transportation', 'All of these', 4, '0000-00-00 00:00:00'),
(61, 'Which is the new outcome of change in distribution system?', 'Teleshoping', 'Speed post and courier system', 'Internet', 'All of these', 4, '0000-00-00 00:00:00'),
(62, 'Which is an economic product?', 'Inflation', 'Population and congestion problem', 'Pollution', 'All of these', 4, '0000-00-00 00:00:00'),
(63, 'The selling concept applies on', 'banks and other financial institutions', 'insurance', 'white goods', 'all of these', 4, '0000-00-00 00:00:00'),
(64, 'Which is the assumption of societal marketing?', 'Long term profit', 'Long run satisfaction of customer', 'Social performance', 'All of these', 4, '0000-00-00 00:00:00'),
(65, 'Which is customer information?', 'Purchasing priority', 'Like-dislike', 'Customers income', 'All of these', 4, '0000-00-00 00:00:00'),
(66, 'Which is/are cause(s) of increasing importance of marketing concept?', 'Population growth', 'Legal protection to consumers', 'Technological change', 'All of these', 4, '0000-00-00 00:00:00'),
(67, 'Better Platform for online marketing', 'Facebook', 'Whatsapp', 'Google', 'All of these', 4, '0000-00-00 00:00:00'),
(68, 'For Content which is the most important ?', 'A clear understanding and complete analysis of the topic (given the length/scope of the assignment)', 'An awareness of audience and purpose', 'The use of appropriate quotations (where relevant)', 'Originality of ideas and expression', 2, '2014-04-12 07:22:34'),
(69, 'For Organization of the content which is the most important ?', 'Appropriate and logical structure both within the assignment as a whole and within the paragraph', 'A variety of effective transitions to make the writing flow', 'Maintenance of purpose of the writing', 'Effective sentence variety', 3, '2014-04-12 07:22:34'),
(70, 'For Mechanics for flow of content which is the most important ?', 'Spellingcorrect and consistent in usage', 'Punctuationcorrect, consistent and with appropriate variety', 'Capitalization', 'Legibility, particularly of handwritten assignments', 1, '2014-04-12 07:22:34'),
(71, 'For grammar of content which is the most important ?', 'Sentence formation; clauses and phrases appropriately formed and connected', 'Verb tense, form, voice (active or passive), and mood (indicative, imperative, subjunctive)', 'Appropriate adjective and adverb form', 'Direct and indirect speech', 4, '2014-04-12 07:22:34'),
(72, 'For style of content which is the most important ?', 'Writing appropriate to content, subject, purpose, and audience', 'Demonstration of effective tone and appropriate vocabulary', 'Evidence of creativity', 'Length and complexity of sentences', 3, '2014-04-12 07:22:34'),
(73, 'Basic tools you should know to design online ?', 'Photoshop', 'illustrator', 'Both', 'None', 3, '2014-04-12 07:22:34'),
(74, 'Which do you think is the first step to come up with any design', 'Wireframing', 'Designing', 'Colors', 'Requirements', 4, '2014-04-12 07:22:34'),
(75, 'You have designed:', 'Web Application', 'Poster/Logos', 'Both', 'None', 3, '2014-04-12 07:22:34'),
(76, 'Logos generally work best when they:', 'Have intricate details', 'are designed with at least 3-6 colors to make it eye catching', 'Have one clear idea and aesthetic', 'Have many ideas and concepts to tell the full brand story', 1, '2014-04-12 07:22:34'),
(77, 'Which of the below do you know ?', 'HTML', 'CSS', 'JS', 'All of the above', 2, '2014-04-12 07:22:34'),
(78, 'What is more important in any design ?', 'Creativity / Expression', 'Requirements', 'Good Practices', 'All of the above', 4, '2014-04-12 07:22:34'),
(79, 'Kirchhoff''s second law is based on law of conservation of ', 'Charge', 'Energy', 'Momentum', 'Mass', 2, '2014-04-14 18:24:13'),
(80, 'Which of the following materials is not used for transmission and distribution of electrical power', 'Copper', 'Aluminium', 'Steel', 'Tungsten', 4, '2014-04-14 10:47:52'),
(81, 'Boosters are basically', 'Inductors', 'Capacitors', 'Transformers', 'Synchronous motors', 3, '2014-04-14 10:47:52'),
(82, 'Of the following choices, which best describes or defines voltage', 'How quickly electrical energy is used', 'Measure of electrical energy used in one hour', 'Pressure applied to move electrons in a circuit', 'Rate at which electrons move through a circuit ', 4, '2014-04-14 10:47:52'),
(83, 'The major disadvantage, with solar cells for power generation is', 'Lack of availability', 'Large area requirement', 'Variable power', 'High cost', 4, '2014-04-14 10:47:52'),
(84, 'Which of these is not arenewable sourceof energy?', 'The sun', 'Natural gas', 'Wind', 'Ocean tidal energy', 2, '2014-04-14 15:21:16'),
(85, 'When n resistances each of value r are connected in parallel, then resultant resistance is x. When these n resistances are connected in series, total resistance is ', 'nx', 'rnx', 'x / n', 'n^2 x', 4, '2014-04-14 10:47:52'),
(86, 'In closed loop control system, with positive value of feedback gain the overall gain of the', 'decrease', 'increase', 'be unaffected', 'any of the above', 1, '2014-04-14 10:47:52'),
(87, 'Resistance of a wire is r ohms. The wire is stretched to double its length, and then its resistance in ohms is', 'r / 2 ', '4 r', '2 r', 'r / 4', 2, '2014-04-14 10:47:52'),
(88, 'What other effect of the electric current is also present in the fluorescent lampand causes losses in the efficiency of the lamp?', 'The chemical effect', 'The magnetic effect', 'The heating effect', 'The chemical and the magnetic effect', 2, '2014-04-14 10:47:52'),
(89, 'Which of the following is a polar dielectric?', 'Teflon ', 'Quartz ', 'Nylon', 'Polyethylene', 3, '2014-04-14 10:47:52'),
(90, 'Nodal analysis is based on', 'KCL', 'KVL', 'both', 'law of conservation of energy', 1, '2014-04-14 10:47:52'),
(91, 'In a network made up of linear resistors and ideal voltage source values of resistors are doubled. Then the voltage across each resistor is', 'Doubled   ', 'Halved   ', 'Decreased four times   ', 'Not Changed', 4, '2014-04-14 10:47:52'),
(92, 'To neglect a voltage source, the terminals across the source are ', 'Open-circuited', 'short-circuited', 'replaced by some resistance', 'replaced by inductor', 2, '2014-04-14 10:47:53'),
(93, 'With the rise of temperature,dielectric strengthof the material', 'increases', 'remainsconstant', 'decreases', 'becomes zero', 2, '2014-04-14 10:47:53');

-- --------------------------------------------------------

--
-- Table structure for table `domain_mcqs_test`
--

CREATE TABLE IF NOT EXISTS `domain_mcqs_test` (
  `id` int(11) NOT NULL AUTO_INCREMENT,
  `test_master_id` int(11) NOT NULL,
  `domain_mcqs_id` int(11) NOT NULL,
  `lastupdated` timestamp NOT NULL DEFAULT CURRENT_TIMESTAMP ON UPDATE CURRENT_TIMESTAMP,
  PRIMARY KEY (`id`)
) ENGINE=InnoDB  DEFAULT CHARSET=latin1 AUTO_INCREMENT=257 ;

--
-- Dumping data for table `domain_mcqs_test`
--

INSERT INTO `domain_mcqs_test` (`id`, `test_master_id`, `domain_mcqs_id`, `lastupdated`) VALUES
(86, 2, 23, '0000-00-00 00:00:00'),
(87, 2, 24, '0000-00-00 00:00:00'),
(88, 2, 25, '0000-00-00 00:00:00'),
(89, 2, 26, '0000-00-00 00:00:00'),
(90, 2, 27, '0000-00-00 00:00:00'),
(91, 2, 28, '0000-00-00 00:00:00'),
(92, 2, 29, '0000-00-00 00:00:00'),
(93, 2, 30, '0000-00-00 00:00:00'),
(94, 2, 31, '0000-00-00 00:00:00'),
(95, 2, 32, '0000-00-00 00:00:00'),
(96, 2, 33, '0000-00-00 00:00:00'),
(97, 2, 34, '0000-00-00 00:00:00'),
(98, 2, 35, '0000-00-00 00:00:00'),
(99, 2, 36, '0000-00-00 00:00:00'),
(100, 2, 37, '0000-00-00 00:00:00'),
(101, 2, 38, '0000-00-00 00:00:00'),
(102, 2, 39, '0000-00-00 00:00:00'),
(103, 2, 40, '0000-00-00 00:00:00'),
(104, 2, 41, '0000-00-00 00:00:00'),
(105, 2, 42, '0000-00-00 00:00:00'),
(106, 2, 43, '0000-00-00 00:00:00'),
(107, 3, 2, '0000-00-00 00:00:00'),
(108, 3, 3, '0000-00-00 00:00:00'),
(109, 3, 4, '0000-00-00 00:00:00'),
(110, 3, 5, '0000-00-00 00:00:00'),
(111, 3, 6, '0000-00-00 00:00:00'),
(112, 3, 7, '0000-00-00 00:00:00'),
(113, 3, 8, '0000-00-00 00:00:00'),
(114, 3, 9, '0000-00-00 00:00:00'),
(115, 3, 10, '0000-00-00 00:00:00'),
(116, 3, 11, '0000-00-00 00:00:00'),
(117, 3, 12, '0000-00-00 00:00:00'),
(118, 3, 13, '0000-00-00 00:00:00'),
(119, 3, 14, '0000-00-00 00:00:00'),
(120, 3, 15, '0000-00-00 00:00:00'),
(121, 3, 16, '0000-00-00 00:00:00'),
(122, 3, 17, '0000-00-00 00:00:00'),
(123, 3, 18, '0000-00-00 00:00:00'),
(124, 3, 19, '0000-00-00 00:00:00'),
(125, 3, 20, '0000-00-00 00:00:00'),
(126, 3, 21, '0000-00-00 00:00:00'),
(127, 3, 22, '0000-00-00 00:00:00'),
(128, 4, 44, '0000-00-00 00:00:00'),
(129, 4, 45, '0000-00-00 00:00:00'),
(130, 4, 46, '0000-00-00 00:00:00'),
(131, 4, 47, '0000-00-00 00:00:00'),
(132, 4, 48, '0000-00-00 00:00:00'),
(133, 4, 49, '0000-00-00 00:00:00'),
(134, 4, 50, '0000-00-00 00:00:00'),
(135, 4, 51, '0000-00-00 00:00:00'),
(136, 4, 52, '0000-00-00 00:00:00'),
(137, 4, 53, '0000-00-00 00:00:00'),
(138, 4, 54, '0000-00-00 00:00:00'),
(139, 4, 55, '0000-00-00 00:00:00'),
(140, 4, 56, '0000-00-00 00:00:00'),
(141, 4, 57, '0000-00-00 00:00:00'),
(142, 4, 58, '0000-00-00 00:00:00'),
(143, 4, 59, '0000-00-00 00:00:00'),
(144, 4, 60, '0000-00-00 00:00:00'),
(145, 4, 61, '0000-00-00 00:00:00'),
(146, 4, 62, '0000-00-00 00:00:00'),
(147, 4, 63, '0000-00-00 00:00:00'),
(148, 4, 64, '0000-00-00 00:00:00'),
(149, 4, 65, '0000-00-00 00:00:00'),
(150, 4, 66, '0000-00-00 00:00:00'),
(151, 4, 67, '0000-00-00 00:00:00'),
(152, 6, 68, '0000-00-00 00:00:00'),
(153, 6, 69, '0000-00-00 00:00:00'),
(154, 6, 70, '0000-00-00 00:00:00'),
(155, 6, 71, '0000-00-00 00:00:00'),
(156, 6, 72, '0000-00-00 00:00:00'),
(157, 3, 23, '0000-00-00 00:00:00'),
(158, 3, 24, '0000-00-00 00:00:00'),
(159, 3, 25, '0000-00-00 00:00:00'),
(160, 3, 26, '0000-00-00 00:00:00'),
(161, 3, 27, '0000-00-00 00:00:00'),
(162, 3, 28, '0000-00-00 00:00:00'),
(163, 3, 29, '0000-00-00 00:00:00'),
(164, 3, 30, '0000-00-00 00:00:00'),
(165, 3, 31, '0000-00-00 00:00:00'),
(166, 3, 32, '0000-00-00 00:00:00'),
(167, 3, 33, '0000-00-00 00:00:00'),
(168, 3, 34, '0000-00-00 00:00:00'),
(169, 3, 35, '0000-00-00 00:00:00'),
(170, 3, 36, '0000-00-00 00:00:00'),
(171, 3, 37, '0000-00-00 00:00:00'),
(172, 3, 38, '0000-00-00 00:00:00'),
(173, 3, 39, '0000-00-00 00:00:00'),
(174, 3, 40, '0000-00-00 00:00:00'),
(175, 3, 41, '0000-00-00 00:00:00'),
(176, 3, 42, '0000-00-00 00:00:00'),
(177, 3, 43, '0000-00-00 00:00:00'),
(178, 5, 73, '0000-00-00 00:00:00'),
(179, 5, 74, '0000-00-00 00:00:00'),
(180, 5, 75, '0000-00-00 00:00:00'),
(181, 5, 76, '0000-00-00 00:00:00'),
(182, 5, 77, '0000-00-00 00:00:00'),
(183, 5, 78, '0000-00-00 00:00:00'),
(186, 14, 23, '0000-00-00 00:00:00'),
(187, 14, 24, '0000-00-00 00:00:00'),
(188, 14, 25, '0000-00-00 00:00:00'),
(189, 14, 26, '0000-00-00 00:00:00'),
(190, 14, 27, '0000-00-00 00:00:00'),
(191, 14, 28, '0000-00-00 00:00:00'),
(192, 14, 29, '0000-00-00 00:00:00'),
(193, 14, 30, '0000-00-00 00:00:00'),
(194, 14, 31, '0000-00-00 00:00:00'),
(195, 14, 32, '0000-00-00 00:00:00'),
(196, 14, 33, '0000-00-00 00:00:00'),
(197, 14, 34, '0000-00-00 00:00:00'),
(198, 14, 35, '0000-00-00 00:00:00'),
(199, 14, 36, '0000-00-00 00:00:00'),
(200, 14, 37, '0000-00-00 00:00:00'),
(201, 14, 38, '0000-00-00 00:00:00'),
(202, 14, 39, '0000-00-00 00:00:00'),
(203, 14, 40, '0000-00-00 00:00:00'),
(204, 14, 41, '0000-00-00 00:00:00'),
(205, 14, 42, '0000-00-00 00:00:00'),
(206, 14, 43, '0000-00-00 00:00:00'),
(207, 16, 79, '2014-04-14 10:50:54'),
(208, 16, 80, '2014-04-14 10:50:54'),
(209, 16, 81, '2014-04-14 10:50:54'),
(210, 16, 82, '2014-04-14 10:50:54'),
(211, 16, 83, '2014-04-14 10:50:54'),
(212, 16, 84, '2014-04-14 10:50:54'),
(213, 16, 85, '2014-04-14 10:50:54'),
(214, 16, 86, '2014-04-14 10:50:54'),
(215, 16, 87, '2014-04-14 10:50:54'),
(216, 16, 88, '2014-04-14 10:50:54'),
(217, 16, 89, '2014-04-14 10:50:54'),
(218, 16, 90, '2014-04-14 10:50:54'),
(219, 16, 91, '2014-04-14 10:50:54'),
(220, 16, 92, '2014-04-14 10:50:55'),
(221, 16, 93, '2014-04-14 10:50:55'),
(222, 17, 44, '2014-04-14 11:30:08'),
(223, 17, 45, '2014-04-14 11:30:08'),
(224, 17, 46, '2014-04-14 11:30:08'),
(225, 17, 47, '2014-04-14 11:30:08'),
(226, 17, 48, '2014-04-14 11:30:08'),
(227, 17, 49, '2014-04-14 11:30:08'),
(228, 17, 50, '2014-04-14 11:30:08'),
(229, 17, 51, '2014-04-14 11:30:08'),
(230, 17, 52, '2014-04-14 11:30:08'),
(231, 17, 53, '2014-04-14 11:30:08'),
(232, 17, 54, '2014-04-14 11:30:08'),
(233, 17, 55, '2014-04-14 11:30:08'),
(234, 17, 56, '2014-04-14 11:30:08'),
(235, 17, 57, '2014-04-14 11:30:08'),
(236, 17, 58, '2014-04-14 11:30:08'),
(237, 17, 59, '2014-04-14 11:30:08'),
(238, 17, 60, '2014-04-14 11:30:08'),
(239, 17, 61, '2014-04-14 11:30:08'),
(240, 17, 62, '2014-04-14 11:30:08'),
(241, 17, 63, '2014-04-14 11:30:08'),
(242, 17, 64, '2014-04-14 11:30:08'),
(243, 17, 65, '2014-04-14 11:30:08'),
(244, 17, 66, '2014-04-14 11:30:08'),
(245, 17, 67, '2014-04-14 11:30:08'),
(246, 19, 73, '2014-04-14 11:32:01'),
(247, 19, 74, '2014-04-14 11:32:01'),
(248, 19, 75, '2014-04-14 11:32:01'),
(249, 19, 76, '2014-04-14 11:32:01'),
(250, 19, 77, '2014-04-14 11:32:01'),
(251, 19, 78, '2014-04-14 11:32:01'),
(252, 18, 68, '2014-04-14 11:34:24'),
(253, 18, 69, '2014-04-14 11:34:24'),
(254, 18, 70, '2014-04-14 11:34:24'),
(255, 18, 71, '2014-04-14 11:34:24'),
(256, 18, 72, '2014-04-14 11:34:24');

-- --------------------------------------------------------

--
-- Table structure for table `domain_mcqs_test_results`
--

CREATE TABLE IF NOT EXISTS `domain_mcqs_test_results` (
  `id` int(11) NOT NULL AUTO_INCREMENT,
  `user_master_id` int(11) NOT NULL,
  `domain_mcqs_test_id` int(11) NOT NULL,
  `marks` float(11,2) NOT NULL,
  `lastupdated` timestamp NOT NULL DEFAULT CURRENT_TIMESTAMP ON UPDATE CURRENT_TIMESTAMP,
  PRIMARY KEY (`id`)
) ENGINE=InnoDB  DEFAULT CHARSET=latin1 AUTO_INCREMENT=614 ;

--
-- Dumping data for table `domain_mcqs_test_results`
--

INSERT INTO `domain_mcqs_test_results` (`id`, `user_master_id`, `domain_mcqs_test_id`, `marks`, `lastupdated`) VALUES
(4, 11, 86, -0.50, '2014-04-12 07:24:17'),
(5, 11, 87, -0.50, '2014-04-12 07:24:17'),
(6, 11, 88, -0.50, '2014-04-12 07:24:17'),
(7, 11, 94, -0.50, '2014-04-12 07:24:17'),
(8, 11, 97, 1.00, '2014-04-12 07:24:17'),
(9, 11, 98, 1.00, '2014-04-12 07:24:17'),
(10, 20, 87, 1.00, '2014-04-12 07:24:17'),
(11, 20, 88, 1.00, '2014-04-12 07:24:17'),
(12, 20, 89, -0.50, '2014-04-12 07:24:17'),
(13, 20, 90, 1.00, '2014-04-12 07:24:17'),
(14, 20, 91, 1.00, '2014-04-12 07:24:17'),
(15, 20, 92, -0.50, '2014-04-12 07:24:17'),
(16, 20, 93, -0.50, '2014-04-12 07:24:17'),
(17, 20, 94, -0.50, '2014-04-12 07:24:17'),
(18, 20, 87, 1.00, '2014-04-12 07:24:17'),
(19, 20, 88, 1.00, '2014-04-12 07:24:17'),
(20, 20, 89, -0.50, '2014-04-12 07:24:17'),
(21, 20, 90, 1.00, '2014-04-12 07:24:17'),
(22, 20, 91, 1.00, '2014-04-12 07:24:17'),
(23, 20, 92, -0.50, '2014-04-12 07:24:17'),
(24, 20, 93, -0.50, '2014-04-12 07:24:17'),
(25, 20, 94, -0.50, '2014-04-12 07:24:17'),
(26, 20, 87, 1.00, '2014-04-12 07:24:17'),
(27, 20, 88, 1.00, '2014-04-12 07:24:17'),
(28, 20, 89, -0.50, '2014-04-12 07:24:17'),
(29, 20, 90, 1.00, '2014-04-12 07:24:17'),
(30, 20, 91, 1.00, '2014-04-12 07:24:17'),
(31, 20, 92, -0.50, '2014-04-12 07:24:17'),
(32, 20, 93, -0.50, '2014-04-12 07:24:17'),
(33, 20, 94, -0.50, '2014-04-12 07:24:17'),
(34, 20, 87, 1.00, '2014-04-12 07:24:17'),
(35, 20, 88, 1.00, '2014-04-12 07:24:17'),
(36, 20, 89, -0.50, '2014-04-12 07:24:17'),
(37, 20, 90, 1.00, '2014-04-12 07:24:17'),
(38, 20, 91, 1.00, '2014-04-12 07:24:17'),
(39, 20, 92, -0.50, '2014-04-12 07:24:17'),
(40, 20, 93, -0.50, '2014-04-12 07:24:17'),
(41, 20, 94, -0.50, '2014-04-12 07:24:17'),
(42, 20, 87, 1.00, '2014-04-12 07:24:17'),
(43, 20, 88, 1.00, '2014-04-12 07:24:17'),
(44, 20, 89, -0.50, '2014-04-12 07:24:17'),
(45, 20, 90, 1.00, '2014-04-12 07:24:17'),
(46, 20, 91, 1.00, '2014-04-12 07:24:17'),
(47, 20, 92, -0.50, '2014-04-12 07:24:17'),
(48, 20, 93, -0.50, '2014-04-12 07:24:17'),
(49, 20, 94, -0.50, '2014-04-12 07:24:17'),
(50, 26, 86, -0.50, '2014-04-12 07:24:17'),
(51, 26, 99, -0.50, '2014-04-12 07:24:17'),
(52, 30, 86, 1.00, '2014-04-12 07:24:17'),
(53, 30, 87, 1.00, '2014-04-12 07:24:17'),
(54, 30, 88, 1.00, '2014-04-12 07:24:17'),
(55, 30, 89, 1.00, '2014-04-12 07:24:17'),
(56, 30, 90, 1.00, '2014-04-12 07:24:17'),
(57, 30, 91, -0.50, '2014-04-12 07:24:17'),
(58, 30, 92, 1.00, '2014-04-12 07:24:17'),
(59, 30, 93, -0.50, '2014-04-12 07:24:17'),
(60, 30, 94, 1.00, '2014-04-12 07:24:17'),
(61, 30, 95, 1.00, '2014-04-12 07:24:17'),
(62, 30, 96, -0.50, '2014-04-12 07:24:17'),
(63, 30, 97, -0.50, '2014-04-12 07:24:17'),
(64, 30, 98, 1.00, '2014-04-12 07:24:17'),
(65, 30, 99, -0.50, '2014-04-12 07:24:17'),
(66, 30, 100, 1.00, '2014-04-12 07:24:17'),
(67, 30, 101, -0.50, '2014-04-12 07:24:17'),
(68, 30, 102, 1.00, '2014-04-12 07:24:17'),
(69, 30, 103, 1.00, '2014-04-12 07:24:17'),
(70, 30, 104, 1.00, '2014-04-12 07:24:17'),
(71, 30, 105, 1.00, '2014-04-12 07:24:17'),
(72, 30, 106, 1.00, '2014-04-12 07:24:17'),
(73, 30, 86, 1.00, '2014-04-12 07:24:17'),
(74, 30, 87, 1.00, '2014-04-12 07:24:17'),
(75, 30, 88, 1.00, '2014-04-12 07:24:17'),
(76, 30, 89, 1.00, '2014-04-12 07:24:17'),
(77, 30, 90, 1.00, '2014-04-12 07:24:17'),
(78, 30, 91, -0.50, '2014-04-12 07:24:17'),
(79, 30, 92, 1.00, '2014-04-12 07:24:17'),
(80, 30, 93, -0.50, '2014-04-12 07:24:17'),
(81, 30, 94, 1.00, '2014-04-12 07:24:17'),
(82, 30, 95, 1.00, '2014-04-12 07:24:17'),
(83, 30, 96, -0.50, '2014-04-12 07:24:17'),
(84, 30, 97, -0.50, '2014-04-12 07:24:17'),
(85, 30, 98, 1.00, '2014-04-12 07:24:17'),
(86, 30, 99, -0.50, '2014-04-12 07:24:17'),
(87, 30, 100, 1.00, '2014-04-12 07:24:17'),
(88, 30, 101, -0.50, '2014-04-12 07:24:17'),
(89, 30, 102, 1.00, '2014-04-12 07:24:17'),
(90, 30, 103, 1.00, '2014-04-12 07:24:17'),
(91, 30, 104, 1.00, '2014-04-12 07:24:17'),
(92, 30, 105, 1.00, '2014-04-12 07:24:17'),
(93, 30, 106, 1.00, '2014-04-12 07:24:17'),
(94, 28, 149, -0.50, '2014-04-12 07:24:17'),
(95, 28, 156, -0.50, '2014-04-12 07:24:17'),
(96, 29, 157, 1.00, '2014-04-12 07:24:17'),
(97, 29, 158, -0.50, '2014-04-12 07:24:17'),
(98, 29, 159, -0.50, '2014-04-12 07:24:17'),
(99, 29, 160, 1.00, '2014-04-12 07:24:17'),
(100, 29, 161, 1.00, '2014-04-12 07:24:17'),
(101, 29, 162, -0.50, '2014-04-12 07:24:17'),
(102, 29, 163, 1.00, '2014-04-12 07:24:17'),
(103, 29, 164, -0.50, '2014-04-12 07:24:17'),
(104, 29, 165, 1.00, '2014-04-12 07:24:17'),
(105, 29, 166, 1.00, '2014-04-12 07:24:17'),
(106, 29, 167, -0.50, '2014-04-12 07:24:17'),
(107, 29, 168, 1.00, '2014-04-12 07:24:17'),
(108, 29, 169, -0.50, '2014-04-12 07:24:17'),
(109, 29, 170, 1.00, '2014-04-12 07:24:17'),
(110, 29, 171, 1.00, '2014-04-12 07:24:17'),
(111, 29, 172, -0.50, '2014-04-12 07:24:17'),
(112, 29, 173, -0.50, '2014-04-12 07:24:17'),
(113, 29, 174, 1.00, '2014-04-12 07:24:17'),
(114, 29, 175, 1.00, '2014-04-12 07:24:17'),
(115, 29, 176, -0.50, '2014-04-12 07:24:17'),
(116, 29, 177, 1.00, '2014-04-12 07:24:17'),
(117, 33, 86, -0.50, '2014-04-12 07:24:17'),
(118, 33, 87, -0.50, '2014-04-12 07:24:17'),
(119, 33, 88, 1.00, '2014-04-12 07:24:17'),
(120, 33, 89, -0.50, '2014-04-12 07:24:17'),
(121, 33, 90, 1.00, '2014-04-12 07:24:17'),
(122, 33, 91, -0.50, '2014-04-12 07:24:17'),
(123, 33, 92, -0.50, '2014-04-12 07:24:17'),
(124, 33, 93, -0.50, '2014-04-12 07:24:17'),
(125, 33, 94, 1.00, '2014-04-12 07:24:17'),
(126, 33, 95, 1.00, '2014-04-12 07:24:17'),
(127, 33, 96, 1.00, '2014-04-12 07:24:17'),
(128, 33, 97, 1.00, '2014-04-12 07:24:17'),
(129, 33, 98, 1.00, '2014-04-12 07:24:17'),
(130, 33, 99, -0.50, '2014-04-12 07:24:17'),
(131, 33, 100, 1.00, '2014-04-12 07:24:17'),
(132, 33, 101, 1.00, '2014-04-12 07:24:17'),
(133, 33, 102, 1.00, '2014-04-12 07:24:17'),
(134, 33, 103, 1.00, '2014-04-12 07:24:17'),
(135, 33, 104, 1.00, '2014-04-12 07:24:17'),
(136, 33, 105, -0.50, '2014-04-12 07:24:17'),
(137, 33, 106, 1.00, '2014-04-12 07:24:17'),
(138, 36, 178, -0.50, '2014-04-12 07:24:17'),
(139, 36, 179, -0.50, '2014-04-12 07:24:17'),
(140, 36, 180, -0.50, '2014-04-12 07:24:17'),
(141, 36, 181, -0.50, '2014-04-12 07:24:17'),
(142, 36, 182, 1.00, '2014-04-12 07:24:17'),
(143, 36, 183, -0.50, '2014-04-12 07:24:17'),
(144, 44, 86, 1.00, '2014-04-12 07:24:17'),
(145, 44, 87, -0.50, '2014-04-12 07:24:17'),
(146, 44, 88, 1.00, '2014-04-12 07:24:17'),
(147, 44, 89, -0.50, '2014-04-12 07:24:17'),
(148, 44, 90, 1.00, '2014-04-12 07:24:17'),
(149, 44, 91, 1.00, '2014-04-12 07:24:17'),
(150, 44, 92, 1.00, '2014-04-12 07:24:17'),
(151, 44, 93, -0.50, '2014-04-12 07:24:17'),
(152, 44, 94, 1.00, '2014-04-12 07:24:17'),
(153, 44, 95, 1.00, '2014-04-12 07:24:17'),
(154, 44, 96, 1.00, '2014-04-12 07:24:17'),
(155, 44, 100, -0.50, '2014-04-12 07:24:17'),
(156, 44, 101, 1.00, '2014-04-12 07:24:17'),
(157, 44, 102, 1.00, '2014-04-12 07:24:17'),
(158, 44, 103, 1.00, '2014-04-12 07:24:17'),
(159, 44, 104, 1.00, '2014-04-12 07:24:17'),
(160, 44, 105, -0.50, '2014-04-12 07:24:17'),
(161, 44, 106, 1.00, '2014-04-12 07:24:17'),
(162, 46, 157, 1.00, '2014-04-12 07:24:17'),
(163, 46, 158, 1.00, '2014-04-12 07:24:17'),
(164, 46, 159, -0.50, '2014-04-12 07:24:17'),
(165, 49, 86, 1.00, '2014-04-12 07:24:17'),
(166, 49, 87, -0.50, '2014-04-12 07:24:17'),
(167, 49, 88, 1.00, '2014-04-12 07:24:17'),
(168, 49, 89, 1.00, '2014-04-12 07:24:17'),
(169, 49, 91, 1.00, '2014-04-12 07:24:17'),
(170, 49, 92, 1.00, '2014-04-12 07:24:17'),
(171, 49, 93, -0.50, '2014-04-12 07:24:17'),
(172, 49, 94, 1.00, '2014-04-12 07:24:17'),
(173, 49, 95, 1.00, '2014-04-12 07:24:17'),
(174, 49, 97, 1.00, '2014-04-12 07:24:17'),
(175, 49, 99, -0.50, '2014-04-12 07:24:17'),
(176, 49, 101, 1.00, '2014-04-12 07:24:17'),
(177, 49, 102, 1.00, '2014-04-12 07:24:17'),
(178, 49, 103, 1.00, '2014-04-12 07:24:17'),
(179, 49, 104, 1.00, '2014-04-12 07:24:17'),
(180, 49, 105, 1.00, '2014-04-12 07:24:17'),
(181, 49, 106, 1.00, '2014-04-12 07:24:17'),
(182, 50, 178, 1.00, '2014-04-12 07:24:17'),
(183, 50, 179, -0.50, '2014-04-12 07:24:17'),
(184, 50, 180, -0.50, '2014-04-12 07:24:17'),
(185, 50, 181, -0.50, '2014-04-12 07:24:17'),
(186, 50, 182, -0.50, '2014-04-12 07:24:17'),
(187, 50, 183, -0.50, '2014-04-12 07:24:17'),
(188, 51, 157, 1.00, '2014-04-12 07:24:17'),
(189, 51, 158, 1.00, '2014-04-12 07:24:17'),
(190, 51, 159, 1.00, '2014-04-12 07:24:17'),
(191, 51, 160, -0.50, '2014-04-12 07:24:17'),
(192, 51, 161, 1.00, '2014-04-12 07:24:17'),
(193, 51, 162, -0.50, '2014-04-12 07:24:17'),
(194, 51, 163, -0.50, '2014-04-12 07:24:17'),
(195, 51, 164, -0.50, '2014-04-12 07:24:17'),
(196, 51, 165, -0.50, '2014-04-12 07:24:17'),
(197, 51, 166, 1.00, '2014-04-12 07:24:17'),
(198, 51, 167, -0.50, '2014-04-12 07:24:17'),
(199, 51, 168, -0.50, '2014-04-12 07:24:17'),
(200, 51, 169, -0.50, '2014-04-12 07:24:17'),
(201, 51, 170, -0.50, '2014-04-12 07:24:17'),
(202, 51, 171, -0.50, '2014-04-12 07:24:17'),
(203, 51, 172, -0.50, '2014-04-12 07:24:17'),
(204, 51, 173, -0.50, '2014-04-12 07:24:17'),
(205, 51, 174, -0.50, '2014-04-12 07:24:17'),
(206, 51, 175, 1.00, '2014-04-12 07:24:17'),
(207, 51, 176, 1.00, '2014-04-12 07:24:17'),
(208, 51, 177, -0.50, '2014-04-12 07:24:17'),
(209, 52, 86, 1.00, '2014-04-12 07:24:17'),
(210, 52, 87, -0.50, '2014-04-12 07:24:17'),
(211, 52, 88, 1.00, '2014-04-12 07:24:17'),
(212, 52, 89, 1.00, '2014-04-12 07:24:17'),
(213, 52, 90, 1.00, '2014-04-12 07:24:17'),
(214, 52, 91, 1.00, '2014-04-12 07:24:17'),
(215, 52, 92, 1.00, '2014-04-12 07:24:17'),
(216, 52, 93, -0.50, '2014-04-12 07:24:17'),
(217, 52, 94, 1.00, '2014-04-12 07:24:17'),
(218, 52, 95, 1.00, '2014-04-12 07:24:17'),
(219, 52, 96, 1.00, '2014-04-12 07:24:17'),
(220, 52, 97, 1.00, '2014-04-12 07:24:17'),
(221, 52, 98, 1.00, '2014-04-12 07:24:17'),
(222, 52, 99, 1.00, '2014-04-12 07:24:17'),
(223, 52, 100, 1.00, '2014-04-12 07:24:17'),
(224, 52, 101, 1.00, '2014-04-12 07:24:17'),
(225, 52, 102, 1.00, '2014-04-12 07:24:17'),
(226, 52, 103, 1.00, '2014-04-12 07:24:17'),
(227, 52, 104, 1.00, '2014-04-12 07:24:17'),
(228, 52, 105, -0.50, '2014-04-12 07:24:17'),
(229, 52, 106, 1.00, '2014-04-12 07:24:17'),
(230, 54, 178, -0.50, '2014-04-12 07:24:17'),
(231, 54, 179, -0.50, '2014-04-12 07:24:17'),
(232, 54, 180, -0.50, '2014-04-12 07:24:17'),
(233, 54, 182, -0.50, '2014-04-12 07:24:17'),
(234, 54, 183, -0.50, '2014-04-12 07:24:17'),
(235, 55, 178, 1.00, '2014-04-12 07:24:17'),
(236, 55, 179, -0.50, '2014-04-12 07:24:17'),
(237, 55, 180, -0.50, '2014-04-12 07:24:17'),
(238, 55, 181, -0.50, '2014-04-12 07:24:17'),
(239, 55, 182, -0.50, '2014-04-12 07:24:17'),
(240, 55, 183, -0.50, '2014-04-12 07:24:17'),
(241, 58, 180, -0.50, '2014-04-12 07:24:17'),
(242, 57, 86, 1.00, '2014-04-12 07:24:17'),
(243, 57, 87, -0.50, '2014-04-12 07:24:17'),
(244, 57, 88, 1.00, '2014-04-12 07:24:17'),
(245, 57, 90, 1.00, '2014-04-12 07:24:17'),
(246, 57, 91, 1.00, '2014-04-12 07:24:17'),
(247, 57, 93, -0.50, '2014-04-12 07:24:17'),
(248, 57, 94, 1.00, '2014-04-12 07:24:17'),
(249, 57, 95, 1.00, '2014-04-12 07:24:17'),
(250, 57, 96, -0.50, '2014-04-12 07:24:17'),
(251, 57, 97, 1.00, '2014-04-12 07:24:17'),
(252, 57, 98, -0.50, '2014-04-12 07:24:17'),
(253, 57, 100, -0.50, '2014-04-12 07:24:17'),
(254, 57, 102, 1.00, '2014-04-12 07:24:17'),
(255, 57, 103, 1.00, '2014-04-12 07:24:17'),
(256, 57, 104, 1.00, '2014-04-12 07:24:17'),
(257, 57, 105, -0.50, '2014-04-12 07:24:17'),
(258, 57, 106, 1.00, '2014-04-12 07:24:17'),
(259, 59, 152, -0.50, '2014-04-12 07:24:17'),
(260, 59, 153, -0.50, '2014-04-12 07:24:17'),
(261, 59, 154, -0.50, '2014-04-12 07:24:17'),
(262, 59, 155, -0.50, '2014-04-12 07:24:17'),
(263, 59, 156, -0.50, '2014-04-12 07:24:17'),
(264, 60, 157, -0.50, '2014-04-12 07:24:17'),
(265, 60, 158, -0.50, '2014-04-12 07:24:17'),
(266, 60, 159, 1.00, '2014-04-12 07:24:17'),
(267, 60, 160, -0.50, '2014-04-12 07:24:17'),
(268, 60, 161, -0.50, '2014-04-12 07:24:17'),
(269, 60, 162, -0.50, '2014-04-12 07:24:17'),
(270, 60, 163, 1.00, '2014-04-12 07:24:17'),
(271, 60, 164, 1.00, '2014-04-12 07:24:17'),
(272, 60, 165, 1.00, '2014-04-12 07:24:17'),
(273, 60, 166, -0.50, '2014-04-12 07:24:17'),
(274, 60, 167, -0.50, '2014-04-12 07:24:17'),
(275, 60, 168, -0.50, '2014-04-12 07:24:17'),
(276, 60, 169, 1.00, '2014-04-12 07:24:17'),
(277, 60, 170, 1.00, '2014-04-12 07:24:17'),
(278, 60, 171, 1.00, '2014-04-12 07:24:17'),
(279, 60, 172, 1.00, '2014-04-12 07:24:17'),
(280, 60, 173, -0.50, '2014-04-12 07:24:17'),
(281, 60, 174, 1.00, '2014-04-12 07:24:17'),
(282, 60, 176, -0.50, '2014-04-12 07:24:17'),
(283, 60, 177, -0.50, '2014-04-12 07:24:17'),
(284, 61, 152, -0.50, '2014-04-12 07:24:17'),
(285, 61, 153, -0.50, '2014-04-12 07:24:17'),
(286, 61, 154, -0.50, '2014-04-12 07:24:17'),
(287, 61, 155, -0.50, '2014-04-12 07:24:17'),
(288, 61, 156, 1.00, '2014-04-12 07:24:17'),
(289, 66, 157, 1.00, '2014-04-12 07:24:17'),
(290, 66, 158, -0.50, '2014-04-12 07:24:17'),
(291, 66, 159, 1.00, '2014-04-12 07:24:17'),
(292, 66, 160, -0.50, '2014-04-12 07:24:17'),
(293, 66, 161, 1.00, '2014-04-12 07:24:17'),
(294, 66, 162, -0.50, '2014-04-12 07:24:17'),
(295, 66, 163, 1.00, '2014-04-12 07:24:17'),
(296, 66, 164, -0.50, '2014-04-12 07:24:17'),
(297, 66, 165, 1.00, '2014-04-12 07:24:17'),
(298, 66, 166, 1.00, '2014-04-12 07:24:17'),
(299, 66, 167, -0.50, '2014-04-12 07:24:17'),
(300, 66, 168, -0.50, '2014-04-12 07:24:17'),
(301, 66, 172, 1.00, '2014-04-12 07:24:17'),
(302, 66, 173, 1.00, '2014-04-12 07:24:17'),
(303, 66, 174, 1.00, '2014-04-12 07:24:17'),
(304, 66, 175, -0.50, '2014-04-12 07:24:17'),
(305, 66, 176, 1.00, '2014-04-12 07:24:17'),
(306, 66, 177, 1.00, '2014-04-12 07:24:17'),
(307, 67, 157, 1.00, '2014-04-12 07:24:17'),
(308, 67, 158, -0.50, '2014-04-12 07:24:17'),
(309, 67, 159, 1.00, '2014-04-12 07:24:17'),
(310, 67, 160, 1.00, '2014-04-12 07:24:17'),
(311, 67, 161, 1.00, '2014-04-12 07:24:17'),
(312, 67, 162, -0.50, '2014-04-12 07:24:17'),
(313, 67, 163, 1.00, '2014-04-12 07:24:17'),
(314, 67, 164, -0.50, '2014-04-12 07:24:17'),
(315, 67, 165, 1.00, '2014-04-12 07:24:17'),
(316, 67, 166, 1.00, '2014-04-12 07:24:17'),
(317, 67, 167, -0.50, '2014-04-12 07:24:17'),
(318, 67, 168, 1.00, '2014-04-12 07:24:17'),
(319, 67, 169, 1.00, '2014-04-12 07:24:17'),
(320, 67, 170, 1.00, '2014-04-12 07:24:17'),
(321, 67, 171, 1.00, '2014-04-12 07:24:17'),
(322, 67, 172, -0.50, '2014-04-12 07:24:17'),
(323, 67, 173, 1.00, '2014-04-12 07:24:17'),
(324, 67, 174, 1.00, '2014-04-12 07:24:17'),
(325, 67, 175, 1.00, '2014-04-12 07:24:17'),
(326, 67, 176, 1.00, '2014-04-12 07:24:17'),
(327, 67, 177, 1.00, '2014-04-12 07:24:17'),
(328, 20, 177, -0.50, '2014-04-12 07:24:17'),
(329, 71, 128, 1.00, '2014-04-12 07:24:17'),
(330, 71, 129, 1.00, '2014-04-12 07:24:17'),
(331, 71, 130, -0.50, '2014-04-12 07:24:17'),
(332, 71, 131, -0.50, '2014-04-12 07:24:17'),
(333, 71, 132, 1.00, '2014-04-12 07:24:17'),
(334, 71, 133, 1.00, '2014-04-12 07:24:17'),
(335, 71, 134, -0.50, '2014-04-12 07:24:17'),
(336, 71, 135, 1.00, '2014-04-12 07:24:17'),
(337, 71, 136, 1.00, '2014-04-12 07:24:17'),
(338, 71, 137, 1.00, '2014-04-12 07:24:17'),
(339, 71, 138, -0.50, '2014-04-12 07:24:17'),
(340, 71, 139, 1.00, '2014-04-12 07:24:17'),
(341, 71, 140, 1.00, '2014-04-12 07:24:17'),
(342, 71, 141, 1.00, '2014-04-12 07:24:17'),
(343, 71, 142, -0.50, '2014-04-12 07:24:17'),
(344, 71, 143, -0.50, '2014-04-12 07:24:17'),
(345, 71, 144, -0.50, '2014-04-12 07:24:17'),
(346, 71, 145, -0.50, '2014-04-12 07:24:17'),
(347, 71, 146, -0.50, '2014-04-12 07:24:17'),
(348, 71, 147, -0.50, '2014-04-12 07:24:17'),
(349, 71, 148, -0.50, '2014-04-12 07:24:17'),
(350, 71, 149, -0.50, '2014-04-12 07:24:17'),
(351, 71, 150, -0.50, '2014-04-12 07:24:17'),
(352, 71, 151, -0.50, '2014-04-12 07:24:17'),
(353, 73, 90, -0.50, '2014-04-12 07:24:17'),
(354, 23, 86, 1.00, '2014-04-12 07:24:17'),
(355, 23, 92, -0.50, '2014-04-12 07:24:17'),
(356, 23, 96, -0.50, '2014-04-12 07:24:17'),
(357, 23, 98, 1.00, '2014-04-12 07:24:17'),
(358, 23, 106, -0.50, '2014-04-12 07:24:17'),
(359, 11, 206, -0.50, '2014-04-13 05:38:47'),
(360, 11, 185, 1.00, '2014-04-13 06:09:01'),
(361, 11, 185, 1.00, '2014-04-13 06:09:01'),
(362, 11, 206, -0.50, '2014-04-13 06:09:01'),
(363, 11, 206, -0.50, '2014-04-13 06:47:09'),
(364, 11, 206, -0.50, '2014-04-13 06:54:06'),
(365, 11, 186, -0.50, '2014-04-13 10:46:42'),
(366, 11, 186, -0.50, '2014-04-13 10:58:48'),
(367, 11, 186, -0.50, '2014-04-13 11:09:35'),
(368, 11, 206, -0.50, '2014-04-13 11:09:36'),
(369, 11, 86, -0.50, '2014-04-13 21:29:39'),
(370, 350, 186, -0.50, '2014-04-14 14:57:30'),
(371, 350, 187, -0.50, '2014-04-14 14:57:30'),
(372, 350, 188, -0.50, '2014-04-14 14:57:30'),
(373, 350, 189, 1.00, '2014-04-14 14:57:30'),
(374, 350, 190, -0.50, '2014-04-14 14:57:30'),
(375, 350, 191, -0.50, '2014-04-14 14:57:30'),
(376, 350, 192, -0.50, '2014-04-14 14:57:30'),
(377, 350, 193, -0.50, '2014-04-14 14:57:30'),
(378, 350, 194, -0.50, '2014-04-14 14:57:30'),
(379, 350, 195, 1.00, '2014-04-14 14:57:30'),
(380, 350, 196, -0.50, '2014-04-14 14:57:30'),
(381, 350, 197, 1.00, '2014-04-14 14:57:30'),
(382, 350, 198, 1.00, '2014-04-14 14:57:30'),
(383, 350, 199, -0.50, '2014-04-14 14:57:30'),
(384, 350, 200, -0.50, '2014-04-14 14:57:30'),
(385, 350, 201, -0.50, '2014-04-14 14:57:30'),
(386, 350, 203, -0.50, '2014-04-14 14:57:30'),
(387, 350, 204, -0.50, '2014-04-14 14:57:30'),
(388, 350, 205, -0.50, '2014-04-14 14:57:30'),
(389, 350, 206, -0.50, '2014-04-14 14:57:30'),
(390, 350, 251, -0.50, '2014-04-14 15:42:37'),
(391, 350, 222, -0.50, '2014-04-14 16:25:49'),
(392, 350, 243, -0.50, '2014-04-14 16:25:49'),
(393, 23, 252, -0.50, '2014-04-14 18:21:44'),
(394, 27, 207, -0.50, '2014-04-14 18:23:53'),
(395, 81, 246, -0.50, '2014-04-14 20:20:38'),
(396, 81, 247, -0.50, '2014-04-14 20:20:38'),
(397, 23, 252, 1.00, '2014-04-14 20:33:42'),
(398, 35, 186, -0.50, '2014-04-14 20:52:10'),
(399, 35, 187, -0.50, '2014-04-14 20:52:10'),
(400, 35, 191, -0.50, '2014-04-14 20:52:10'),
(401, 35, 195, 1.00, '2014-04-14 20:52:10'),
(402, 35, 198, 1.00, '2014-04-14 20:52:10'),
(403, 35, 200, 1.00, '2014-04-14 20:52:10'),
(404, 35, 203, -0.50, '2014-04-14 20:52:10'),
(405, 35, 206, -0.50, '2014-04-14 20:52:10'),
(406, 86, 246, -0.50, '2014-04-15 10:26:02'),
(407, 86, 247, 1.00, '2014-04-15 10:26:02'),
(408, 86, 248, 1.00, '2014-04-15 10:26:02'),
(409, 86, 249, -0.50, '2014-04-15 10:26:02'),
(410, 86, 250, -0.50, '2014-04-15 10:26:02'),
(411, 86, 251, -0.50, '2014-04-15 10:26:02'),
(412, 87, 246, -0.50, '2014-04-15 11:02:58'),
(413, 87, 247, 1.00, '2014-04-15 11:02:58'),
(414, 87, 248, 1.00, '2014-04-15 11:02:58'),
(415, 87, 249, -0.50, '2014-04-15 11:02:58'),
(416, 87, 250, -0.50, '2014-04-15 11:02:58'),
(417, 87, 251, 1.00, '2014-04-15 11:02:58'),
(418, 89, 186, 1.00, '2014-04-15 11:21:20'),
(419, 89, 187, 1.00, '2014-04-15 11:21:20'),
(420, 89, 188, 1.00, '2014-04-15 11:21:20'),
(421, 89, 189, 1.00, '2014-04-15 11:21:20'),
(422, 89, 190, 1.00, '2014-04-15 11:21:20'),
(423, 89, 191, 1.00, '2014-04-15 11:21:20'),
(424, 89, 192, 1.00, '2014-04-15 11:21:20'),
(425, 89, 193, -0.50, '2014-04-15 11:21:20'),
(426, 89, 194, 1.00, '2014-04-15 11:21:20'),
(427, 89, 195, 1.00, '2014-04-15 11:21:20'),
(428, 89, 196, -0.50, '2014-04-15 11:21:20'),
(429, 89, 197, 1.00, '2014-04-15 11:21:20'),
(430, 89, 198, -0.50, '2014-04-15 11:21:20'),
(431, 89, 199, 1.00, '2014-04-15 11:21:20'),
(432, 89, 200, 1.00, '2014-04-15 11:21:20'),
(433, 89, 201, 1.00, '2014-04-15 11:21:20'),
(434, 89, 202, 1.00, '2014-04-15 11:21:20'),
(435, 89, 203, 1.00, '2014-04-15 11:21:20'),
(436, 89, 204, 1.00, '2014-04-15 11:21:20'),
(437, 89, 205, 1.00, '2014-04-15 11:21:20'),
(438, 89, 206, 1.00, '2014-04-15 11:21:20'),
(439, 93, 252, -0.50, '2014-04-15 11:36:56'),
(440, 93, 253, -0.50, '2014-04-15 11:36:56'),
(441, 93, 254, -0.50, '2014-04-15 11:36:56'),
(442, 93, 255, -0.50, '2014-04-15 11:36:56'),
(443, 93, 256, -0.50, '2014-04-15 11:36:56'),
(444, 97, 252, -0.50, '2014-04-15 12:29:50'),
(445, 97, 253, -0.50, '2014-04-15 12:29:50'),
(446, 97, 254, -0.50, '2014-04-15 12:29:50'),
(447, 97, 255, -0.50, '2014-04-15 12:29:50'),
(448, 97, 256, -0.50, '2014-04-15 12:29:50'),
(449, 98, 252, -0.50, '2014-04-15 13:42:50'),
(450, 98, 253, -0.50, '2014-04-15 13:42:50'),
(451, 98, 254, -0.50, '2014-04-15 13:42:50'),
(452, 98, 255, -0.50, '2014-04-15 13:42:50'),
(453, 98, 256, 1.00, '2014-04-15 13:42:50'),
(454, 11, 209, -0.50, '2014-04-15 19:26:57'),
(455, 100, 186, 1.00, '2014-04-16 04:26:54'),
(456, 100, 187, 1.00, '2014-04-16 04:26:54'),
(457, 100, 188, -0.50, '2014-04-16 04:26:54'),
(458, 100, 189, 1.00, '2014-04-16 04:26:54'),
(459, 100, 190, -0.50, '2014-04-16 04:26:54'),
(460, 100, 191, -0.50, '2014-04-16 04:26:54'),
(461, 100, 192, -0.50, '2014-04-16 04:26:54'),
(462, 100, 193, -0.50, '2014-04-16 04:26:54'),
(463, 100, 194, -0.50, '2014-04-16 04:26:54'),
(464, 100, 195, 1.00, '2014-04-16 04:26:54'),
(465, 100, 196, 1.00, '2014-04-16 04:26:54'),
(466, 100, 197, -0.50, '2014-04-16 04:26:54'),
(467, 100, 198, -0.50, '2014-04-16 04:26:54'),
(468, 100, 201, -0.50, '2014-04-16 04:26:54'),
(469, 100, 202, 1.00, '2014-04-16 04:26:54'),
(470, 100, 203, 1.00, '2014-04-16 04:26:54'),
(471, 100, 204, 1.00, '2014-04-16 04:26:54'),
(472, 100, 205, 1.00, '2014-04-16 04:26:54'),
(473, 100, 206, 1.00, '2014-04-16 04:26:54'),
(474, 102, 222, -0.50, '2014-04-16 08:56:52'),
(475, 102, 223, 1.00, '2014-04-16 08:56:52'),
(476, 102, 224, 1.00, '2014-04-16 08:56:52'),
(477, 102, 225, 1.00, '2014-04-16 08:56:52'),
(478, 102, 226, 1.00, '2014-04-16 08:56:52'),
(479, 102, 227, 1.00, '2014-04-16 08:56:52'),
(480, 102, 228, -0.50, '2014-04-16 08:56:52'),
(481, 102, 229, 1.00, '2014-04-16 08:56:52'),
(482, 102, 230, 1.00, '2014-04-16 08:56:52'),
(483, 102, 231, 1.00, '2014-04-16 08:56:52'),
(484, 102, 232, 1.00, '2014-04-16 08:56:52'),
(485, 102, 233, 1.00, '2014-04-16 08:56:52'),
(486, 102, 234, 1.00, '2014-04-16 08:56:52'),
(487, 102, 235, -0.50, '2014-04-16 08:56:52'),
(488, 102, 236, -0.50, '2014-04-16 08:56:52'),
(489, 102, 237, 1.00, '2014-04-16 08:56:52'),
(490, 102, 238, -0.50, '2014-04-16 08:56:52'),
(491, 102, 239, -0.50, '2014-04-16 08:56:52'),
(492, 102, 240, -0.50, '2014-04-16 08:56:52'),
(493, 102, 241, -0.50, '2014-04-16 08:56:52'),
(494, 102, 242, -0.50, '2014-04-16 08:56:52'),
(495, 102, 243, -0.50, '2014-04-16 08:56:52'),
(496, 102, 244, -0.50, '2014-04-16 08:56:52'),
(497, 102, 245, -0.50, '2014-04-16 08:56:52'),
(498, 108, 186, 1.00, '2014-04-16 19:45:39'),
(499, 108, 187, -0.50, '2014-04-16 19:45:39'),
(500, 108, 188, -0.50, '2014-04-16 19:45:39'),
(501, 108, 189, 1.00, '2014-04-16 19:45:39'),
(502, 108, 190, 1.00, '2014-04-16 19:45:39'),
(503, 108, 191, -0.50, '2014-04-16 19:45:39'),
(504, 108, 192, 1.00, '2014-04-16 19:45:39'),
(505, 108, 193, -0.50, '2014-04-16 19:45:39'),
(506, 108, 194, 1.00, '2014-04-16 19:45:39'),
(507, 108, 195, 1.00, '2014-04-16 19:45:39'),
(508, 108, 196, 1.00, '2014-04-16 19:45:39'),
(509, 108, 197, 1.00, '2014-04-16 19:45:39'),
(510, 108, 198, 1.00, '2014-04-16 19:45:39'),
(511, 108, 199, 1.00, '2014-04-16 19:45:39'),
(512, 108, 200, -0.50, '2014-04-16 19:45:39'),
(513, 108, 201, 1.00, '2014-04-16 19:45:39'),
(514, 108, 202, 1.00, '2014-04-16 19:45:39'),
(515, 108, 203, 1.00, '2014-04-16 19:45:39'),
(516, 108, 204, 1.00, '2014-04-16 19:45:39'),
(517, 108, 205, 1.00, '2014-04-16 19:45:39'),
(518, 108, 206, 1.00, '2014-04-16 19:45:39'),
(519, 99, 222, 1.00, '2014-04-17 08:51:19'),
(520, 99, 223, -0.50, '2014-04-17 08:51:19'),
(521, 99, 224, -0.50, '2014-04-17 08:51:19'),
(522, 99, 225, 1.00, '2014-04-17 08:51:19'),
(523, 99, 226, -0.50, '2014-04-17 08:51:19'),
(524, 99, 227, 1.00, '2014-04-17 08:51:19'),
(525, 99, 228, -0.50, '2014-04-17 08:51:19'),
(526, 99, 229, -0.50, '2014-04-17 08:51:19'),
(527, 99, 230, 1.00, '2014-04-17 08:51:19'),
(528, 99, 231, 1.00, '2014-04-17 08:51:19'),
(529, 99, 232, -0.50, '2014-04-17 08:51:19'),
(530, 99, 233, 1.00, '2014-04-17 08:51:19'),
(531, 99, 234, 1.00, '2014-04-17 08:51:19'),
(532, 99, 235, 1.00, '2014-04-17 08:51:19'),
(533, 99, 236, 1.00, '2014-04-17 08:51:19'),
(534, 99, 237, 1.00, '2014-04-17 08:51:19'),
(535, 99, 238, -0.50, '2014-04-17 08:51:19'),
(536, 99, 239, 1.00, '2014-04-17 08:51:19'),
(537, 99, 240, -0.50, '2014-04-17 08:51:19'),
(538, 99, 241, 1.00, '2014-04-17 08:51:19'),
(539, 99, 242, 1.00, '2014-04-17 08:51:19'),
(540, 99, 243, -0.50, '2014-04-17 08:51:19'),
(541, 99, 244, -0.50, '2014-04-17 08:51:19'),
(542, 99, 245, 1.00, '2014-04-17 08:51:19'),
(543, 99, 207, -0.50, '2014-04-17 09:03:30'),
(544, 99, 208, 1.00, '2014-04-17 09:03:30'),
(545, 99, 209, 1.00, '2014-04-17 09:03:30'),
(546, 99, 210, -0.50, '2014-04-17 09:03:30'),
(547, 99, 211, -0.50, '2014-04-17 09:03:30'),
(548, 99, 212, 1.00, '2014-04-17 09:03:30'),
(549, 99, 213, -0.50, '2014-04-17 09:03:30'),
(550, 99, 214, 1.00, '2014-04-17 09:03:30'),
(551, 99, 215, -0.50, '2014-04-17 09:03:30'),
(552, 99, 216, -0.50, '2014-04-17 09:03:30'),
(553, 99, 217, -0.50, '2014-04-17 09:03:30'),
(554, 99, 218, -0.50, '2014-04-17 09:03:30'),
(555, 99, 219, -0.50, '2014-04-17 09:03:30'),
(556, 99, 220, 1.00, '2014-04-17 09:03:30'),
(557, 99, 221, -0.50, '2014-04-17 09:03:30'),
(558, 109, 186, 1.00, '2014-04-17 11:29:55'),
(559, 109, 187, 1.00, '2014-04-17 11:29:55'),
(560, 109, 188, 1.00, '2014-04-17 11:29:55'),
(561, 109, 189, -0.50, '2014-04-17 11:29:55'),
(562, 109, 190, -0.50, '2014-04-17 11:29:55'),
(563, 109, 191, 1.00, '2014-04-17 11:29:55'),
(564, 109, 192, 1.00, '2014-04-17 11:29:55'),
(565, 109, 193, 1.00, '2014-04-17 11:29:55'),
(566, 109, 194, -0.50, '2014-04-17 11:29:55'),
(567, 109, 195, -0.50, '2014-04-17 11:29:55'),
(568, 109, 196, -0.50, '2014-04-17 11:29:55'),
(569, 109, 197, 1.00, '2014-04-17 11:29:55'),
(570, 109, 198, 1.00, '2014-04-17 11:29:55'),
(571, 109, 199, 1.00, '2014-04-17 11:29:55'),
(572, 110, 186, 1.00, '2014-04-17 12:45:50'),
(573, 110, 187, -0.50, '2014-04-17 12:45:50'),
(574, 110, 188, 1.00, '2014-04-17 12:45:50'),
(575, 110, 189, -0.50, '2014-04-17 12:45:50'),
(576, 110, 190, 1.00, '2014-04-17 12:45:50'),
(577, 110, 191, -0.50, '2014-04-17 12:45:50'),
(578, 110, 192, 1.00, '2014-04-17 12:45:50'),
(579, 110, 193, -0.50, '2014-04-17 12:45:50'),
(580, 110, 194, 1.00, '2014-04-17 12:45:50'),
(581, 110, 195, 1.00, '2014-04-17 12:45:50'),
(582, 110, 196, -0.50, '2014-04-17 12:45:50'),
(583, 110, 197, 1.00, '2014-04-17 12:45:50'),
(584, 110, 198, 1.00, '2014-04-17 12:45:50'),
(585, 110, 199, 1.00, '2014-04-17 12:45:50'),
(586, 110, 200, 1.00, '2014-04-17 12:45:50'),
(587, 110, 201, 1.00, '2014-04-17 12:45:50'),
(588, 110, 202, 1.00, '2014-04-17 12:45:50'),
(589, 110, 203, 1.00, '2014-04-17 12:45:50'),
(590, 110, 204, 1.00, '2014-04-17 12:45:50'),
(591, 110, 205, -0.50, '2014-04-17 12:45:50'),
(592, 110, 206, 1.00, '2014-04-17 12:45:50'),
(593, 112, 186, 1.00, '2014-04-17 18:47:27'),
(594, 112, 187, -0.50, '2014-04-17 18:47:27'),
(595, 112, 188, -0.50, '2014-04-17 18:47:27'),
(596, 112, 189, -0.50, '2014-04-17 18:47:27'),
(597, 112, 190, 1.00, '2014-04-17 18:47:27'),
(598, 112, 191, -0.50, '2014-04-17 18:47:27'),
(599, 112, 192, -0.50, '2014-04-17 18:47:27'),
(600, 112, 193, -0.50, '2014-04-17 18:47:27'),
(601, 112, 194, 1.00, '2014-04-17 18:47:27'),
(602, 112, 195, 1.00, '2014-04-17 18:47:27'),
(603, 112, 196, -0.50, '2014-04-17 18:47:27'),
(604, 112, 197, -0.50, '2014-04-17 18:47:27'),
(605, 112, 198, 1.00, '2014-04-17 18:47:27'),
(606, 112, 199, 1.00, '2014-04-17 18:47:27'),
(607, 112, 200, 1.00, '2014-04-17 18:47:27'),
(608, 112, 201, -0.50, '2014-04-17 18:47:27'),
(609, 112, 202, -0.50, '2014-04-17 18:47:27'),
(610, 112, 203, 1.00, '2014-04-17 18:47:27'),
(611, 112, 204, 1.00, '2014-04-17 18:47:27'),
(612, 112, 205, 1.00, '2014-04-17 18:47:27'),
(613, 112, 206, -0.50, '2014-04-17 18:47:27');

-- --------------------------------------------------------

--
-- Table structure for table `internships`
--

CREATE TABLE IF NOT EXISTS `internships` (
  `id` int(11) NOT NULL AUTO_INCREMENT,
  `name` varchar(200) NOT NULL,
  `lastupdated` timestamp NOT NULL DEFAULT CURRENT_TIMESTAMP ON UPDATE CURRENT_TIMESTAMP,
  PRIMARY KEY (`id`)
) ENGINE=InnoDB  DEFAULT CHARSET=latin1 AUTO_INCREMENT=7 ;

--
-- Dumping data for table `internships`
--

INSERT INTO `internships` (`id`, `name`, `lastupdated`) VALUES
(2, 'Web Application Development', '0000-00-00 00:00:00'),
(3, 'Mobile Application Development', '0000-00-00 00:00:00'),
(4, 'Marketing', '0000-00-00 00:00:00'),
(5, 'Designing', '0000-00-00 00:00:00'),
(6, 'Content Writing', '0000-00-00 00:00:00');

-- --------------------------------------------------------

--
-- Table structure for table `languages_master`
--

CREATE TABLE IF NOT EXISTS `languages_master` (
  `id` int(11) NOT NULL AUTO_INCREMENT,
  `name` varchar(100) NOT NULL,
  `lastupdated` timestamp NOT NULL DEFAULT CURRENT_TIMESTAMP ON UPDATE CURRENT_TIMESTAMP,
  PRIMARY KEY (`id`)
) ENGINE=InnoDB  DEFAULT CHARSET=latin1 AUTO_INCREMENT=5 ;

--
-- Dumping data for table `languages_master`
--

INSERT INTO `languages_master` (`id`, `name`, `lastupdated`) VALUES
(1, 'Other', '0000-00-00 00:00:00'),
(2, 'Hindi', '0000-00-00 00:00:00'),
(3, 'English', '0000-00-00 00:00:00'),
(4, 'Gujarati', '0000-00-00 00:00:00');

-- --------------------------------------------------------

--
-- Table structure for table `quickreg`
--

CREATE TABLE IF NOT EXISTS `quickreg` (
  `id` int(11) NOT NULL AUTO_INCREMENT,
  `name` varchar(200) NOT NULL,
  `email` varchar(200) NOT NULL,
  `cell` varchar(50) NOT NULL,
  `message` text NOT NULL,
  `lastupdated` timestamp NOT NULL DEFAULT CURRENT_TIMESTAMP ON UPDATE CURRENT_TIMESTAMP,
  `college` varchar(250) NOT NULL,
  `course` varchar(100) NOT NULL,
  `semester` varchar(100) NOT NULL,
  `internship` varchar(10) NOT NULL,
  `project` varchar(10) NOT NULL,
  PRIMARY KEY (`id`)
) ENGINE=InnoDB  DEFAULT CHARSET=latin1 AUTO_INCREMENT=14 ;

--
-- Dumping data for table `quickreg`
--

INSERT INTO `quickreg` (`id`, `name`, `email`, `cell`, `message`, `lastupdated`, `college`, `course`, `semester`, `internship`, `project`) VALUES
(2, 'rupanshi', 'rupanshi_u_naik@yahoo.co.in', '8141378754', 'null', '2014-05-20 07:36:25', 'nirma university', 'pharmacy', '4', 'i', 'p'),
(3, 'Devina pathak', 'pathak.devina@ymail.com', '9586550144', 'null', '2014-05-20 08:32:33', 'Nirma university', 'Bachelor of pharmacy', '5', 'i', ''),
(4, 'Malay Shukla', 'malaytshukla@gmail.com', '9824614411', 'null', '2014-05-20 16:59:35', 'SAL Institute of Tech & Engg Research', 'Computer Engineering', '4', 'i', ''),
(5, 'somi jha', 'somijha@hotmail.com', '9173992779', 'null', '2014-05-21 06:32:42', 'IICT', 'ICT', '5th semester', 'i', 'p'),
(6, 'Ushma', 'ushma5506@gmail.com', '9727932831', 'null', '2014-05-23 09:08:04', 'MSU', 'electrical', '2nd', 'i', 'p'),
(7, 'Aayush', 'aayushshah03@gmail.com', '9879581972', 'null', '2014-05-23 18:18:24', 'LJIET', 'CE', '6', 'i', 'p'),
(13, 'asdasd', 'asdasd@asdas.com', '123123', 'null', '2014-05-26 14:01:33', 'adasd', 'asd', 'asd', '', 'p|p1');

-- --------------------------------------------------------

--
-- Table structure for table `test_interestv1`
--

CREATE TABLE IF NOT EXISTS `test_interestv1` (
  `id` int(11) NOT NULL AUTO_INCREMENT,
  `setid` int(11) NOT NULL,
  `attitude_interests_activities_id` int(11) NOT NULL,
  `lastupdated` timestamp NOT NULL DEFAULT CURRENT_TIMESTAMP ON UPDATE CURRENT_TIMESTAMP,
  `test_master_id` int(11) NOT NULL,
  PRIMARY KEY (`id`)
) ENGINE=InnoDB  DEFAULT CHARSET=latin1 AUTO_INCREMENT=265 ;

--
-- Dumping data for table `test_interestv1`
--

INSERT INTO `test_interestv1` (`id`, `setid`, `attitude_interests_activities_id`, `lastupdated`, `test_master_id`) VALUES
(1, 1, 87, '2014-04-12 08:04:20', 11),
(2, 1, 88, '2014-04-12 08:04:20', 11),
(3, 2, 89, '2014-04-12 08:04:20', 11),
(4, 2, 90, '2014-04-12 08:04:20', 11),
(5, 3, 91, '2014-04-12 08:04:20', 11),
(6, 3, 92, '2014-04-12 08:04:20', 11),
(7, 4, 93, '2014-04-12 08:04:20', 11),
(8, 4, 94, '2014-04-12 08:04:20', 11),
(9, 5, 95, '2014-04-12 08:04:20', 11),
(10, 5, 96, '2014-04-12 08:04:20', 11),
(11, 6, 97, '2014-04-12 08:04:20', 11),
(12, 6, 98, '2014-04-12 08:04:20', 11),
(13, 7, 99, '2014-04-12 08:04:20', 11),
(14, 7, 100, '2014-04-12 08:04:20', 11),
(15, 8, 101, '2014-04-12 08:04:20', 11),
(16, 8, 102, '2014-04-12 08:04:20', 11),
(17, 9, 103, '2014-04-12 08:04:20', 11),
(18, 9, 104, '2014-04-12 08:04:20', 11),
(19, 10, 105, '2014-04-12 08:04:20', 11),
(20, 10, 106, '2014-04-12 08:04:20', 11),
(21, 11, 107, '2014-04-12 08:04:20', 11),
(22, 11, 108, '2014-04-12 08:04:20', 11),
(23, 12, 109, '2014-04-12 08:04:20', 11),
(24, 12, 110, '2014-04-12 08:04:20', 11),
(25, 13, 111, '2014-04-12 08:04:20', 11),
(26, 13, 112, '2014-04-12 08:04:20', 11),
(27, 14, 113, '2014-04-12 08:04:20', 11),
(28, 14, 114, '2014-04-12 08:04:20', 11),
(29, 15, 115, '2014-04-12 08:04:20', 11),
(30, 15, 116, '2014-04-12 08:04:20', 11),
(31, 16, 117, '2014-04-12 08:04:20', 11),
(32, 16, 118, '2014-04-12 08:04:20', 11),
(33, 17, 119, '2014-04-12 08:04:20', 11),
(34, 17, 120, '2014-04-12 08:04:20', 11),
(35, 18, 121, '2014-04-12 08:04:20', 11),
(36, 18, 122, '2014-04-12 08:04:20', 11),
(37, 19, 123, '2014-04-12 08:04:20', 11),
(38, 19, 124, '2014-04-12 08:04:20', 11),
(39, 20, 125, '2014-04-12 08:04:20', 11),
(40, 20, 126, '2014-04-12 08:04:20', 11),
(41, 21, 127, '2014-04-12 08:04:20', 11),
(42, 21, 128, '2014-04-12 08:04:20', 11),
(43, 22, 129, '2014-04-12 08:04:20', 11),
(44, 22, 130, '2014-04-12 08:04:20', 11),
(45, 23, 131, '2014-04-12 08:04:20', 11),
(46, 23, 132, '2014-04-12 08:04:20', 11),
(47, 24, 133, '2014-04-12 08:04:20', 11),
(48, 24, 134, '2014-04-12 08:04:20', 11),
(49, 25, 135, '2014-04-12 08:04:20', 11),
(50, 25, 136, '2014-04-12 08:04:20', 11),
(51, 26, 137, '2014-04-12 08:04:20', 11),
(52, 26, 138, '2014-04-12 08:04:20', 11),
(53, 27, 139, '2014-04-12 08:04:20', 11),
(54, 27, 140, '2014-04-12 08:04:20', 11),
(55, 28, 141, '2014-04-12 08:04:20', 11),
(56, 28, 142, '2014-04-12 08:04:20', 11),
(57, 29, 143, '2014-04-12 08:04:20', 11),
(58, 29, 144, '2014-04-12 08:04:20', 11),
(59, 30, 145, '2014-04-12 08:04:20', 11),
(60, 30, 146, '2014-04-12 08:04:20', 11),
(61, 31, 147, '2014-04-12 08:04:20', 11),
(62, 31, 148, '2014-04-12 08:04:20', 11),
(63, 32, 149, '2014-04-12 08:04:20', 11),
(64, 32, 150, '2014-04-12 08:04:20', 11),
(65, 33, 151, '2014-04-12 08:04:20', 11),
(66, 33, 152, '2014-04-12 08:04:20', 11),
(67, 34, 153, '2014-04-12 08:04:20', 11),
(68, 34, 154, '2014-04-12 08:04:20', 11),
(69, 35, 155, '2014-04-12 08:04:20', 11),
(70, 35, 156, '2014-04-12 08:04:20', 11),
(71, 36, 157, '2014-04-12 08:04:20', 11),
(72, 36, 158, '2014-04-12 08:04:20', 11),
(73, 37, 159, '2014-04-12 08:04:20', 11),
(74, 37, 160, '2014-04-12 08:04:20', 11),
(75, 38, 161, '2014-04-12 08:04:20', 11),
(76, 38, 162, '2014-04-12 08:04:20', 11),
(77, 39, 163, '2014-04-12 08:04:20', 11),
(78, 39, 164, '2014-04-12 08:04:20', 11),
(79, 40, 165, '2014-04-12 08:04:20', 11),
(80, 40, 166, '2014-04-12 08:04:20', 11),
(81, 41, 167, '2014-04-12 08:04:20', 11),
(82, 41, 168, '2014-04-12 08:04:20', 11),
(83, 42, 169, '2014-04-12 08:04:20', 11),
(84, 42, 170, '2014-04-12 08:04:20', 11),
(85, 43, 171, '2014-04-12 08:04:20', 11),
(86, 43, 172, '2014-04-12 08:04:20', 11),
(87, 44, 173, '2014-04-12 08:04:20', 11),
(88, 44, 174, '2014-04-12 08:04:20', 11),
(89, 45, 175, '2014-04-12 08:04:20', 11),
(90, 45, 176, '2014-04-12 08:04:20', 11),
(91, 46, 177, '2014-04-12 08:04:20', 11),
(92, 46, 178, '2014-04-12 08:04:20', 11),
(93, 47, 179, '2014-04-12 08:04:20', 11),
(94, 47, 180, '2014-04-12 08:04:20', 11),
(95, 48, 181, '2014-04-12 08:04:20', 11),
(96, 48, 182, '2014-04-12 08:04:20', 11),
(97, 49, 183, '2014-04-12 08:04:20', 11),
(98, 49, 184, '2014-04-12 08:04:20', 11),
(99, 50, 185, '2014-04-12 08:04:20', 11),
(100, 50, 186, '2014-04-12 08:04:20', 11),
(101, 51, 187, '2014-04-12 08:04:20', 11),
(102, 51, 188, '2014-04-12 08:04:20', 11),
(103, 52, 189, '2014-04-12 08:04:20', 11),
(104, 52, 190, '2014-04-12 08:04:20', 11),
(105, 53, 191, '2014-04-12 08:04:20', 11),
(106, 53, 192, '2014-04-12 08:04:20', 11),
(107, 54, 193, '2014-04-12 08:04:20', 11),
(108, 54, 194, '2014-04-12 08:04:20', 11),
(109, 55, 195, '2014-04-12 08:04:20', 11),
(110, 55, 196, '2014-04-12 08:04:20', 11),
(111, 56, 197, '2014-04-12 08:04:20', 11),
(112, 56, 198, '2014-04-12 08:04:20', 11),
(113, 57, 199, '2014-04-12 08:04:20', 11),
(114, 57, 200, '2014-04-12 08:04:20', 11),
(115, 58, 201, '2014-04-12 08:04:20', 11),
(116, 58, 202, '2014-04-12 08:04:20', 11),
(117, 59, 203, '2014-04-12 08:04:20', 11),
(118, 59, 204, '2014-04-12 08:04:20', 11),
(119, 60, 205, '2014-04-12 08:04:20', 11),
(120, 60, 206, '2014-04-12 08:04:20', 11),
(121, 61, 207, '2014-04-12 08:04:20', 11),
(122, 61, 208, '2014-04-12 08:04:20', 11),
(123, 62, 209, '2014-04-12 08:04:20', 11),
(124, 62, 210, '2014-04-12 08:04:20', 11),
(125, 63, 211, '2014-04-12 08:04:20', 11),
(126, 63, 212, '2014-04-12 08:04:20', 11),
(127, 64, 213, '2014-04-12 08:04:20', 11),
(128, 64, 214, '2014-04-12 08:04:20', 11),
(129, 65, 215, '2014-04-12 08:04:20', 11),
(130, 65, 216, '2014-04-12 08:04:20', 11),
(131, 66, 217, '2014-04-12 08:04:20', 11),
(132, 66, 218, '2014-04-12 08:04:20', 11),
(133, 67, 219, '2014-04-12 08:04:20', 11),
(134, 67, 220, '2014-04-12 08:04:20', 11),
(135, 68, 221, '2014-04-12 08:04:20', 11),
(136, 68, 222, '2014-04-12 08:04:20', 11),
(137, 69, 223, '2014-04-12 08:04:20', 11),
(138, 69, 224, '2014-04-12 08:04:20', 11),
(139, 70, 225, '2014-04-12 08:04:20', 11),
(140, 70, 226, '2014-04-12 08:04:20', 11),
(141, 71, 227, '2014-04-12 08:04:20', 11),
(142, 71, 228, '2014-04-12 08:04:20', 11),
(143, 72, 229, '2014-04-12 08:04:20', 11),
(144, 72, 230, '2014-04-12 08:04:20', 11),
(145, 73, 231, '2014-04-12 08:04:20', 11),
(146, 73, 232, '2014-04-12 08:04:20', 11),
(147, 74, 233, '2014-04-12 08:04:20', 11),
(148, 74, 234, '2014-04-12 08:04:20', 11),
(149, 75, 235, '2014-04-12 08:04:20', 11),
(150, 75, 236, '2014-04-12 08:04:20', 11),
(151, 76, 237, '2014-04-12 08:04:20', 11),
(152, 76, 238, '2014-04-12 08:04:20', 11),
(153, 77, 239, '2014-04-12 08:04:20', 11),
(154, 77, 240, '2014-04-12 08:04:20', 11),
(155, 78, 241, '2014-04-12 08:04:20', 11),
(156, 78, 242, '2014-04-12 08:04:20', 11),
(157, 79, 243, '2014-04-12 08:04:20', 11),
(158, 79, 244, '2014-04-12 08:04:20', 11),
(159, 80, 245, '2014-04-12 08:04:20', 11),
(160, 80, 246, '2014-04-12 08:04:20', 11),
(161, 81, 247, '2014-04-12 08:04:20', 11),
(162, 81, 248, '2014-04-12 08:04:20', 11),
(163, 82, 249, '2014-04-12 08:04:20', 11),
(164, 82, 250, '2014-04-12 08:04:20', 11),
(165, 83, 251, '2014-04-12 08:04:20', 11),
(166, 83, 252, '2014-04-12 08:04:20', 11),
(167, 84, 253, '2014-04-12 08:04:20', 11),
(168, 84, 254, '2014-04-12 08:04:20', 11),
(169, 85, 255, '2014-04-12 08:04:20', 11),
(170, 85, 256, '2014-04-12 08:04:20', 11),
(171, 86, 257, '2014-04-12 08:04:20', 11),
(172, 86, 258, '2014-04-12 08:04:20', 11),
(177, 1, 263, '2014-04-13 17:40:57', 12),
(178, 1, 264, '2014-04-13 17:40:57', 12),
(179, 2, 265, '2014-04-13 17:40:57', 12),
(180, 2, 266, '2014-04-13 17:40:58', 12),
(181, 3, 267, '2014-04-13 17:40:58', 12),
(182, 3, 268, '2014-04-13 17:40:58', 12),
(183, 5, 269, '2014-04-13 17:40:58', 12),
(184, 5, 270, '2014-04-13 17:40:58', 12),
(185, 7, 271, '2014-04-13 17:40:58', 12),
(186, 7, 272, '2014-04-13 17:40:58', 12),
(187, 8, 273, '2014-04-13 17:40:58', 12),
(188, 8, 274, '2014-04-13 17:40:58', 12),
(189, 9, 275, '2014-04-13 17:40:58', 12),
(190, 9, 276, '2014-04-13 17:40:59', 12),
(191, 10, 277, '2014-04-13 17:40:59', 12),
(192, 10, 278, '2014-04-13 17:40:59', 12),
(193, 11, 279, '2014-04-13 17:40:59', 12),
(194, 11, 280, '2014-04-13 17:40:59', 12),
(195, 12, 281, '2014-04-13 17:40:59', 12),
(196, 12, 282, '2014-04-13 17:40:59', 12),
(197, 13, 283, '2014-04-13 17:40:59', 12),
(198, 13, 284, '2014-04-13 17:40:59', 12),
(199, 14, 285, '2014-04-13 17:40:59', 12),
(200, 14, 286, '2014-04-13 17:40:59', 12),
(201, 15, 287, '2014-04-13 17:40:59', 12),
(202, 15, 288, '2014-04-13 17:40:59', 12),
(203, 16, 289, '2014-04-13 17:41:00', 12),
(204, 16, 290, '2014-04-13 17:41:00', 12),
(205, 17, 291, '2014-04-13 17:41:00', 12),
(206, 17, 292, '2014-04-13 17:41:00', 12),
(207, 18, 293, '2014-04-13 17:41:00', 12),
(208, 18, 294, '2014-04-13 17:41:00', 12),
(209, 19, 295, '2014-04-13 17:41:00', 12),
(210, 19, 296, '2014-04-13 17:41:00', 12),
(211, 20, 297, '2014-04-13 17:41:00', 12),
(212, 20, 298, '2014-04-13 17:41:00', 12),
(213, 22, 299, '2014-04-13 17:41:00', 12),
(214, 22, 300, '2014-04-13 17:41:00', 12),
(215, 23, 301, '2014-04-13 17:41:01', 12),
(216, 23, 302, '2014-04-13 17:41:01', 12),
(217, 24, 303, '2014-04-13 17:41:01', 12),
(218, 24, 304, '2014-04-13 17:41:01', 12),
(219, 25, 305, '2014-04-13 17:41:01', 12),
(220, 25, 306, '2014-04-13 17:41:01', 12),
(221, 26, 307, '2014-04-13 17:41:01', 12),
(222, 26, 308, '2014-04-13 17:41:01', 12),
(223, 27, 309, '2014-04-13 17:41:02', 12),
(224, 27, 310, '2014-04-13 17:41:02', 12),
(225, 29, 311, '2014-04-13 17:41:02', 12),
(226, 29, 312, '2014-04-13 17:41:02', 12),
(227, 30, 313, '2014-04-13 17:41:02', 12),
(228, 30, 314, '2014-04-13 17:41:02', 12),
(229, 31, 315, '2014-04-13 17:41:02', 12),
(230, 31, 316, '2014-04-13 17:41:02', 12),
(231, 32, 317, '2014-04-13 17:41:02', 12),
(232, 32, 318, '2014-04-13 17:41:02', 12),
(233, 33, 319, '2014-04-13 17:41:02', 12),
(234, 33, 320, '2014-04-13 17:41:02', 12),
(235, 34, 321, '2014-04-13 17:41:02', 12),
(236, 34, 322, '2014-04-13 17:41:02', 12),
(237, 35, 323, '2014-04-13 17:41:03', 12),
(238, 35, 324, '2014-04-13 17:41:03', 12),
(239, 36, 325, '2014-04-13 17:41:03', 12),
(240, 36, 326, '2014-04-13 17:41:03', 12),
(241, 37, 327, '2014-04-13 17:41:03', 12),
(242, 37, 328, '2014-04-13 17:41:03', 12),
(243, 38, 329, '2014-04-13 17:41:03', 12),
(244, 38, 330, '2014-04-13 17:41:03', 12),
(245, 39, 331, '2014-04-13 17:41:03', 12),
(246, 39, 332, '2014-04-13 17:41:04', 12),
(247, 40, 333, '2014-04-13 17:41:04', 12),
(248, 40, 334, '2014-04-13 17:41:04', 12),
(249, 41, 335, '2014-04-13 17:41:04', 12),
(250, 41, 336, '2014-04-13 17:41:04', 12),
(251, 42, 337, '2014-04-13 17:41:04', 12),
(252, 42, 338, '2014-04-13 17:41:04', 12),
(253, 43, 339, '2014-04-13 17:41:04', 12),
(254, 43, 340, '2014-04-13 17:41:04', 12),
(255, 44, 341, '2014-04-13 17:41:04', 12),
(256, 44, 342, '2014-04-13 17:41:04', 12),
(257, 45, 343, '2014-04-13 17:41:04', 12),
(258, 45, 344, '2014-04-13 17:41:04', 12),
(259, 46, 345, '2014-04-13 17:41:04', 12),
(260, 46, 346, '2014-04-13 17:41:04', 12),
(261, 47, 347, '2014-04-13 17:41:04', 12),
(262, 47, 348, '2014-04-13 17:41:05', 12),
(263, 48, 349, '2014-04-13 17:41:05', 12),
(264, 48, 350, '2014-04-13 17:41:05', 12);

-- --------------------------------------------------------

--
-- Table structure for table `test_interestv1_result`
--

CREATE TABLE IF NOT EXISTS `test_interestv1_result` (
  `id` int(11) NOT NULL AUTO_INCREMENT,
  `user_master_id` int(11) NOT NULL,
  `test_master_id` int(11) NOT NULL,
  `test_interestv1_setid` int(11) NOT NULL,
  `attitude_interests_activities_id` int(11) NOT NULL,
  `lastupdated` timestamp NOT NULL DEFAULT CURRENT_TIMESTAMP ON UPDATE CURRENT_TIMESTAMP,
  PRIMARY KEY (`id`)
) ENGINE=InnoDB  DEFAULT CHARSET=latin1 AUTO_INCREMENT=5618 ;

--
-- Dumping data for table `test_interestv1_result`
--

INSERT INTO `test_interestv1_result` (`id`, `user_master_id`, `test_master_id`, `test_interestv1_setid`, `attitude_interests_activities_id`, `lastupdated`) VALUES
(456, 11, 11, 1, 1, '2014-04-12 08:06:26'),
(457, 11, 11, 2, 4, '2014-04-12 08:06:26'),
(458, 11, 11, 5, 9, '2014-04-12 08:06:26'),
(459, 11, 11, 6, 11, '2014-04-12 08:06:26'),
(460, 11, 11, 7, 14, '2014-04-12 08:06:26'),
(461, 11, 11, 8, 16, '2014-04-12 08:06:26'),
(462, 11, 11, 9, 17, '2014-04-12 08:06:26'),
(463, 11, 11, 10, 20, '2014-04-12 08:06:26'),
(464, 11, 11, 11, 21, '2014-04-12 08:06:26'),
(465, 11, 11, 12, 24, '2014-04-12 08:06:26'),
(466, 11, 11, 13, 25, '2014-04-12 08:06:26'),
(467, 11, 11, 14, 28, '2014-04-12 08:06:26'),
(468, 11, 11, 15, 29, '2014-04-12 08:06:26'),
(469, 11, 11, 16, 32, '2014-04-12 08:06:26'),
(470, 11, 11, 34, 68, '2014-04-12 08:06:26'),
(471, 11, 11, 49, 98, '2014-04-12 08:06:26'),
(472, 11, 11, 50, 100, '2014-04-12 08:06:26'),
(473, 11, 11, 51, 102, '2014-04-12 08:06:26'),
(474, 11, 11, 52, 104, '2014-04-12 08:06:26'),
(475, 11, 11, 53, 106, '2014-04-12 08:06:26'),
(476, 11, 11, 54, 108, '2014-04-12 08:06:26'),
(477, 11, 11, 55, 110, '2014-04-12 08:06:26'),
(478, 11, 11, 56, 112, '2014-04-12 08:06:26'),
(479, 11, 11, 57, 114, '2014-04-12 08:06:26'),
(480, 11, 11, 58, 116, '2014-04-12 08:06:26'),
(481, 11, 11, 59, 118, '2014-04-12 08:06:26'),
(482, 11, 11, 60, 120, '2014-04-12 08:06:26'),
(483, 11, 11, 61, 122, '2014-04-12 08:06:26'),
(484, 11, 11, 62, 124, '2014-04-12 08:06:26'),
(485, 11, 11, 63, 126, '2014-04-12 08:06:26'),
(486, 11, 11, 64, 128, '2014-04-12 08:06:26'),
(487, 11, 11, 65, 130, '2014-04-12 08:06:26'),
(488, 11, 11, 66, 132, '2014-04-12 08:06:26'),
(489, 11, 11, 67, 134, '2014-04-12 08:06:26'),
(490, 11, 11, 68, 136, '2014-04-12 08:06:26'),
(491, 11, 11, 69, 138, '2014-04-12 08:06:26'),
(492, 11, 11, 70, 140, '2014-04-12 08:06:26'),
(493, 11, 11, 71, 142, '2014-04-12 08:06:26'),
(494, 11, 11, 72, 144, '2014-04-12 08:06:26'),
(495, 11, 11, 73, 146, '2014-04-12 08:06:26'),
(496, 11, 11, 74, 148, '2014-04-12 08:06:26'),
(497, 11, 11, 75, 150, '2014-04-12 08:06:26'),
(498, 11, 11, 76, 152, '2014-04-12 08:06:26'),
(499, 11, 11, 77, 154, '2014-04-12 08:06:26'),
(500, 11, 11, 78, 156, '2014-04-12 08:06:26'),
(501, 11, 11, 79, 158, '2014-04-12 08:06:26'),
(502, 11, 11, 80, 160, '2014-04-12 08:06:26'),
(503, 11, 11, 81, 162, '2014-04-12 08:06:26'),
(504, 11, 11, 82, 164, '2014-04-12 08:06:26'),
(505, 11, 11, 83, 166, '2014-04-12 08:06:26'),
(506, 11, 11, 84, 168, '2014-04-12 08:06:26'),
(509, 11, 11, 85, 170, '2014-04-12 08:06:26'),
(510, 11, 11, 86, 172, '2014-04-12 08:06:26'),
(511, 20, 11, 1, 1, '2014-04-12 08:06:26'),
(512, 20, 11, 2, 4, '2014-04-12 08:06:26'),
(513, 20, 11, 3, 5, '2014-04-12 08:06:26'),
(514, 20, 11, 4, 7, '2014-04-12 08:06:26'),
(515, 20, 11, 5, 10, '2014-04-12 08:06:26'),
(516, 20, 11, 6, 12, '2014-04-12 08:06:26'),
(517, 20, 11, 7, 13, '2014-04-12 08:06:26'),
(518, 20, 11, 8, 16, '2014-04-12 08:06:26'),
(519, 20, 11, 10, 20, '2014-04-12 08:06:26'),
(520, 20, 11, 11, 21, '2014-04-12 08:06:26'),
(521, 20, 11, 12, 24, '2014-04-12 08:06:26'),
(522, 20, 11, 13, 25, '2014-04-12 08:06:26'),
(523, 20, 11, 14, 28, '2014-04-12 08:06:26'),
(524, 20, 11, 15, 29, '2014-04-12 08:06:26'),
(525, 20, 11, 16, 32, '2014-04-12 08:06:26'),
(526, 20, 11, 18, 36, '2014-04-12 08:06:26'),
(527, 20, 11, 19, 38, '2014-04-12 08:06:26'),
(528, 20, 11, 20, 40, '2014-04-12 08:06:26'),
(529, 20, 11, 21, 42, '2014-04-12 08:06:26'),
(530, 20, 11, 22, 44, '2014-04-12 08:06:26'),
(531, 20, 11, 23, 46, '2014-04-12 08:06:26'),
(532, 20, 11, 24, 48, '2014-04-12 08:06:26'),
(533, 20, 11, 25, 50, '2014-04-12 08:06:26'),
(534, 20, 11, 26, 52, '2014-04-12 08:06:26'),
(535, 20, 11, 27, 54, '2014-04-12 08:06:26'),
(536, 20, 11, 28, 56, '2014-04-12 08:06:26'),
(537, 20, 11, 29, 58, '2014-04-12 08:06:26'),
(538, 20, 11, 30, 60, '2014-04-12 08:06:26'),
(539, 20, 11, 31, 62, '2014-04-12 08:06:26'),
(540, 20, 11, 32, 64, '2014-04-12 08:06:26'),
(541, 20, 11, 33, 66, '2014-04-12 08:06:26'),
(542, 20, 11, 34, 68, '2014-04-12 08:06:26'),
(543, 20, 11, 38, 76, '2014-04-12 08:06:26'),
(544, 20, 11, 40, 80, '2014-04-12 08:06:26'),
(545, 20, 11, 41, 81, '2014-04-12 08:06:26'),
(546, 20, 11, 43, 86, '2014-04-12 08:06:26'),
(547, 20, 11, 44, 87, '2014-04-12 08:06:26'),
(548, 20, 11, 46, 92, '2014-04-12 08:06:26'),
(549, 20, 11, 47, 93, '2014-04-12 08:06:26'),
(550, 20, 11, 48, 96, '2014-04-12 08:06:26'),
(551, 20, 11, 48, 95, '2014-04-12 08:06:26'),
(552, 20, 11, 48, 96, '2014-04-12 08:06:26'),
(553, 20, 11, 49, 98, '2014-04-12 08:06:26'),
(554, 20, 11, 50, 99, '2014-04-12 08:06:26'),
(555, 20, 11, 51, 102, '2014-04-12 08:06:26'),
(556, 20, 11, 52, 104, '2014-04-12 08:06:26'),
(557, 20, 11, 53, 106, '2014-04-12 08:06:26'),
(558, 20, 11, 54, 108, '2014-04-12 08:06:26'),
(559, 20, 11, 55, 110, '2014-04-12 08:06:26'),
(560, 20, 11, 56, 111, '2014-04-12 08:06:26'),
(561, 20, 11, 56, 112, '2014-04-12 08:06:26'),
(562, 20, 11, 57, 114, '2014-04-12 08:06:26'),
(563, 20, 11, 57, 113, '2014-04-12 08:06:26'),
(564, 20, 11, 58, 115, '2014-04-12 08:06:26'),
(565, 20, 11, 59, 117, '2014-04-12 08:06:26'),
(566, 20, 11, 61, 122, '2014-04-12 08:06:26'),
(567, 20, 11, 64, 128, '2014-04-12 08:06:26'),
(568, 20, 11, 65, 130, '2014-04-12 08:06:26'),
(569, 20, 11, 67, 133, '2014-04-12 08:06:26'),
(570, 20, 11, 69, 137, '2014-04-12 08:06:26'),
(571, 20, 11, 71, 141, '2014-04-12 08:06:26'),
(572, 20, 11, 72, 144, '2014-04-12 08:06:26'),
(573, 20, 11, 74, 148, '2014-04-12 08:06:26'),
(574, 20, 11, 74, 147, '2014-04-12 08:06:26'),
(575, 20, 11, 76, 152, '2014-04-12 08:06:26'),
(576, 20, 11, 77, 153, '2014-04-12 08:06:26'),
(577, 20, 11, 79, 158, '2014-04-12 08:06:26'),
(578, 20, 11, 80, 159, '2014-04-12 08:06:26'),
(579, 20, 11, 82, 164, '2014-04-12 08:06:26'),
(580, 20, 11, 83, 165, '2014-04-12 08:06:26'),
(581, 20, 11, 84, 168, '2014-04-12 08:06:26'),
(582, 20, 11, 86, 172, '2014-04-12 08:06:26'),
(583, 20, 11, 4, 8, '2014-04-12 08:06:26'),
(584, 20, 11, 5, 10, '2014-04-12 08:06:26'),
(585, 20, 11, 6, 11, '2014-04-12 08:06:26'),
(586, 20, 11, 7, 14, '2014-04-12 08:06:26'),
(587, 20, 11, 8, 16, '2014-04-12 08:06:26'),
(588, 20, 11, 10, 20, '2014-04-12 08:06:26'),
(589, 20, 11, 11, 22, '2014-04-12 08:06:26'),
(590, 20, 11, 12, 24, '2014-04-12 08:06:26'),
(591, 20, 11, 13, 25, '2014-04-12 08:06:26'),
(592, 20, 11, 14, 27, '2014-04-12 08:06:26'),
(593, 20, 11, 15, 30, '2014-04-12 08:06:26'),
(594, 20, 11, 16, 31, '2014-04-12 08:06:26'),
(595, 20, 11, 17, 33, '2014-04-12 08:06:26'),
(596, 0, 11, 18, 35, '2014-04-12 08:06:26'),
(597, 0, 11, 18, 36, '2014-04-12 08:06:26'),
(598, 0, 11, 18, 35, '2014-04-12 08:06:26'),
(599, 22, 11, 1, 1, '2014-04-12 08:06:26'),
(600, 22, 11, 2, 4, '2014-04-12 08:06:26'),
(601, 22, 11, 3, 5, '2014-04-12 08:06:26'),
(602, 22, 11, 4, 7, '2014-04-12 08:06:26'),
(603, 22, 11, 4, 8, '2014-04-12 08:06:26'),
(604, 22, 11, 6, 12, '2014-04-12 08:06:26'),
(605, 22, 11, 8, 16, '2014-04-12 08:06:26'),
(606, 22, 11, 10, 19, '2014-04-12 08:06:26'),
(607, 22, 11, 12, 24, '2014-04-12 08:06:26'),
(608, 22, 11, 14, 28, '2014-04-12 08:06:26'),
(609, 22, 11, 15, 30, '2014-04-12 08:06:26'),
(610, 22, 11, 22, 44, '2014-04-12 08:06:26'),
(611, 22, 11, 25, 50, '2014-04-12 08:06:26'),
(612, 22, 11, 28, 55, '2014-04-12 08:06:26'),
(613, 22, 11, 31, 62, '2014-04-12 08:06:26'),
(614, 22, 11, 32, 63, '2014-04-12 08:06:26'),
(615, 22, 11, 34, 68, '2014-04-12 08:06:26'),
(616, 22, 11, 35, 69, '2014-04-12 08:06:26'),
(617, 22, 11, 37, 74, '2014-04-12 08:06:26'),
(618, 22, 11, 44, 87, '2014-04-12 08:06:26'),
(619, 22, 11, 46, 92, '2014-04-12 08:06:26'),
(620, 22, 11, 48, 95, '2014-04-12 08:06:26'),
(621, 22, 11, 49, 97, '2014-04-12 08:06:26'),
(622, 22, 11, 50, 99, '2014-04-12 08:06:26'),
(623, 22, 11, 51, 102, '2014-04-12 08:06:26'),
(624, 22, 11, 52, 104, '2014-04-12 08:06:26'),
(625, 22, 11, 53, 106, '2014-04-12 08:06:26'),
(626, 22, 11, 54, 107, '2014-04-12 08:06:26'),
(627, 22, 11, 55, 109, '2014-04-12 08:06:26'),
(628, 22, 11, 56, 111, '2014-04-12 08:06:26'),
(629, 22, 11, 58, 115, '2014-04-12 08:06:26'),
(630, 22, 11, 59, 117, '2014-04-12 08:06:26'),
(631, 22, 11, 60, 120, '2014-04-12 08:06:26'),
(632, 22, 11, 61, 121, '2014-04-12 08:06:26'),
(633, 22, 11, 62, 124, '2014-04-12 08:06:26'),
(634, 22, 11, 63, 125, '2014-04-12 08:06:26'),
(635, 22, 11, 64, 128, '2014-04-12 08:06:26'),
(636, 22, 11, 65, 129, '2014-04-12 08:06:26'),
(637, 22, 11, 66, 131, '2014-04-12 08:06:26'),
(638, 22, 11, 67, 133, '2014-04-12 08:06:26'),
(639, 22, 11, 68, 135, '2014-04-12 08:06:26'),
(640, 22, 11, 69, 137, '2014-04-12 08:06:26'),
(641, 22, 11, 70, 140, '2014-04-12 08:06:26'),
(642, 22, 11, 71, 141, '2014-04-12 08:06:26'),
(643, 22, 11, 73, 145, '2014-04-12 08:06:26'),
(644, 22, 11, 74, 148, '2014-04-12 08:06:26'),
(645, 22, 11, 75, 149, '2014-04-12 08:06:26'),
(646, 22, 11, 76, 152, '2014-04-12 08:06:26'),
(647, 22, 11, 77, 153, '2014-04-12 08:06:26'),
(648, 22, 11, 78, 156, '2014-04-12 08:06:26'),
(649, 22, 11, 79, 157, '2014-04-12 08:06:26'),
(650, 22, 11, 80, 160, '2014-04-12 08:06:26'),
(651, 22, 11, 80, 159, '2014-04-12 08:06:26'),
(652, 22, 11, 81, 162, '2014-04-12 08:06:26'),
(653, 22, 11, 82, 163, '2014-04-12 08:06:26'),
(654, 22, 11, 83, 166, '2014-04-12 08:06:26'),
(655, 22, 11, 84, 167, '2014-04-12 08:06:26'),
(656, 22, 11, 85, 170, '2014-04-12 08:06:26'),
(657, 22, 11, 86, 171, '2014-04-12 08:06:26'),
(658, 23, 11, 1, 2, '2014-04-12 08:06:26'),
(659, 23, 11, 4, 7, '2014-04-12 08:06:26'),
(660, 23, 11, 6, 12, '2014-04-12 08:06:26'),
(661, 23, 11, 7, 13, '2014-04-12 08:06:26'),
(662, 23, 11, 8, 15, '2014-04-12 08:06:26'),
(663, 23, 11, 9, 18, '2014-04-12 08:06:26'),
(664, 23, 11, 10, 20, '2014-04-12 08:06:26'),
(665, 23, 11, 11, 21, '2014-04-12 08:06:26'),
(666, 23, 11, 12, 24, '2014-04-12 08:06:26'),
(667, 23, 11, 13, 25, '2014-04-12 08:06:26'),
(668, 23, 11, 14, 27, '2014-04-12 08:06:26'),
(669, 23, 11, 15, 30, '2014-04-12 08:06:26'),
(670, 23, 11, 18, 35, '2014-04-12 08:06:26'),
(671, 23, 11, 19, 38, '2014-04-12 08:06:26'),
(672, 23, 11, 21, 41, '2014-04-12 08:06:26'),
(673, 23, 11, 22, 43, '2014-04-12 08:06:26'),
(674, 23, 11, 24, 47, '2014-04-12 08:06:26'),
(675, 23, 11, 26, 51, '2014-04-12 08:06:26'),
(676, 23, 11, 27, 53, '2014-04-12 08:06:26'),
(677, 23, 11, 28, 55, '2014-04-12 08:06:26'),
(678, 23, 11, 29, 58, '2014-04-12 08:06:26'),
(679, 23, 11, 30, 59, '2014-04-12 08:06:26'),
(680, 23, 11, 32, 63, '2014-04-12 08:06:26'),
(681, 23, 11, 33, 65, '2014-04-12 08:06:26'),
(682, 23, 11, 35, 69, '2014-04-12 08:06:26'),
(683, 23, 11, 36, 72, '2014-04-12 08:06:26'),
(684, 23, 11, 37, 73, '2014-04-12 08:06:26'),
(685, 23, 11, 38, 75, '2014-04-12 08:06:26'),
(686, 23, 11, 39, 78, '2014-04-12 08:06:26'),
(687, 23, 11, 42, 83, '2014-04-12 08:06:26'),
(688, 23, 11, 43, 86, '2014-04-12 08:06:26'),
(689, 23, 11, 45, 90, '2014-04-12 08:06:26'),
(690, 23, 11, 46, 92, '2014-04-12 08:06:26'),
(691, 23, 11, 49, 97, '2014-04-12 08:06:26'),
(692, 23, 11, 51, 102, '2014-04-12 08:06:26'),
(693, 23, 11, 52, 104, '2014-04-12 08:06:26'),
(694, 23, 11, 53, 106, '2014-04-12 08:06:26'),
(695, 23, 11, 54, 108, '2014-04-12 08:06:26'),
(696, 23, 11, 56, 112, '2014-04-12 08:06:26'),
(697, 23, 11, 57, 113, '2014-04-12 08:06:26'),
(698, 23, 11, 58, 115, '2014-04-12 08:06:26'),
(699, 23, 11, 60, 119, '2014-04-12 08:06:26'),
(700, 23, 11, 64, 127, '2014-04-12 08:06:26'),
(701, 23, 11, 66, 131, '2014-04-12 08:06:26'),
(702, 23, 11, 69, 137, '2014-04-12 08:06:26'),
(703, 23, 11, 70, 140, '2014-04-12 08:06:26'),
(704, 23, 11, 71, 141, '2014-04-12 08:06:26'),
(705, 23, 11, 74, 148, '2014-04-12 08:06:26'),
(706, 23, 11, 80, 160, '2014-04-12 08:06:26'),
(707, 23, 11, 81, 162, '2014-04-12 08:06:26'),
(708, 23, 11, 83, 165, '2014-04-12 08:06:26'),
(709, 23, 11, 84, 167, '2014-04-12 08:06:26'),
(710, 23, 11, 86, 171, '2014-04-12 08:06:26'),
(711, 25, 11, 1, 2, '2014-04-12 08:06:26'),
(712, 25, 11, 2, 3, '2014-04-12 08:06:26'),
(713, 28, 11, 1, 1, '2014-04-12 08:06:26'),
(714, 28, 11, 2, 4, '2014-04-12 08:06:26'),
(715, 28, 11, 2, 4, '2014-04-12 08:06:26'),
(716, 28, 11, 3, 6, '2014-04-12 08:06:26'),
(717, 28, 11, 4, 7, '2014-04-12 08:06:26'),
(718, 28, 11, 5, 9, '2014-04-12 08:06:26'),
(719, 28, 11, 6, 11, '2014-04-12 08:06:26'),
(720, 28, 11, 7, 13, '2014-04-12 08:06:26'),
(721, 28, 11, 8, 15, '2014-04-12 08:06:26'),
(722, 28, 11, 9, 18, '2014-04-12 08:06:26'),
(723, 28, 11, 10, 19, '2014-04-12 08:06:26'),
(724, 28, 11, 11, 21, '2014-04-12 08:06:26'),
(725, 28, 11, 12, 24, '2014-04-12 08:06:26'),
(726, 28, 11, 13, 25, '2014-04-12 08:06:26'),
(727, 28, 11, 14, 28, '2014-04-12 08:06:26'),
(728, 28, 11, 15, 29, '2014-04-12 08:06:26'),
(729, 28, 11, 16, 32, '2014-04-12 08:06:26'),
(730, 28, 11, 17, 33, '2014-04-12 08:06:26'),
(731, 28, 11, 21, 41, '2014-04-12 08:06:26'),
(732, 28, 11, 24, 47, '2014-04-12 08:06:26'),
(733, 28, 11, 26, 51, '2014-04-12 08:06:26'),
(734, 28, 11, 28, 56, '2014-04-12 08:06:26'),
(735, 28, 11, 30, 60, '2014-04-12 08:06:26'),
(736, 28, 11, 31, 62, '2014-04-12 08:06:26'),
(737, 28, 11, 32, 63, '2014-04-12 08:06:26'),
(738, 28, 11, 34, 67, '2014-04-12 08:06:26'),
(739, 28, 11, 35, 69, '2014-04-12 08:06:26'),
(740, 28, 11, 35, 70, '2014-04-12 08:06:26'),
(741, 28, 11, 36, 71, '2014-04-12 08:06:26'),
(742, 28, 11, 37, 74, '2014-04-12 08:06:26'),
(743, 28, 11, 38, 75, '2014-04-12 08:06:26'),
(744, 28, 11, 39, 78, '2014-04-12 08:06:26'),
(745, 28, 11, 40, 80, '2014-04-12 08:06:26'),
(746, 28, 11, 41, 81, '2014-04-12 08:06:26'),
(747, 28, 11, 42, 84, '2014-04-12 08:06:26'),
(748, 28, 11, 42, 83, '2014-04-12 08:06:26'),
(749, 28, 11, 43, 85, '2014-04-12 08:06:26'),
(750, 28, 11, 45, 89, '2014-04-12 08:06:26'),
(751, 28, 11, 46, 91, '2014-04-12 08:06:26'),
(752, 28, 11, 46, 92, '2014-04-12 08:06:26'),
(753, 28, 11, 48, 95, '2014-04-12 08:06:26'),
(754, 28, 11, 50, 100, '2014-04-12 08:06:26'),
(755, 28, 11, 51, 101, '2014-04-12 08:06:26'),
(756, 28, 11, 52, 104, '2014-04-12 08:06:26'),
(757, 28, 11, 53, 105, '2014-04-12 08:06:26'),
(758, 28, 11, 59, 118, '2014-04-12 08:06:26'),
(759, 28, 11, 61, 122, '2014-04-12 08:06:26'),
(760, 28, 11, 63, 126, '2014-04-12 08:06:26'),
(761, 28, 11, 65, 129, '2014-04-12 08:06:26'),
(762, 28, 11, 66, 132, '2014-04-12 08:06:26'),
(763, 28, 11, 66, 131, '2014-04-12 08:06:26'),
(764, 28, 11, 67, 134, '2014-04-12 08:06:26'),
(765, 28, 11, 70, 139, '2014-04-12 08:06:26'),
(766, 28, 11, 71, 142, '2014-04-12 08:06:26'),
(767, 28, 11, 72, 144, '2014-04-12 08:06:26'),
(768, 28, 11, 73, 145, '2014-04-12 08:06:26'),
(769, 28, 11, 75, 149, '2014-04-12 08:06:26'),
(770, 28, 11, 77, 153, '2014-04-12 08:06:26'),
(771, 28, 11, 78, 155, '2014-04-12 08:06:26'),
(772, 28, 11, 78, 156, '2014-04-12 08:06:26'),
(773, 28, 11, 78, 155, '2014-04-12 08:06:26'),
(774, 28, 11, 78, 156, '2014-04-12 08:06:26'),
(775, 28, 11, 79, 158, '2014-04-12 08:06:26'),
(776, 28, 11, 80, 160, '2014-04-12 08:06:26'),
(777, 28, 11, 82, 163, '2014-04-12 08:06:26'),
(778, 28, 11, 83, 165, '2014-04-12 08:06:26'),
(779, 28, 11, 84, 167, '2014-04-12 08:06:26'),
(780, 28, 11, 85, 169, '2014-04-12 08:06:26'),
(781, 28, 11, 86, 172, '2014-04-12 08:06:26'),
(782, 29, 11, 6, 11, '2014-04-12 08:06:26'),
(783, 29, 11, 8, 15, '2014-04-12 08:06:26'),
(784, 29, 11, 10, 19, '2014-04-12 08:06:26'),
(785, 29, 11, 16, 32, '2014-04-12 08:06:26'),
(786, 29, 11, 18, 36, '2014-04-12 08:06:26'),
(787, 29, 11, 20, 39, '2014-04-12 08:06:26'),
(788, 29, 11, 24, 47, '2014-04-12 08:06:26'),
(789, 29, 11, 25, 50, '2014-04-12 08:06:26'),
(790, 29, 11, 29, 58, '2014-04-12 08:06:26'),
(791, 29, 11, 30, 59, '2014-04-12 08:06:26'),
(792, 29, 11, 36, 72, '2014-04-12 08:06:26'),
(793, 29, 11, 42, 83, '2014-04-12 08:06:26'),
(794, 29, 11, 43, 85, '2014-04-12 08:06:26'),
(795, 30, 11, 1, 1, '2014-04-12 08:06:26'),
(796, 30, 11, 2, 3, '2014-04-12 08:06:26'),
(797, 30, 11, 3, 6, '2014-04-12 08:06:26'),
(798, 30, 11, 4, 7, '2014-04-12 08:06:26'),
(799, 30, 11, 5, 10, '2014-04-12 08:06:26'),
(800, 30, 11, 6, 11, '2014-04-12 08:06:26'),
(801, 30, 11, 7, 13, '2014-04-12 08:06:26'),
(802, 30, 11, 8, 15, '2014-04-12 08:06:26'),
(803, 30, 11, 9, 17, '2014-04-12 08:06:26'),
(804, 30, 11, 10, 20, '2014-04-12 08:06:26'),
(805, 30, 11, 11, 22, '2014-04-12 08:06:26'),
(806, 30, 11, 12, 24, '2014-04-12 08:06:26'),
(807, 30, 11, 13, 25, '2014-04-12 08:06:26'),
(808, 30, 11, 14, 28, '2014-04-12 08:06:26'),
(809, 30, 11, 15, 30, '2014-04-12 08:06:26'),
(810, 30, 11, 16, 31, '2014-04-12 08:06:26'),
(811, 30, 11, 17, 34, '2014-04-12 08:06:26'),
(812, 30, 11, 18, 36, '2014-04-12 08:06:26'),
(813, 30, 11, 21, 41, '2014-04-12 08:06:26'),
(814, 30, 11, 25, 50, '2014-04-12 08:06:26'),
(815, 30, 11, 26, 52, '2014-04-12 08:06:26'),
(816, 30, 11, 27, 54, '2014-04-12 08:06:26'),
(817, 30, 11, 28, 55, '2014-04-12 08:06:26'),
(818, 30, 11, 29, 58, '2014-04-12 08:06:26'),
(819, 30, 11, 30, 59, '2014-04-12 08:06:26'),
(820, 30, 11, 35, 69, '2014-04-12 08:06:26'),
(821, 30, 11, 36, 72, '2014-04-12 08:06:26'),
(822, 30, 11, 40, 80, '2014-04-12 08:06:26'),
(823, 30, 11, 42, 83, '2014-04-12 08:06:26'),
(824, 30, 11, 43, 86, '2014-04-12 08:06:26'),
(825, 30, 11, 45, 89, '2014-04-12 08:06:26'),
(826, 30, 11, 46, 92, '2014-04-12 08:06:26'),
(827, 30, 11, 47, 93, '2014-04-12 08:06:26'),
(828, 30, 11, 50, 99, '2014-04-12 08:06:26'),
(829, 30, 11, 51, 102, '2014-04-12 08:06:26'),
(830, 30, 11, 52, 103, '2014-04-12 08:06:26'),
(831, 30, 11, 53, 106, '2014-04-12 08:06:26'),
(832, 30, 11, 54, 108, '2014-04-12 08:06:26'),
(833, 30, 11, 57, 113, '2014-04-12 08:06:26'),
(834, 30, 11, 58, 116, '2014-04-12 08:06:26'),
(835, 30, 11, 60, 119, '2014-04-12 08:06:26'),
(836, 30, 11, 64, 127, '2014-04-12 08:06:26'),
(837, 30, 11, 66, 131, '2014-04-12 08:06:26'),
(838, 30, 11, 67, 134, '2014-04-12 08:06:26'),
(839, 30, 11, 68, 136, '2014-04-12 08:06:26'),
(840, 30, 11, 69, 138, '2014-04-12 08:06:26'),
(841, 30, 11, 70, 140, '2014-04-12 08:06:26'),
(842, 30, 11, 71, 141, '2014-04-12 08:06:26'),
(843, 30, 11, 73, 146, '2014-04-12 08:06:26'),
(844, 30, 11, 75, 150, '2014-04-12 08:06:26'),
(845, 30, 11, 79, 157, '2014-04-12 08:06:26'),
(846, 30, 11, 80, 160, '2014-04-12 08:06:26'),
(847, 30, 11, 81, 162, '2014-04-12 08:06:26'),
(848, 30, 11, 82, 164, '2014-04-12 08:06:26'),
(849, 30, 11, 83, 165, '2014-04-12 08:06:26'),
(850, 30, 11, 84, 167, '2014-04-12 08:06:26'),
(851, 30, 11, 85, 170, '2014-04-12 08:06:26'),
(852, 0, 11, 44, 88, '2014-04-12 08:06:26'),
(853, 29, 11, 44, 88, '2014-04-12 08:06:26'),
(854, 29, 11, 45, 89, '2014-04-12 08:06:26'),
(855, 29, 11, 46, 92, '2014-04-12 08:06:26'),
(856, 29, 11, 49, 97, '2014-04-12 08:06:26'),
(857, 29, 11, 57, 113, '2014-04-12 08:06:26'),
(858, 29, 11, 60, 119, '2014-04-12 08:06:26'),
(859, 29, 11, 62, 124, '2014-04-12 08:06:26'),
(860, 29, 11, 64, 127, '2014-04-12 08:06:26'),
(861, 29, 11, 69, 138, '2014-04-12 08:06:26'),
(862, 29, 11, 73, 146, '2014-04-12 08:06:26'),
(863, 29, 11, 75, 150, '2014-04-12 08:06:26'),
(864, 29, 11, 80, 159, '2014-04-12 08:06:26'),
(865, 31, 11, 3, 6, '2014-04-12 08:06:26'),
(866, 31, 11, 4, 7, '2014-04-12 08:06:26'),
(867, 31, 11, 6, 11, '2014-04-12 08:06:26'),
(868, 31, 11, 7, 13, '2014-04-12 08:06:26'),
(869, 31, 11, 8, 15, '2014-04-12 08:06:26'),
(870, 31, 11, 10, 20, '2014-04-12 08:06:26'),
(871, 31, 11, 11, 22, '2014-04-12 08:06:26'),
(872, 31, 11, 12, 24, '2014-04-12 08:06:26'),
(873, 31, 11, 18, 36, '2014-04-12 08:06:26'),
(874, 31, 11, 22, 43, '2014-04-12 08:06:26'),
(875, 31, 11, 28, 55, '2014-04-12 08:06:26'),
(876, 31, 11, 36, 72, '2014-04-12 08:06:26'),
(877, 31, 11, 43, 86, '2014-04-12 08:06:26'),
(878, 31, 11, 53, 106, '2014-04-12 08:06:26'),
(879, 31, 11, 60, 119, '2014-04-12 08:06:26'),
(880, 31, 11, 69, 138, '2014-04-12 08:06:26'),
(881, 31, 11, 70, 140, '2014-04-12 08:06:26'),
(882, 31, 11, 84, 167, '2014-04-12 08:06:26'),
(883, 33, 11, 2, 4, '2014-04-12 08:06:26'),
(884, 33, 11, 3, 5, '2014-04-12 08:06:26'),
(885, 33, 11, 4, 7, '2014-04-12 08:06:26'),
(886, 33, 11, 5, 10, '2014-04-12 08:06:26'),
(887, 33, 11, 6, 12, '2014-04-12 08:06:26'),
(888, 33, 11, 7, 13, '2014-04-12 08:06:26'),
(889, 33, 11, 8, 15, '2014-04-12 08:06:26'),
(890, 33, 11, 9, 18, '2014-04-12 08:06:26'),
(891, 33, 11, 10, 20, '2014-04-12 08:06:26'),
(892, 33, 11, 11, 22, '2014-04-12 08:06:26'),
(893, 33, 11, 12, 24, '2014-04-12 08:06:26'),
(894, 33, 11, 13, 25, '2014-04-12 08:06:26'),
(895, 33, 11, 16, 32, '2014-04-12 08:06:26'),
(896, 33, 11, 18, 36, '2014-04-12 08:06:26'),
(897, 33, 11, 19, 38, '2014-04-12 08:06:26'),
(898, 33, 11, 20, 39, '2014-04-12 08:06:26'),
(899, 33, 11, 21, 41, '2014-04-12 08:06:26'),
(900, 33, 11, 22, 43, '2014-04-12 08:06:26'),
(901, 33, 11, 24, 48, '2014-04-12 08:06:26'),
(902, 33, 11, 25, 49, '2014-04-12 08:06:26'),
(903, 33, 11, 26, 52, '2014-04-12 08:06:26'),
(904, 33, 11, 27, 54, '2014-04-12 08:06:26'),
(905, 33, 11, 28, 55, '2014-04-12 08:06:26'),
(906, 33, 11, 29, 57, '2014-04-12 08:06:26'),
(907, 33, 11, 32, 63, '2014-04-12 08:06:26'),
(908, 33, 11, 33, 65, '2014-04-12 08:06:26'),
(909, 33, 11, 35, 70, '2014-04-12 08:06:26'),
(910, 33, 11, 36, 72, '2014-04-12 08:06:26'),
(911, 33, 11, 37, 73, '2014-04-12 08:06:26'),
(912, 33, 11, 40, 80, '2014-04-12 08:06:26'),
(913, 33, 11, 41, 81, '2014-04-12 08:06:26'),
(914, 33, 11, 42, 83, '2014-04-12 08:06:26'),
(915, 33, 11, 43, 85, '2014-04-12 08:06:26'),
(916, 33, 11, 44, 87, '2014-04-12 08:06:26'),
(917, 33, 11, 45, 90, '2014-04-12 08:06:26'),
(918, 33, 11, 46, 92, '2014-04-12 08:06:26'),
(919, 33, 11, 46, 92, '2014-04-12 08:06:26'),
(920, 33, 11, 47, 93, '2014-04-12 08:06:26'),
(921, 33, 11, 50, 100, '2014-04-12 08:06:26'),
(922, 33, 11, 51, 102, '2014-04-12 08:06:26'),
(923, 33, 11, 52, 104, '2014-04-12 08:06:26'),
(924, 33, 11, 53, 105, '2014-04-12 08:06:26'),
(925, 33, 11, 56, 112, '2014-04-12 08:06:26'),
(926, 33, 11, 58, 116, '2014-04-12 08:06:26'),
(927, 33, 11, 60, 119, '2014-04-12 08:06:26'),
(928, 33, 11, 61, 121, '2014-04-12 08:06:26'),
(929, 33, 11, 63, 126, '2014-04-12 08:06:26'),
(930, 33, 11, 66, 131, '2014-04-12 08:06:26'),
(931, 33, 11, 67, 134, '2014-04-12 08:06:26'),
(932, 33, 11, 69, 138, '2014-04-12 08:06:26'),
(933, 33, 11, 70, 140, '2014-04-12 08:06:26'),
(934, 33, 11, 71, 141, '2014-04-12 08:06:26'),
(935, 33, 11, 72, 144, '2014-04-12 08:06:26'),
(936, 33, 11, 73, 146, '2014-04-12 08:06:26'),
(937, 33, 11, 75, 150, '2014-04-12 08:06:26'),
(938, 33, 11, 76, 152, '2014-04-12 08:06:26'),
(939, 33, 11, 77, 154, '2014-04-12 08:06:26'),
(940, 33, 11, 78, 156, '2014-04-12 08:06:26'),
(941, 33, 11, 79, 158, '2014-04-12 08:06:26'),
(942, 33, 11, 80, 160, '2014-04-12 08:06:26'),
(943, 33, 11, 81, 162, '2014-04-12 08:06:26'),
(944, 33, 11, 82, 163, '2014-04-12 08:06:26'),
(945, 33, 11, 84, 167, '2014-04-12 08:06:26'),
(946, 38, 11, 1, 2, '2014-04-12 08:06:26'),
(947, 38, 11, 2, 4, '2014-04-12 08:06:26'),
(948, 38, 11, 3, 5, '2014-04-12 08:06:26'),
(949, 38, 11, 4, 8, '2014-04-12 08:06:26'),
(950, 38, 11, 7, 14, '2014-04-12 08:06:26'),
(951, 38, 11, 8, 16, '2014-04-12 08:06:26'),
(952, 38, 11, 9, 18, '2014-04-12 08:06:26'),
(953, 38, 11, 10, 20, '2014-04-12 08:06:26'),
(954, 38, 11, 11, 21, '2014-04-12 08:06:26'),
(955, 38, 11, 12, 23, '2014-04-12 08:06:26'),
(956, 38, 11, 13, 25, '2014-04-12 08:06:26'),
(957, 38, 11, 14, 27, '2014-04-12 08:06:26'),
(958, 38, 11, 15, 29, '2014-04-12 08:06:26'),
(959, 38, 11, 16, 31, '2014-04-12 08:06:26'),
(960, 38, 11, 17, 33, '2014-04-12 08:06:26'),
(961, 38, 11, 18, 35, '2014-04-12 08:06:26'),
(962, 38, 11, 19, 37, '2014-04-12 08:06:26'),
(963, 38, 11, 20, 39, '2014-04-12 08:06:26'),
(964, 38, 11, 21, 41, '2014-04-12 08:06:26'),
(965, 38, 11, 22, 44, '2014-04-12 08:06:26'),
(966, 38, 11, 23, 45, '2014-04-12 08:06:26'),
(967, 38, 11, 24, 47, '2014-04-12 08:06:26'),
(968, 38, 11, 25, 49, '2014-04-12 08:06:26'),
(969, 38, 11, 26, 51, '2014-04-12 08:06:26'),
(970, 38, 11, 27, 53, '2014-04-12 08:06:26'),
(971, 38, 11, 28, 55, '2014-04-12 08:06:26'),
(972, 35, 11, 1, 2, '2014-04-12 08:06:26'),
(973, 35, 11, 2, 3, '2014-04-12 08:06:26'),
(974, 35, 11, 3, 6, '2014-04-12 08:06:26'),
(975, 37, 11, 3, 6, '2014-04-12 08:06:26'),
(976, 37, 11, 4, 7, '2014-04-12 08:06:26'),
(977, 37, 11, 6, 12, '2014-04-12 08:06:26'),
(978, 37, 11, 7, 13, '2014-04-12 08:06:26'),
(979, 40, 11, 2, 3, '2014-04-12 08:06:26'),
(980, 37, 11, 8, 15, '2014-04-12 08:06:26'),
(981, 36, 11, 1, 2, '2014-04-12 08:06:26'),
(982, 40, 11, 5, 9, '2014-04-12 08:06:26'),
(983, 36, 11, 2, 3, '2014-04-12 08:06:26'),
(984, 36, 11, 3, 6, '2014-04-12 08:06:26'),
(985, 39, 11, 1, 1, '2014-04-12 08:06:26'),
(986, 36, 11, 4, 7, '2014-04-12 08:06:26'),
(987, 40, 11, 6, 11, '2014-04-12 08:06:26'),
(988, 40, 11, 8, 15, '2014-04-12 08:06:26'),
(989, 40, 11, 9, 18, '2014-04-12 08:06:26'),
(990, 36, 11, 5, 10, '2014-04-12 08:06:26'),
(991, 39, 11, 2, 3, '2014-04-12 08:06:26'),
(992, 37, 11, 10, 20, '2014-04-12 08:06:26'),
(993, 39, 11, 4, 8, '2014-04-12 08:06:26'),
(994, 39, 11, 5, 9, '2014-04-12 08:06:26'),
(995, 39, 11, 6, 11, '2014-04-12 08:06:26'),
(996, 37, 11, 11, 22, '2014-04-12 08:06:26'),
(997, 37, 11, 12, 24, '2014-04-12 08:06:26'),
(998, 40, 11, 10, 19, '2014-04-12 08:06:26'),
(999, 40, 11, 11, 21, '2014-04-12 08:06:26'),
(1000, 37, 11, 13, 25, '2014-04-12 08:06:26'),
(1001, 40, 11, 12, 23, '2014-04-12 08:06:26'),
(1002, 40, 11, 13, 26, '2014-04-12 08:06:26'),
(1003, 37, 11, 14, 27, '2014-04-12 08:06:26'),
(1004, 40, 11, 14, 27, '2014-04-12 08:06:26'),
(1005, 37, 11, 14, 27, '2014-04-12 08:06:26'),
(1006, 36, 11, 6, 11, '2014-04-12 08:06:26'),
(1007, 38, 11, 29, 57, '2014-04-12 08:06:26'),
(1008, 38, 11, 30, 60, '2014-04-12 08:06:26'),
(1009, 40, 11, 15, 30, '2014-04-12 08:06:26'),
(1010, 38, 11, 31, 62, '2014-04-12 08:06:26'),
(1011, 38, 11, 32, 64, '2014-04-12 08:06:26'),
(1012, 39, 11, 8, 15, '2014-04-12 08:06:26'),
(1013, 38, 11, 33, 66, '2014-04-12 08:06:26'),
(1014, 38, 11, 34, 68, '2014-04-12 08:06:26'),
(1015, 38, 11, 35, 70, '2014-04-12 08:06:26'),
(1016, 38, 11, 36, 72, '2014-04-12 08:06:26'),
(1017, 38, 11, 37, 74, '2014-04-12 08:06:26'),
(1018, 37, 11, 16, 32, '2014-04-12 08:06:26'),
(1019, 38, 11, 38, 76, '2014-04-12 08:06:26'),
(1020, 38, 11, 39, 78, '2014-04-12 08:06:26'),
(1021, 38, 11, 40, 80, '2014-04-12 08:06:26'),
(1022, 38, 11, 41, 82, '2014-04-12 08:06:26'),
(1023, 38, 11, 42, 84, '2014-04-12 08:06:26'),
(1024, 38, 11, 43, 86, '2014-04-12 08:06:26'),
(1025, 38, 11, 44, 88, '2014-04-12 08:06:26'),
(1026, 38, 11, 45, 90, '2014-04-12 08:06:26'),
(1027, 38, 11, 46, 91, '2014-04-12 08:06:26'),
(1028, 38, 11, 47, 94, '2014-04-12 08:06:26'),
(1029, 38, 11, 48, 96, '2014-04-12 08:06:26'),
(1030, 38, 11, 49, 97, '2014-04-12 08:06:26'),
(1031, 38, 11, 49, 97, '2014-04-12 08:06:26'),
(1032, 38, 11, 50, 100, '2014-04-12 08:06:26'),
(1033, 38, 11, 51, 102, '2014-04-12 08:06:26'),
(1034, 37, 11, 18, 36, '2014-04-12 08:06:26'),
(1035, 38, 11, 52, 104, '2014-04-12 08:06:26'),
(1036, 38, 11, 53, 106, '2014-04-12 08:06:26'),
(1037, 38, 11, 54, 108, '2014-04-12 08:06:26'),
(1038, 40, 11, 16, 31, '2014-04-12 08:06:26'),
(1039, 38, 11, 55, 110, '2014-04-12 08:06:26'),
(1040, 39, 11, 9, 17, '2014-04-12 08:06:26'),
(1041, 39, 11, 10, 19, '2014-04-12 08:06:26'),
(1042, 40, 11, 17, 33, '2014-04-12 08:06:26'),
(1043, 39, 11, 11, 22, '2014-04-12 08:06:26'),
(1044, 38, 11, 49, 98, '2014-04-12 08:06:26'),
(1045, 39, 11, 12, 23, '2014-04-12 08:06:26'),
(1046, 36, 11, 10, 19, '2014-04-12 08:06:26'),
(1047, 40, 11, 18, 36, '2014-04-12 08:06:26'),
(1048, 37, 11, 20, 39, '2014-04-12 08:06:26'),
(1049, 39, 11, 13, 26, '2014-04-12 08:06:26'),
(1050, 40, 11, 19, 37, '2014-04-12 08:06:26'),
(1051, 39, 11, 14, 27, '2014-04-12 08:06:26'),
(1052, 40, 11, 20, 40, '2014-04-12 08:06:26'),
(1053, 39, 11, 15, 30, '2014-04-12 08:06:26'),
(1054, 40, 11, 21, 42, '2014-04-12 08:06:26'),
(1055, 36, 11, 11, 22, '2014-04-12 08:06:26'),
(1056, 36, 11, 12, 24, '2014-04-12 08:06:26'),
(1057, 37, 11, 24, 48, '2014-04-12 08:06:26'),
(1058, 36, 11, 15, 29, '2014-04-12 08:06:26'),
(1059, 39, 11, 16, 31, '2014-04-12 08:06:26'),
(1060, 38, 11, 56, 112, '2014-04-12 08:06:26'),
(1061, 39, 11, 17, 33, '2014-04-12 08:06:26'),
(1062, 38, 11, 57, 113, '2014-04-12 08:06:26'),
(1063, 38, 11, 59, 118, '2014-04-12 08:06:26'),
(1064, 39, 11, 18, 35, '2014-04-12 08:06:26'),
(1065, 38, 11, 60, 120, '2014-04-12 08:06:26'),
(1066, 38, 11, 61, 121, '2014-04-12 08:06:26'),
(1067, 40, 11, 22, 44, '2014-04-12 08:06:26'),
(1068, 39, 11, 19, 37, '2014-04-12 08:06:26'),
(1069, 40, 11, 23, 46, '2014-04-12 08:06:26'),
(1070, 36, 11, 16, 32, '2014-04-12 08:06:26'),
(1071, 38, 11, 62, 123, '2014-04-12 08:06:26'),
(1072, 40, 11, 24, 48, '2014-04-12 08:06:26'),
(1073, 38, 11, 63, 125, '2014-04-12 08:06:26'),
(1074, 38, 11, 64, 128, '2014-04-12 08:06:26'),
(1075, 40, 11, 25, 50, '2014-04-12 08:06:26'),
(1076, 38, 11, 64, 127, '2014-04-12 08:06:26'),
(1077, 38, 11, 64, 128, '2014-04-12 08:06:26'),
(1078, 36, 11, 17, 33, '2014-04-12 08:06:26'),
(1079, 39, 11, 20, 39, '2014-04-12 08:06:26'),
(1080, 40, 11, 26, 52, '2014-04-12 08:06:26'),
(1081, 37, 11, 26, 52, '2014-04-12 08:06:26'),
(1082, 39, 11, 21, 41, '2014-04-12 08:06:26'),
(1083, 38, 11, 65, 129, '2014-04-12 08:06:26'),
(1084, 40, 11, 27, 54, '2014-04-12 08:06:26'),
(1085, 38, 11, 66, 132, '2014-04-12 08:06:26'),
(1086, 39, 11, 21, 41, '2014-04-12 08:06:26'),
(1087, 40, 11, 28, 56, '2014-04-12 08:06:26'),
(1088, 39, 11, 22, 43, '2014-04-12 08:06:26'),
(1089, 40, 11, 29, 58, '2014-04-12 08:06:26'),
(1090, 39, 11, 23, 45, '2014-04-12 08:06:26'),
(1091, 39, 11, 24, 47, '2014-04-12 08:06:26'),
(1092, 39, 11, 25, 49, '2014-04-12 08:06:26'),
(1093, 38, 11, 67, 133, '2014-04-12 08:06:26'),
(1094, 36, 11, 18, 35, '2014-04-12 08:06:26'),
(1095, 39, 11, 26, 51, '2014-04-12 08:06:26'),
(1096, 39, 11, 27, 53, '2014-04-12 08:06:26'),
(1097, 40, 11, 30, 60, '2014-04-12 08:06:26'),
(1098, 40, 11, 31, 62, '2014-04-12 08:06:26'),
(1099, 38, 11, 68, 135, '2014-04-12 08:06:26'),
(1100, 38, 11, 69, 137, '2014-04-12 08:06:26'),
(1101, 38, 11, 70, 139, '2014-04-12 08:06:26'),
(1102, 40, 11, 32, 63, '2014-04-12 08:06:26'),
(1103, 40, 11, 33, 65, '2014-04-12 08:06:26'),
(1104, 40, 11, 34, 67, '2014-04-12 08:06:26'),
(1105, 40, 11, 35, 69, '2014-04-12 08:06:26'),
(1106, 40, 11, 36, 71, '2014-04-12 08:06:26'),
(1107, 40, 11, 36, 71, '2014-04-12 08:06:26'),
(1108, 40, 11, 36, 71, '2014-04-12 08:06:26'),
(1109, 40, 11, 36, 71, '2014-04-12 08:06:26'),
(1110, 40, 11, 37, 73, '2014-04-12 08:06:26'),
(1111, 40, 11, 38, 75, '2014-04-12 08:06:26'),
(1112, 40, 11, 38, 75, '2014-04-12 08:06:26'),
(1113, 37, 11, 28, 56, '2014-04-12 08:06:26'),
(1114, 36, 11, 19, 38, '2014-04-12 08:06:26'),
(1115, 36, 11, 20, 39, '2014-04-12 08:06:26'),
(1116, 40, 11, 39, 77, '2014-04-12 08:06:26'),
(1117, 40, 11, 40, 79, '2014-04-12 08:06:26'),
(1118, 40, 11, 41, 81, '2014-04-12 08:06:26'),
(1119, 40, 11, 42, 83, '2014-04-12 08:06:26'),
(1120, 40, 11, 43, 85, '2014-04-12 08:06:26'),
(1121, 40, 11, 44, 87, '2014-04-12 08:06:26'),
(1122, 40, 11, 45, 89, '2014-04-12 08:06:26'),
(1123, 40, 11, 46, 91, '2014-04-12 08:06:26'),
(1124, 40, 11, 47, 93, '2014-04-12 08:06:26'),
(1125, 40, 11, 47, 93, '2014-04-12 08:06:26'),
(1126, 40, 11, 47, 93, '2014-04-12 08:06:26'),
(1127, 40, 11, 47, 93, '2014-04-12 08:06:26'),
(1128, 38, 11, 71, 141, '2014-04-12 08:06:26'),
(1129, 37, 11, 29, 58, '2014-04-12 08:06:26'),
(1130, 38, 11, 72, 143, '2014-04-12 08:06:26'),
(1131, 38, 11, 73, 145, '2014-04-12 08:06:26'),
(1132, 37, 11, 30, 59, '2014-04-12 08:06:26'),
(1133, 38, 11, 74, 147, '2014-04-12 08:06:26'),
(1134, 38, 11, 75, 149, '2014-04-12 08:06:26'),
(1135, 38, 11, 75, 150, '2014-04-12 08:06:26'),
(1136, 37, 11, 33, 65, '2014-04-12 08:06:26'),
(1137, 38, 11, 76, 151, '2014-04-12 08:06:26'),
(1138, 38, 11, 77, 154, '2014-04-12 08:06:26'),
(1139, 41, 11, 2, 3, '2014-04-12 08:06:26'),
(1140, 38, 11, 78, 155, '2014-04-12 08:06:26'),
(1141, 37, 11, 34, 68, '2014-04-12 08:06:26'),
(1142, 38, 11, 79, 157, '2014-04-12 08:06:26'),
(1143, 38, 11, 80, 159, '2014-04-12 08:06:26'),
(1144, 38, 11, 81, 161, '2014-04-12 08:06:26'),
(1145, 38, 11, 82, 163, '2014-04-12 08:06:26'),
(1146, 41, 11, 3, 6, '2014-04-12 08:06:26'),
(1147, 38, 11, 83, 165, '2014-04-12 08:06:26'),
(1148, 38, 11, 84, 167, '2014-04-12 08:06:26'),
(1149, 38, 11, 85, 169, '2014-04-12 08:06:26'),
(1150, 38, 11, 86, 171, '2014-04-12 08:06:26'),
(1151, 39, 11, 28, 55, '2014-04-12 08:06:26'),
(1152, 39, 11, 29, 57, '2014-04-12 08:06:26'),
(1153, 40, 11, 48, 96, '2014-04-12 08:06:26'),
(1154, 39, 11, 30, 59, '2014-04-12 08:06:26'),
(1155, 40, 11, 49, 98, '2014-04-12 08:06:26'),
(1156, 39, 11, 31, 61, '2014-04-12 08:06:26'),
(1157, 39, 11, 32, 63, '2014-04-12 08:06:26'),
(1158, 41, 11, 4, 7, '2014-04-12 08:06:26'),
(1159, 39, 11, 33, 65, '2014-04-12 08:06:26'),
(1160, 40, 11, 50, 100, '2014-04-12 08:06:26'),
(1161, 40, 11, 51, 102, '2014-04-12 08:06:26'),
(1162, 39, 11, 34, 67, '2014-04-12 08:06:26'),
(1163, 40, 11, 52, 104, '2014-04-12 08:06:26'),
(1164, 39, 11, 35, 69, '2014-04-12 08:06:26'),
(1165, 40, 11, 53, 106, '2014-04-12 08:06:26'),
(1166, 39, 11, 36, 71, '2014-04-12 08:06:26'),
(1167, 40, 11, 54, 108, '2014-04-12 08:06:26'),
(1168, 39, 11, 37, 73, '2014-04-12 08:06:26'),
(1169, 40, 11, 55, 110, '2014-04-12 08:06:26'),
(1170, 39, 11, 38, 75, '2014-04-12 08:06:26'),
(1171, 40, 11, 56, 112, '2014-04-12 08:06:26'),
(1172, 39, 11, 39, 77, '2014-04-12 08:06:26'),
(1173, 40, 11, 56, 112, '2014-04-12 08:06:26'),
(1174, 39, 11, 40, 79, '2014-04-12 08:06:26'),
(1175, 40, 11, 57, 114, '2014-04-12 08:06:26'),
(1176, 39, 11, 41, 81, '2014-04-12 08:06:26'),
(1177, 39, 11, 42, 83, '2014-04-12 08:06:26'),
(1178, 36, 11, 21, 41, '2014-04-12 08:06:26'),
(1179, 40, 11, 58, 116, '2014-04-12 08:06:26'),
(1180, 37, 11, 36, 72, '2014-04-12 08:06:26'),
(1181, 36, 11, 22, 43, '2014-04-12 08:06:26'),
(1182, 39, 11, 43, 85, '2014-04-12 08:06:26'),
(1183, 39, 11, 44, 87, '2014-04-12 08:06:26'),
(1184, 40, 11, 59, 118, '2014-04-12 08:06:26'),
(1185, 40, 11, 60, 120, '2014-04-12 08:06:26'),
(1186, 39, 11, 45, 89, '2014-04-12 08:06:26'),
(1187, 37, 11, 37, 73, '2014-04-12 08:06:26'),
(1188, 40, 11, 61, 122, '2014-04-12 08:06:26'),
(1189, 41, 11, 8, 15, '2014-04-12 08:06:26'),
(1190, 40, 11, 62, 124, '2014-04-12 08:06:26'),
(1191, 40, 11, 63, 126, '2014-04-12 08:06:26'),
(1192, 40, 11, 64, 128, '2014-04-12 08:06:26'),
(1193, 40, 11, 65, 130, '2014-04-12 08:06:26'),
(1194, 40, 11, 66, 132, '2014-04-12 08:06:26'),
(1195, 37, 11, 38, 75, '2014-04-12 08:06:26'),
(1196, 40, 11, 67, 134, '2014-04-12 08:06:26'),
(1197, 40, 11, 68, 136, '2014-04-12 08:06:26'),
(1198, 41, 11, 9, 18, '2014-04-12 08:06:26'),
(1199, 39, 11, 46, 91, '2014-04-12 08:06:26'),
(1200, 39, 11, 46, 91, '2014-04-12 08:06:26'),
(1201, 39, 11, 47, 93, '2014-04-12 08:06:26'),
(1202, 39, 11, 47, 93, '2014-04-12 08:06:26'),
(1203, 39, 11, 47, 93, '2014-04-12 08:06:26'),
(1204, 39, 11, 48, 95, '2014-04-12 08:06:26'),
(1205, 39, 11, 49, 97, '2014-04-12 08:06:26'),
(1206, 39, 11, 50, 99, '2014-04-12 08:06:26'),
(1207, 39, 11, 51, 101, '2014-04-12 08:06:26'),
(1208, 40, 11, 69, 138, '2014-04-12 08:06:26'),
(1209, 40, 11, 70, 140, '2014-04-12 08:06:26'),
(1210, 40, 11, 71, 142, '2014-04-12 08:06:26'),
(1211, 37, 11, 40, 79, '2014-04-12 08:06:26'),
(1212, 40, 11, 72, 144, '2014-04-12 08:06:26'),
(1213, 40, 11, 72, 144, '2014-04-12 08:06:26'),
(1214, 39, 11, 52, 103, '2014-04-12 08:06:26'),
(1215, 39, 11, 53, 105, '2014-04-12 08:06:26'),
(1216, 39, 11, 54, 107, '2014-04-12 08:06:26'),
(1217, 39, 11, 55, 109, '2014-04-12 08:06:26'),
(1218, 39, 11, 56, 111, '2014-04-12 08:06:26'),
(1219, 39, 11, 57, 113, '2014-04-12 08:06:26'),
(1220, 39, 11, 57, 113, '2014-04-12 08:06:26'),
(1221, 40, 11, 73, 146, '2014-04-12 08:06:26'),
(1222, 39, 11, 58, 115, '2014-04-12 08:06:26'),
(1223, 40, 11, 74, 148, '2014-04-12 08:06:26'),
(1224, 37, 11, 41, 82, '2014-04-12 08:06:26'),
(1225, 37, 11, 42, 83, '2014-04-12 08:06:26'),
(1226, 39, 11, 59, 117, '2014-04-12 08:06:26'),
(1227, 36, 11, 24, 47, '2014-04-12 08:06:26'),
(1228, 40, 11, 75, 150, '2014-04-12 08:06:26'),
(1229, 40, 11, 76, 152, '2014-04-12 08:06:26'),
(1230, 39, 11, 60, 119, '2014-04-12 08:06:26'),
(1231, 39, 11, 60, 119, '2014-04-12 08:06:26'),
(1232, 39, 11, 61, 121, '2014-04-12 08:06:26'),
(1233, 39, 11, 61, 121, '2014-04-12 08:06:26'),
(1234, 39, 11, 61, 121, '2014-04-12 08:06:26'),
(1235, 39, 11, 62, 123, '2014-04-12 08:06:26'),
(1236, 39, 11, 63, 125, '2014-04-12 08:06:26'),
(1237, 40, 11, 77, 154, '2014-04-12 08:06:26'),
(1238, 40, 11, 78, 156, '2014-04-12 08:06:26'),
(1239, 39, 11, 63, 125, '2014-04-12 08:06:26'),
(1240, 40, 11, 79, 158, '2014-04-12 08:06:26'),
(1241, 40, 11, 80, 160, '2014-04-12 08:06:26'),
(1242, 39, 11, 64, 127, '2014-04-12 08:06:26'),
(1243, 40, 11, 81, 162, '2014-04-12 08:06:26'),
(1244, 39, 11, 65, 129, '2014-04-12 08:06:26'),
(1245, 39, 11, 66, 131, '2014-04-12 08:06:26'),
(1246, 40, 11, 82, 164, '2014-04-12 08:06:26'),
(1247, 40, 11, 83, 166, '2014-04-12 08:06:26'),
(1248, 37, 11, 43, 86, '2014-04-12 08:06:26'),
(1249, 39, 11, 67, 133, '2014-04-12 08:06:26'),
(1250, 39, 11, 68, 135, '2014-04-12 08:06:26'),
(1251, 39, 11, 69, 137, '2014-04-12 08:06:26'),
(1252, 39, 11, 70, 139, '2014-04-12 08:06:26'),
(1253, 39, 11, 71, 141, '2014-04-12 08:06:26'),
(1254, 39, 11, 72, 143, '2014-04-12 08:06:26'),
(1255, 39, 11, 73, 145, '2014-04-12 08:06:26'),
(1256, 39, 11, 73, 145, '2014-04-12 08:06:26'),
(1257, 39, 11, 74, 147, '2014-04-12 08:06:26'),
(1258, 39, 11, 75, 149, '2014-04-12 08:06:26'),
(1259, 39, 11, 76, 151, '2014-04-12 08:06:26'),
(1260, 39, 11, 76, 151, '2014-04-12 08:06:26'),
(1261, 39, 11, 77, 153, '2014-04-12 08:06:26'),
(1262, 39, 11, 77, 153, '2014-04-12 08:06:26'),
(1263, 39, 11, 78, 155, '2014-04-12 08:06:26'),
(1264, 39, 11, 78, 155, '2014-04-12 08:06:26'),
(1265, 39, 11, 78, 155, '2014-04-12 08:06:26'),
(1266, 39, 11, 79, 157, '2014-04-12 08:06:26'),
(1267, 39, 11, 80, 159, '2014-04-12 08:06:26'),
(1268, 39, 11, 81, 161, '2014-04-12 08:06:26'),
(1269, 39, 11, 82, 163, '2014-04-12 08:06:26'),
(1270, 39, 11, 83, 165, '2014-04-12 08:06:26'),
(1271, 39, 11, 84, 167, '2014-04-12 08:06:26'),
(1272, 39, 11, 84, 167, '2014-04-12 08:06:26'),
(1273, 39, 11, 85, 169, '2014-04-12 08:06:26'),
(1274, 39, 11, 86, 171, '2014-04-12 08:06:26'),
(1275, 36, 11, 25, 50, '2014-04-12 08:06:26'),
(1276, 37, 11, 45, 89, '2014-04-12 08:06:26'),
(1277, 36, 11, 26, 51, '2014-04-12 08:06:26'),
(1278, 37, 11, 46, 92, '2014-04-12 08:06:26'),
(1279, 37, 11, 47, 93, '2014-04-12 08:06:26'),
(1280, 36, 11, 28, 55, '2014-04-12 08:06:26'),
(1281, 37, 11, 48, 95, '2014-04-12 08:06:26'),
(1282, 37, 11, 49, 97, '2014-04-12 08:06:26'),
(1283, 37, 11, 51, 102, '2014-04-12 08:06:26'),
(1284, 37, 11, 52, 103, '2014-04-12 08:06:26'),
(1285, 37, 11, 53, 105, '2014-04-12 08:06:26'),
(1286, 36, 11, 29, 58, '2014-04-12 08:06:26'),
(1287, 36, 11, 30, 59, '2014-04-12 08:06:26'),
(1288, 36, 11, 31, 61, '2014-04-12 08:06:26'),
(1289, 37, 11, 55, 109, '2014-04-12 08:06:26'),
(1290, 36, 11, 32, 63, '2014-04-12 08:06:26'),
(1291, 37, 11, 60, 119, '2014-04-12 08:06:26'),
(1292, 36, 11, 35, 70, '2014-04-12 08:06:26'),
(1293, 36, 11, 40, 80, '2014-04-12 08:06:26'),
(1294, 36, 11, 41, 82, '2014-04-12 08:06:26'),
(1295, 36, 11, 42, 83, '2014-04-12 08:06:26'),
(1296, 36, 11, 43, 86, '2014-04-12 08:06:26'),
(1297, 36, 11, 44, 88, '2014-04-12 08:06:26'),
(1298, 36, 11, 45, 90, '2014-04-12 08:06:26'),
(1299, 36, 11, 46, 92, '2014-04-12 08:06:26'),
(1300, 36, 11, 48, 96, '2014-04-12 08:06:26'),
(1301, 37, 11, 63, 126, '2014-04-12 08:06:26'),
(1302, 37, 11, 64, 127, '2014-04-12 08:06:26'),
(1303, 37, 11, 65, 129, '2014-04-12 08:06:26'),
(1304, 36, 11, 57, 114, '2014-04-12 08:06:26'),
(1305, 36, 11, 59, 118, '2014-04-12 08:06:26'),
(1306, 37, 11, 66, 131, '2014-04-12 08:06:26'),
(1307, 37, 11, 69, 138, '2014-04-12 08:06:26'),
(1308, 36, 11, 60, 119, '2014-04-12 08:06:26'),
(1309, 37, 11, 70, 140, '2014-04-12 08:06:26'),
(1310, 36, 11, 61, 122, '2014-04-12 08:06:26'),
(1311, 37, 11, 71, 142, '2014-04-12 08:06:26'),
(1312, 36, 11, 62, 124, '2014-04-12 08:06:26'),
(1313, 36, 11, 63, 125, '2014-04-12 08:06:26'),
(1314, 36, 11, 64, 127, '2014-04-12 08:06:26'),
(1315, 36, 11, 65, 129, '2014-04-12 08:06:26'),
(1316, 37, 11, 72, 143, '2014-04-12 08:06:26'),
(1317, 36, 11, 66, 131, '2014-04-12 08:06:26'),
(1318, 37, 11, 73, 145, '2014-04-12 08:06:26'),
(1319, 37, 11, 74, 147, '2014-04-12 08:06:26'),
(1320, 36, 11, 68, 136, '2014-04-12 08:06:26'),
(1321, 36, 11, 69, 137, '2014-04-12 08:06:26'),
(1322, 37, 11, 76, 152, '2014-04-12 08:06:26'),
(1323, 36, 11, 72, 143, '2014-04-12 08:06:26'),
(1324, 36, 11, 73, 146, '2014-04-12 08:06:26'),
(1325, 36, 11, 74, 147, '2014-04-12 08:06:26'),
(1326, 36, 11, 75, 150, '2014-04-12 08:06:26'),
(1327, 36, 11, 62, 124, '2014-04-12 08:06:26'),
(1328, 36, 11, 63, 126, '2014-04-12 08:06:26'),
(1329, 36, 11, 69, 138, '2014-04-12 08:06:26'),
(1330, 36, 11, 70, 140, '2014-04-12 08:06:26'),
(1331, 37, 11, 80, 160, '2014-04-12 08:06:26'),
(1332, 36, 11, 72, 143, '2014-04-12 08:06:26'),
(1333, 36, 11, 76, 151, '2014-04-12 08:06:26'),
(1334, 36, 11, 73, 145, '2014-04-12 08:06:26'),
(1335, 36, 11, 74, 148, '2014-04-12 08:06:26'),
(1336, 36, 11, 75, 149, '2014-04-12 08:06:26'),
(1337, 37, 11, 84, 167, '2014-04-12 08:06:26'),
(1338, 36, 11, 77, 153, '2014-04-12 08:06:26'),
(1339, 36, 11, 78, 155, '2014-04-12 08:06:26'),
(1340, 36, 11, 79, 158, '2014-04-12 08:06:26'),
(1341, 36, 11, 80, 160, '2014-04-12 08:06:26'),
(1342, 36, 11, 81, 161, '2014-04-12 08:06:26'),
(1343, 36, 11, 80, 160, '2014-04-12 08:06:26'),
(1344, 36, 11, 85, 169, '2014-04-12 08:06:26'),
(1345, 36, 11, 86, 171, '2014-04-12 08:06:26'),
(1346, 44, 11, 1, 1, '2014-04-12 08:06:26'),
(1347, 44, 11, 2, 3, '2014-04-12 08:06:26'),
(1348, 44, 11, 3, 5, '2014-04-12 08:06:26'),
(1349, 44, 11, 4, 7, '2014-04-12 08:06:26'),
(1350, 44, 11, 5, 9, '2014-04-12 08:06:26'),
(1351, 44, 11, 6, 12, '2014-04-12 08:06:26'),
(1352, 44, 11, 8, 15, '2014-04-12 08:06:26'),
(1353, 44, 11, 9, 18, '2014-04-12 08:06:26'),
(1354, 44, 11, 10, 20, '2014-04-12 08:06:26'),
(1355, 44, 11, 11, 21, '2014-04-12 08:06:26'),
(1356, 44, 11, 12, 24, '2014-04-12 08:06:26'),
(1357, 44, 11, 13, 26, '2014-04-12 08:06:26'),
(1358, 44, 11, 15, 29, '2014-04-12 08:06:26'),
(1359, 44, 11, 16, 31, '2014-04-12 08:06:26'),
(1360, 44, 11, 17, 33, '2014-04-12 08:06:26'),
(1361, 44, 11, 18, 36, '2014-04-12 08:06:26'),
(1362, 44, 11, 19, 37, '2014-04-12 08:06:26'),
(1363, 44, 11, 20, 39, '2014-04-12 08:06:26'),
(1364, 44, 11, 21, 41, '2014-04-12 08:06:26'),
(1365, 44, 11, 22, 43, '2014-04-12 08:06:26'),
(1366, 44, 11, 23, 46, '2014-04-12 08:06:26'),
(1367, 44, 11, 24, 47, '2014-04-12 08:06:26'),
(1368, 44, 11, 25, 50, '2014-04-12 08:06:26'),
(1369, 44, 11, 26, 52, '2014-04-12 08:06:26'),
(1370, 44, 11, 28, 55, '2014-04-12 08:06:26'),
(1371, 44, 11, 29, 57, '2014-04-12 08:06:26'),
(1372, 44, 11, 30, 60, '2014-04-12 08:06:26'),
(1373, 44, 11, 31, 61, '2014-04-12 08:06:26'),
(1374, 44, 11, 33, 65, '2014-04-12 08:06:26'),
(1375, 44, 11, 34, 68, '2014-04-12 08:06:26'),
(1376, 44, 11, 36, 72, '2014-04-12 08:06:26'),
(1377, 44, 11, 37, 73, '2014-04-12 08:06:26'),
(1378, 44, 11, 38, 75, '2014-04-12 08:06:26'),
(1379, 44, 11, 39, 77, '2014-04-12 08:06:26'),
(1380, 44, 11, 40, 79, '2014-04-12 08:06:26'),
(1381, 44, 11, 42, 83, '2014-04-12 08:06:26'),
(1382, 44, 11, 43, 85, '2014-04-12 08:06:26'),
(1383, 44, 11, 44, 88, '2014-04-12 08:06:26'),
(1384, 44, 11, 45, 90, '2014-04-12 08:06:26'),
(1385, 44, 11, 46, 92, '2014-04-12 08:06:26'),
(1386, 44, 11, 48, 95, '2014-04-12 08:06:26'),
(1387, 44, 11, 49, 97, '2014-04-12 08:06:26'),
(1388, 44, 11, 50, 100, '2014-04-12 08:06:26'),
(1389, 44, 11, 51, 102, '2014-04-12 08:06:26'),
(1390, 44, 11, 52, 104, '2014-04-12 08:06:26'),
(1391, 44, 11, 53, 106, '2014-04-12 08:06:26'),
(1392, 44, 11, 54, 108, '2014-04-12 08:06:26'),
(1393, 44, 11, 55, 110, '2014-04-12 08:06:26'),
(1394, 44, 11, 57, 114, '2014-04-12 08:06:26'),
(1395, 44, 11, 58, 115, '2014-04-12 08:06:26'),
(1396, 44, 11, 59, 118, '2014-04-12 08:06:26'),
(1397, 44, 11, 60, 119, '2014-04-12 08:06:26'),
(1398, 44, 11, 61, 121, '2014-04-12 08:06:26'),
(1399, 44, 11, 62, 124, '2014-04-12 08:06:26'),
(1400, 44, 11, 63, 125, '2014-04-12 08:06:26'),
(1401, 44, 11, 64, 127, '2014-04-12 08:06:26'),
(1402, 44, 11, 65, 129, '2014-04-12 08:06:26'),
(1403, 44, 11, 66, 132, '2014-04-12 08:06:26'),
(1404, 44, 11, 69, 138, '2014-04-12 08:06:26'),
(1405, 44, 11, 70, 139, '2014-04-12 08:06:26'),
(1406, 44, 11, 71, 141, '2014-04-12 08:06:26'),
(1407, 44, 11, 72, 144, '2014-04-12 08:06:26'),
(1408, 44, 11, 73, 145, '2014-04-12 08:06:26'),
(1409, 44, 11, 74, 147, '2014-04-12 08:06:26'),
(1410, 44, 11, 75, 150, '2014-04-12 08:06:26'),
(1411, 44, 11, 76, 151, '2014-04-12 08:06:26'),
(1412, 44, 11, 77, 153, '2014-04-12 08:06:26'),
(1413, 44, 11, 79, 158, '2014-04-12 08:06:26'),
(1414, 44, 11, 80, 160, '2014-04-12 08:06:26'),
(1415, 44, 11, 81, 162, '2014-04-12 08:06:26'),
(1416, 44, 11, 82, 163, '2014-04-12 08:06:26'),
(1417, 44, 11, 83, 165, '2014-04-12 08:06:26'),
(1418, 44, 11, 84, 167, '2014-04-12 08:06:26'),
(1419, 44, 11, 85, 169, '2014-04-12 08:06:26'),
(1420, 45, 11, 3, 6, '2014-04-12 08:06:26'),
(1421, 45, 11, 6, 11, '2014-04-12 08:06:26'),
(1422, 45, 11, 8, 15, '2014-04-12 08:06:26'),
(1423, 45, 11, 9, 17, '2014-04-12 08:06:26'),
(1424, 45, 11, 11, 21, '2014-04-12 08:06:26'),
(1425, 45, 11, 12, 24, '2014-04-12 08:06:26'),
(1426, 45, 11, 17, 33, '2014-04-12 08:06:26'),
(1427, 45, 11, 17, 33, '2014-04-12 08:06:26'),
(1428, 45, 11, 26, 51, '2014-04-12 08:06:26'),
(1429, 45, 11, 29, 58, '2014-04-12 08:06:26'),
(1430, 45, 11, 30, 60, '2014-04-12 08:06:26'),
(1431, 45, 11, 31, 62, '2014-04-12 08:06:26'),
(1432, 45, 11, 33, 65, '2014-04-12 08:06:26'),
(1433, 45, 11, 40, 80, '2014-04-12 08:06:26'),
(1434, 45, 11, 43, 86, '2014-04-12 08:06:26'),
(1435, 45, 11, 44, 88, '2014-04-12 08:06:26'),
(1436, 45, 11, 45, 90, '2014-04-12 08:06:26'),
(1437, 45, 11, 47, 93, '2014-04-12 08:06:26'),
(1438, 45, 11, 47, 93, '2014-04-12 08:06:26'),
(1439, 45, 11, 47, 93, '2014-04-12 08:06:26'),
(1440, 45, 11, 47, 93, '2014-04-12 08:06:26'),
(1441, 45, 11, 47, 93, '2014-04-12 08:06:26'),
(1442, 45, 11, 47, 93, '2014-04-12 08:06:26'),
(1443, 45, 11, 47, 93, '2014-04-12 08:06:26'),
(1444, 45, 11, 47, 93, '2014-04-12 08:06:26'),
(1445, 45, 11, 48, 96, '2014-04-12 08:06:26'),
(1446, 45, 11, 49, 97, '2014-04-12 08:06:26'),
(1447, 45, 11, 54, 108, '2014-04-12 08:06:26'),
(1448, 45, 11, 57, 113, '2014-04-12 08:06:26'),
(1449, 45, 11, 58, 116, '2014-04-12 08:06:26'),
(1450, 46, 11, 1, 2, '2014-04-12 08:06:26'),
(1451, 46, 11, 2, 4, '2014-04-12 08:06:26'),
(1452, 46, 11, 3, 6, '2014-04-12 08:06:26'),
(1453, 46, 11, 5, 10, '2014-04-12 08:06:26'),
(1454, 46, 11, 6, 12, '2014-04-12 08:06:26'),
(1455, 46, 11, 10, 20, '2014-04-12 08:06:26'),
(1456, 46, 11, 11, 21, '2014-04-12 08:06:26'),
(1457, 46, 11, 12, 24, '2014-04-12 08:06:26'),
(1458, 46, 11, 20, 39, '2014-04-12 08:06:26'),
(1459, 46, 11, 21, 41, '2014-04-12 08:06:26'),
(1460, 46, 11, 29, 58, '2014-04-12 08:06:26'),
(1461, 46, 11, 30, 59, '2014-04-12 08:06:26'),
(1462, 46, 11, 31, 61, '2014-04-12 08:06:26'),
(1463, 46, 11, 42, 83, '2014-04-12 08:06:26'),
(1464, 46, 11, 43, 86, '2014-04-12 08:06:26'),
(1465, 46, 11, 48, 95, '2014-04-12 08:06:26'),
(1466, 46, 11, 49, 97, '2014-04-12 08:06:26'),
(1467, 46, 11, 51, 102, '2014-04-12 08:06:26'),
(1468, 46, 11, 53, 105, '2014-04-12 08:06:26'),
(1469, 46, 11, 75, 150, '2014-04-12 08:06:26'),
(1470, 46, 11, 76, 152, '2014-04-12 08:06:26'),
(1471, 48, 11, 4, 7, '2014-04-12 08:06:26'),
(1472, 48, 11, 5, 9, '2014-04-12 08:06:26'),
(1473, 48, 11, 6, 12, '2014-04-12 08:06:26'),
(1474, 48, 11, 8, 15, '2014-04-12 08:06:26'),
(1475, 48, 11, 12, 24, '2014-04-12 08:06:26'),
(1476, 48, 11, 13, 25, '2014-04-12 08:06:26'),
(1477, 48, 11, 30, 59, '2014-04-12 08:06:26'),
(1478, 48, 11, 37, 73, '2014-04-12 08:06:26'),
(1479, 48, 11, 42, 83, '2014-04-12 08:06:26'),
(1480, 48, 11, 43, 85, '2014-04-12 08:06:26'),
(1481, 48, 11, 51, 102, '2014-04-12 08:06:26'),
(1482, 48, 11, 52, 104, '2014-04-12 08:06:26'),
(1483, 48, 11, 60, 119, '2014-04-12 08:06:26'),
(1484, 48, 11, 70, 140, '2014-04-12 08:06:26'),
(1485, 48, 11, 72, 144, '2014-04-12 08:06:26'),
(1486, 48, 11, 73, 145, '2014-04-12 08:06:26'),
(1487, 48, 11, 77, 153, '2014-04-12 08:06:26'),
(1488, 48, 11, 80, 160, '2014-04-12 08:06:26'),
(1489, 48, 11, 84, 167, '2014-04-12 08:06:26'),
(1490, 49, 11, 2, 3, '2014-04-12 08:06:26'),
(1491, 49, 11, 3, 6, '2014-04-12 08:06:26'),
(1492, 49, 11, 4, 7, '2014-04-12 08:06:26'),
(1493, 49, 11, 5, 10, '2014-04-12 08:06:26'),
(1494, 49, 11, 6, 12, '2014-04-12 08:06:26'),
(1495, 49, 11, 7, 14, '2014-04-12 08:06:26'),
(1496, 49, 11, 8, 15, '2014-04-12 08:06:26'),
(1497, 49, 11, 9, 17, '2014-04-12 08:06:26'),
(1498, 49, 11, 10, 19, '2014-04-12 08:06:26'),
(1499, 49, 11, 11, 21, '2014-04-12 08:06:26'),
(1500, 49, 11, 12, 24, '2014-04-12 08:06:26'),
(1501, 49, 11, 17, 34, '2014-04-12 08:06:26'),
(1502, 49, 11, 18, 36, '2014-04-12 08:06:26'),
(1503, 49, 11, 20, 40, '2014-04-12 08:06:26'),
(1504, 49, 11, 22, 44, '2014-04-12 08:06:26'),
(1505, 49, 11, 24, 47, '2014-04-12 08:06:26'),
(1506, 49, 11, 26, 52, '2014-04-12 08:06:26'),
(1507, 49, 11, 27, 53, '2014-04-12 08:06:26'),
(1508, 49, 11, 29, 58, '2014-04-12 08:06:26'),
(1509, 49, 11, 30, 59, '2014-04-12 08:06:26'),
(1510, 49, 11, 31, 62, '2014-04-12 08:06:26'),
(1511, 49, 11, 31, 62, '2014-04-12 08:06:26'),
(1512, 49, 11, 33, 65, '2014-04-12 08:06:26'),
(1513, 49, 11, 34, 68, '2014-04-12 08:06:26'),
(1514, 49, 11, 35, 69, '2014-04-12 08:06:26'),
(1515, 49, 11, 37, 73, '2014-04-12 08:06:26'),
(1516, 49, 11, 38, 75, '2014-04-12 08:06:26'),
(1517, 49, 11, 40, 80, '2014-04-12 08:06:26'),
(1518, 49, 11, 42, 83, '2014-04-12 08:06:26'),
(1519, 49, 11, 43, 86, '2014-04-12 08:06:26'),
(1520, 49, 11, 45, 90, '2014-04-12 08:06:26'),
(1521, 49, 11, 46, 92, '2014-04-12 08:06:26'),
(1522, 49, 11, 48, 96, '2014-04-12 08:06:26'),
(1523, 49, 11, 51, 102, '2014-04-12 08:06:26'),
(1524, 49, 11, 52, 104, '2014-04-12 08:06:26'),
(1525, 49, 11, 53, 106, '2014-04-12 08:06:26'),
(1526, 49, 11, 56, 111, '2014-04-12 08:06:26'),
(1527, 49, 11, 57, 113, '2014-04-12 08:06:26'),
(1528, 49, 11, 58, 115, '2014-04-12 08:06:26'),
(1529, 49, 11, 60, 119, '2014-04-12 08:06:26'),
(1530, 49, 11, 61, 121, '2014-04-12 08:06:26'),
(1531, 49, 11, 64, 127, '2014-04-12 08:06:26'),
(1532, 49, 11, 67, 133, '2014-04-12 08:06:26'),
(1533, 49, 11, 69, 138, '2014-04-12 08:06:26'),
(1534, 49, 11, 70, 140, '2014-04-12 08:06:26'),
(1535, 49, 11, 72, 143, '2014-04-12 08:06:26'),
(1536, 49, 11, 73, 145, '2014-04-12 08:06:26'),
(1537, 49, 11, 74, 147, '2014-04-12 08:06:26'),
(1538, 49, 11, 78, 155, '2014-04-12 08:06:26'),
(1539, 49, 11, 79, 157, '2014-04-12 08:06:26'),
(1540, 49, 11, 80, 159, '2014-04-12 08:06:26'),
(1541, 49, 11, 82, 163, '2014-04-12 08:06:26'),
(1542, 49, 11, 83, 165, '2014-04-12 08:06:26'),
(1543, 49, 11, 84, 167, '2014-04-12 08:06:26'),
(1544, 49, 11, 85, 170, '2014-04-12 08:06:26'),
(1545, 49, 11, 86, 171, '2014-04-12 08:06:26'),
(1546, 50, 11, 10, 19, '2014-04-12 08:06:26'),
(1547, 50, 11, 25, 50, '2014-04-12 08:06:26'),
(1548, 50, 11, 45, 89, '2014-04-12 08:06:26'),
(1549, 50, 11, 57, 113, '2014-04-12 08:06:26'),
(1550, 50, 11, 84, 167, '2014-04-12 08:06:26'),
(1551, 50, 11, 84, 167, '2014-04-12 08:06:26'),
(1552, 50, 11, 84, 167, '2014-04-12 08:06:26'),
(1553, 50, 11, 84, 167, '2014-04-12 08:06:26'),
(1554, 50, 11, 84, 167, '2014-04-12 08:06:26'),
(1555, 50, 11, 84, 167, '2014-04-12 08:06:26'),
(1556, 51, 11, 8, 15, '2014-04-12 08:06:26'),
(1557, 51, 11, 12, 23, '2014-04-12 08:06:26'),
(1558, 51, 11, 21, 41, '2014-04-12 08:06:26'),
(1559, 51, 11, 45, 89, '2014-04-12 08:06:26'),
(1560, 51, 11, 48, 95, '2014-04-12 08:06:26'),
(1561, 51, 11, 53, 105, '2014-04-12 08:06:26'),
(1562, 51, 11, 58, 116, '2014-04-12 08:06:26'),
(1563, 51, 11, 60, 119, '2014-04-12 08:06:26'),
(1564, 51, 11, 64, 127, '2014-04-12 08:06:26'),
(1565, 51, 11, 73, 146, '2014-04-12 08:06:26'),
(1566, 52, 11, 4, 7, '2014-04-12 08:06:26'),
(1567, 52, 11, 5, 10, '2014-04-12 08:06:26'),
(1568, 52, 11, 6, 12, '2014-04-12 08:06:26'),
(1569, 52, 11, 7, 13, '2014-04-12 08:06:26'),
(1570, 52, 11, 8, 15, '2014-04-12 08:06:26'),
(1571, 52, 11, 9, 17, '2014-04-12 08:06:26');
INSERT INTO `test_interestv1_result` (`id`, `user_master_id`, `test_master_id`, `test_interestv1_setid`, `attitude_interests_activities_id`, `lastupdated`) VALUES
(1572, 52, 11, 10, 20, '2014-04-12 08:06:26'),
(1573, 52, 11, 11, 22, '2014-04-12 08:06:26'),
(1574, 52, 11, 12, 24, '2014-04-12 08:06:26'),
(1575, 52, 11, 13, 25, '2014-04-12 08:06:26'),
(1576, 52, 11, 14, 27, '2014-04-12 08:06:26'),
(1577, 52, 11, 15, 29, '2014-04-12 08:06:26'),
(1578, 52, 11, 16, 32, '2014-04-12 08:06:26'),
(1579, 52, 11, 17, 34, '2014-04-12 08:06:26'),
(1580, 52, 11, 18, 36, '2014-04-12 08:06:26'),
(1581, 52, 11, 19, 38, '2014-04-12 08:06:26'),
(1582, 52, 11, 20, 39, '2014-04-12 08:06:26'),
(1583, 52, 11, 21, 42, '2014-04-12 08:06:26'),
(1584, 52, 11, 22, 43, '2014-04-12 08:06:26'),
(1585, 52, 11, 23, 46, '2014-04-12 08:06:26'),
(1586, 52, 11, 24, 47, '2014-04-12 08:06:26'),
(1587, 52, 11, 25, 50, '2014-04-12 08:06:26'),
(1588, 52, 11, 26, 51, '2014-04-12 08:06:26'),
(1589, 52, 11, 27, 53, '2014-04-12 08:06:26'),
(1590, 52, 11, 28, 55, '2014-04-12 08:06:26'),
(1591, 52, 11, 29, 58, '2014-04-12 08:06:26'),
(1592, 52, 11, 30, 60, '2014-04-12 08:06:26'),
(1593, 52, 11, 31, 62, '2014-04-12 08:06:26'),
(1594, 52, 11, 32, 63, '2014-04-12 08:06:26'),
(1595, 52, 11, 33, 65, '2014-04-12 08:06:26'),
(1596, 52, 11, 34, 68, '2014-04-12 08:06:26'),
(1597, 52, 11, 35, 69, '2014-04-12 08:06:26'),
(1598, 52, 11, 36, 71, '2014-04-12 08:06:26'),
(1599, 52, 11, 37, 73, '2014-04-12 08:06:26'),
(1600, 52, 11, 38, 76, '2014-04-12 08:06:26'),
(1601, 52, 11, 39, 78, '2014-04-12 08:06:26'),
(1602, 52, 11, 39, 78, '2014-04-12 08:06:26'),
(1603, 52, 11, 40, 80, '2014-04-12 08:06:26'),
(1604, 52, 11, 41, 81, '2014-04-12 08:06:26'),
(1605, 52, 11, 42, 83, '2014-04-12 08:06:26'),
(1606, 52, 11, 43, 86, '2014-04-12 08:06:26'),
(1607, 52, 11, 44, 88, '2014-04-12 08:06:26'),
(1608, 52, 11, 45, 89, '2014-04-12 08:06:26'),
(1609, 52, 11, 46, 92, '2014-04-12 08:06:26'),
(1610, 52, 11, 48, 96, '2014-04-12 08:06:26'),
(1611, 52, 11, 49, 97, '2014-04-12 08:06:26'),
(1612, 52, 11, 50, 100, '2014-04-12 08:06:26'),
(1613, 52, 11, 51, 102, '2014-04-12 08:06:26'),
(1614, 52, 11, 52, 104, '2014-04-12 08:06:26'),
(1615, 52, 11, 53, 106, '2014-04-12 08:06:26'),
(1616, 52, 11, 54, 107, '2014-04-12 08:06:26'),
(1617, 52, 11, 57, 114, '2014-04-12 08:06:26'),
(1618, 52, 11, 58, 116, '2014-04-12 08:06:26'),
(1619, 52, 11, 60, 119, '2014-04-12 08:06:26'),
(1620, 52, 11, 61, 122, '2014-04-12 08:06:26'),
(1621, 52, 11, 63, 126, '2014-04-12 08:06:26'),
(1622, 52, 11, 64, 127, '2014-04-12 08:06:26'),
(1623, 52, 11, 66, 131, '2014-04-12 08:06:26'),
(1624, 52, 11, 68, 135, '2014-04-12 08:06:26'),
(1625, 52, 11, 69, 138, '2014-04-12 08:06:26'),
(1626, 52, 11, 70, 140, '2014-04-12 08:06:26'),
(1627, 52, 11, 71, 141, '2014-04-12 08:06:26'),
(1628, 52, 11, 72, 144, '2014-04-12 08:06:26'),
(1629, 52, 11, 73, 146, '2014-04-12 08:06:26'),
(1630, 52, 11, 74, 147, '2014-04-12 08:06:26'),
(1631, 52, 11, 75, 150, '2014-04-12 08:06:26'),
(1632, 52, 11, 76, 152, '2014-04-12 08:06:26'),
(1633, 52, 11, 77, 153, '2014-04-12 08:06:26'),
(1634, 52, 11, 77, 153, '2014-04-12 08:06:26'),
(1635, 52, 11, 77, 153, '2014-04-12 08:06:26'),
(1636, 52, 11, 78, 155, '2014-04-12 08:06:26'),
(1637, 52, 11, 80, 160, '2014-04-12 08:06:26'),
(1638, 52, 11, 82, 163, '2014-04-12 08:06:26'),
(1639, 52, 11, 83, 166, '2014-04-12 08:06:26'),
(1640, 52, 11, 84, 167, '2014-04-12 08:06:26'),
(1641, 52, 11, 85, 169, '2014-04-12 08:06:26'),
(1642, 52, 11, 86, 171, '2014-04-12 08:06:26'),
(1643, 54, 11, 2, 3, '2014-04-12 08:06:26'),
(1644, 54, 11, 4, 7, '2014-04-12 08:06:26'),
(1645, 54, 11, 5, 10, '2014-04-12 08:06:26'),
(1646, 54, 11, 6, 11, '2014-04-12 08:06:26'),
(1647, 54, 11, 7, 13, '2014-04-12 08:06:26'),
(1648, 54, 11, 8, 15, '2014-04-12 08:06:26'),
(1649, 54, 11, 9, 18, '2014-04-12 08:06:26'),
(1650, 54, 11, 10, 20, '2014-04-12 08:06:26'),
(1651, 54, 11, 11, 22, '2014-04-12 08:06:26'),
(1652, 54, 11, 12, 24, '2014-04-12 08:06:26'),
(1653, 54, 11, 13, 25, '2014-04-12 08:06:26'),
(1654, 54, 11, 14, 27, '2014-04-12 08:06:26'),
(1655, 54, 11, 15, 29, '2014-04-12 08:06:26'),
(1656, 54, 11, 17, 33, '2014-04-12 08:06:26'),
(1657, 54, 11, 18, 36, '2014-04-12 08:06:26'),
(1658, 54, 11, 19, 38, '2014-04-12 08:06:26'),
(1659, 54, 11, 20, 39, '2014-04-12 08:06:26'),
(1660, 54, 11, 21, 42, '2014-04-12 08:06:26'),
(1661, 54, 11, 22, 43, '2014-04-12 08:06:26'),
(1662, 54, 11, 23, 46, '2014-04-12 08:06:26'),
(1663, 54, 11, 24, 48, '2014-04-12 08:06:26'),
(1664, 54, 11, 25, 49, '2014-04-12 08:06:26'),
(1665, 54, 11, 26, 52, '2014-04-12 08:06:26'),
(1666, 54, 11, 27, 53, '2014-04-12 08:06:26'),
(1667, 54, 11, 28, 56, '2014-04-12 08:06:26'),
(1668, 54, 11, 29, 58, '2014-04-12 08:06:26'),
(1669, 54, 11, 30, 59, '2014-04-12 08:06:26'),
(1670, 54, 11, 31, 61, '2014-04-12 08:06:26'),
(1671, 54, 11, 32, 64, '2014-04-12 08:06:26'),
(1672, 54, 11, 33, 66, '2014-04-12 08:06:26'),
(1673, 54, 11, 34, 68, '2014-04-12 08:06:26'),
(1674, 54, 11, 35, 70, '2014-04-12 08:06:26'),
(1675, 54, 11, 36, 72, '2014-04-12 08:06:26'),
(1676, 54, 11, 37, 73, '2014-04-12 08:06:26'),
(1677, 54, 11, 38, 76, '2014-04-12 08:06:26'),
(1678, 54, 11, 39, 77, '2014-04-12 08:06:26'),
(1679, 54, 11, 40, 79, '2014-04-12 08:06:26'),
(1680, 54, 11, 41, 82, '2014-04-12 08:06:26'),
(1681, 54, 11, 42, 83, '2014-04-12 08:06:26'),
(1682, 54, 11, 43, 85, '2014-04-12 08:06:26'),
(1683, 54, 11, 44, 88, '2014-04-12 08:06:26'),
(1684, 54, 11, 46, 92, '2014-04-12 08:06:26'),
(1685, 54, 11, 47, 93, '2014-04-12 08:06:26'),
(1686, 54, 11, 48, 96, '2014-04-12 08:06:26'),
(1687, 54, 11, 51, 102, '2014-04-12 08:06:26'),
(1688, 54, 11, 52, 103, '2014-04-12 08:06:26'),
(1689, 54, 11, 53, 105, '2014-04-12 08:06:26'),
(1690, 54, 11, 54, 108, '2014-04-12 08:06:26'),
(1691, 54, 11, 55, 109, '2014-04-12 08:06:26'),
(1692, 54, 11, 57, 113, '2014-04-12 08:06:26'),
(1693, 54, 11, 58, 116, '2014-04-12 08:06:26'),
(1694, 54, 11, 60, 119, '2014-04-12 08:06:26'),
(1695, 54, 11, 65, 130, '2014-04-12 08:06:26'),
(1696, 54, 11, 66, 132, '2014-04-12 08:06:26'),
(1697, 54, 11, 67, 133, '2014-04-12 08:06:26'),
(1698, 54, 11, 69, 138, '2014-04-12 08:06:26'),
(1699, 55, 11, 1, 2, '2014-04-12 08:06:26'),
(1700, 55, 11, 2, 3, '2014-04-12 08:06:26'),
(1701, 55, 11, 3, 6, '2014-04-12 08:06:26'),
(1702, 55, 11, 4, 8, '2014-04-12 08:06:26'),
(1703, 56, 11, 1, 1, '2014-04-12 08:06:26'),
(1704, 55, 11, 5, 10, '2014-04-12 08:06:26'),
(1705, 56, 11, 2, 4, '2014-04-12 08:06:26'),
(1706, 54, 11, 71, 141, '2014-04-12 08:06:26'),
(1707, 55, 11, 6, 12, '2014-04-12 08:06:26'),
(1708, 54, 11, 72, 144, '2014-04-12 08:06:26'),
(1709, 54, 11, 73, 146, '2014-04-12 08:06:26'),
(1710, 55, 11, 7, 14, '2014-04-12 08:06:26'),
(1711, 55, 11, 8, 16, '2014-04-12 08:06:26'),
(1712, 56, 11, 4, 7, '2014-04-12 08:06:26'),
(1713, 55, 11, 9, 17, '2014-04-12 08:06:26'),
(1714, 54, 11, 75, 150, '2014-04-12 08:06:26'),
(1715, 56, 11, 5, 10, '2014-04-12 08:06:26'),
(1716, 54, 11, 76, 152, '2014-04-12 08:06:26'),
(1717, 55, 11, 10, 19, '2014-04-12 08:06:26'),
(1718, 55, 11, 11, 21, '2014-04-12 08:06:26'),
(1719, 55, 11, 12, 23, '2014-04-12 08:06:26'),
(1720, 54, 11, 78, 156, '2014-04-12 08:06:26'),
(1721, 56, 11, 6, 12, '2014-04-12 08:06:26'),
(1722, 55, 11, 13, 25, '2014-04-12 08:06:26'),
(1723, 54, 11, 79, 158, '2014-04-12 08:06:26'),
(1724, 55, 11, 14, 27, '2014-04-12 08:06:26'),
(1725, 54, 11, 80, 160, '2014-04-12 08:06:26'),
(1726, 55, 11, 15, 30, '2014-04-12 08:06:26'),
(1727, 56, 11, 7, 14, '2014-04-12 08:06:26'),
(1728, 54, 11, 81, 162, '2014-04-12 08:06:26'),
(1729, 56, 11, 8, 15, '2014-04-12 08:06:26'),
(1730, 55, 11, 16, 32, '2014-04-12 08:06:26'),
(1731, 54, 11, 82, 164, '2014-04-12 08:06:26'),
(1732, 56, 11, 9, 17, '2014-04-12 08:06:26'),
(1733, 54, 11, 83, 166, '2014-04-12 08:06:26'),
(1734, 55, 11, 17, 33, '2014-04-12 08:06:26'),
(1735, 55, 11, 18, 35, '2014-04-12 08:06:26'),
(1736, 56, 11, 10, 20, '2014-04-12 08:06:26'),
(1737, 54, 11, 85, 169, '2014-04-12 08:06:26'),
(1738, 54, 11, 86, 172, '2014-04-12 08:06:26'),
(1739, 55, 11, 19, 38, '2014-04-12 08:06:26'),
(1740, 56, 11, 11, 21, '2014-04-12 08:06:26'),
(1741, 56, 11, 12, 24, '2014-04-12 08:06:26'),
(1742, 55, 11, 20, 40, '2014-04-12 08:06:26'),
(1743, 56, 11, 13, 25, '2014-04-12 08:06:26'),
(1744, 55, 11, 21, 41, '2014-04-12 08:06:26'),
(1745, 55, 11, 22, 43, '2014-04-12 08:06:26'),
(1746, 56, 11, 14, 27, '2014-04-12 08:06:26'),
(1747, 55, 11, 23, 46, '2014-04-12 08:06:26'),
(1748, 56, 11, 15, 29, '2014-04-12 08:06:26'),
(1749, 55, 11, 24, 47, '2014-04-12 08:06:26'),
(1750, 56, 11, 16, 32, '2014-04-12 08:06:26'),
(1751, 55, 11, 25, 50, '2014-04-12 08:06:26'),
(1752, 55, 11, 26, 51, '2014-04-12 08:06:26'),
(1753, 55, 11, 27, 53, '2014-04-12 08:06:26'),
(1754, 56, 11, 18, 35, '2014-04-12 08:06:26'),
(1755, 55, 11, 28, 55, '2014-04-12 08:06:26'),
(1756, 55, 11, 29, 57, '2014-04-12 08:06:26'),
(1757, 55, 11, 30, 59, '2014-04-12 08:06:26'),
(1758, 55, 11, 31, 62, '2014-04-12 08:06:26'),
(1759, 56, 11, 20, 40, '2014-04-12 08:06:26'),
(1760, 55, 11, 32, 63, '2014-04-12 08:06:26'),
(1761, 56, 11, 21, 42, '2014-04-12 08:06:26'),
(1762, 55, 11, 33, 66, '2014-04-12 08:06:26'),
(1763, 56, 11, 22, 43, '2014-04-12 08:06:26'),
(1764, 55, 11, 34, 68, '2014-04-12 08:06:26'),
(1765, 56, 11, 23, 46, '2014-04-12 08:06:26'),
(1766, 55, 11, 35, 69, '2014-04-12 08:06:26'),
(1767, 55, 11, 36, 71, '2014-04-12 08:06:26'),
(1768, 55, 11, 37, 73, '2014-04-12 08:06:26'),
(1769, 55, 11, 38, 75, '2014-04-12 08:06:26'),
(1770, 56, 11, 24, 48, '2014-04-12 08:06:26'),
(1771, 55, 11, 39, 78, '2014-04-12 08:06:26'),
(1772, 56, 11, 25, 50, '2014-04-12 08:06:26'),
(1773, 56, 11, 26, 52, '2014-04-12 08:06:26'),
(1774, 56, 11, 27, 54, '2014-04-12 08:06:26'),
(1775, 55, 11, 40, 80, '2014-04-12 08:06:26'),
(1776, 56, 11, 28, 56, '2014-04-12 08:06:26'),
(1777, 55, 11, 41, 82, '2014-04-12 08:06:26'),
(1778, 56, 11, 29, 58, '2014-04-12 08:06:26'),
(1779, 55, 11, 42, 83, '2014-04-12 08:06:26'),
(1780, 55, 11, 43, 86, '2014-04-12 08:06:26'),
(1781, 56, 11, 30, 59, '2014-04-12 08:06:26'),
(1782, 55, 11, 44, 87, '2014-04-12 08:06:26'),
(1783, 55, 11, 45, 89, '2014-04-12 08:06:26'),
(1784, 56, 11, 31, 62, '2014-04-12 08:06:26'),
(1785, 56, 11, 32, 63, '2014-04-12 08:06:26'),
(1786, 56, 11, 33, 65, '2014-04-12 08:06:26'),
(1787, 56, 11, 34, 67, '2014-04-12 08:06:26'),
(1788, 56, 11, 35, 69, '2014-04-12 08:06:26'),
(1789, 56, 11, 36, 71, '2014-04-12 08:06:26'),
(1790, 56, 11, 37, 73, '2014-04-12 08:06:26'),
(1791, 56, 11, 38, 75, '2014-04-12 08:06:26'),
(1792, 56, 11, 39, 77, '2014-04-12 08:06:26'),
(1793, 56, 11, 40, 79, '2014-04-12 08:06:26'),
(1794, 56, 11, 41, 81, '2014-04-12 08:06:26'),
(1795, 56, 11, 42, 83, '2014-04-12 08:06:26'),
(1796, 56, 11, 43, 85, '2014-04-12 08:06:26'),
(1797, 56, 11, 44, 87, '2014-04-12 08:06:26'),
(1798, 56, 11, 45, 89, '2014-04-12 08:06:26'),
(1799, 56, 11, 46, 91, '2014-04-12 08:06:26'),
(1800, 56, 11, 47, 93, '2014-04-12 08:06:26'),
(1801, 56, 11, 48, 95, '2014-04-12 08:06:26'),
(1802, 56, 11, 49, 97, '2014-04-12 08:06:26'),
(1803, 56, 11, 50, 99, '2014-04-12 08:06:26'),
(1804, 55, 11, 46, 92, '2014-04-12 08:06:26'),
(1805, 56, 11, 51, 101, '2014-04-12 08:06:26'),
(1806, 56, 11, 52, 103, '2014-04-12 08:06:26'),
(1807, 56, 11, 53, 105, '2014-04-12 08:06:26'),
(1808, 56, 11, 54, 107, '2014-04-12 08:06:26'),
(1809, 56, 11, 55, 109, '2014-04-12 08:06:26'),
(1810, 56, 11, 56, 111, '2014-04-12 08:06:26'),
(1811, 56, 11, 57, 113, '2014-04-12 08:06:26'),
(1812, 56, 11, 58, 115, '2014-04-12 08:06:26'),
(1813, 56, 11, 59, 117, '2014-04-12 08:06:26'),
(1814, 56, 11, 60, 119, '2014-04-12 08:06:26'),
(1815, 56, 11, 61, 121, '2014-04-12 08:06:26'),
(1816, 56, 11, 62, 123, '2014-04-12 08:06:26'),
(1817, 56, 11, 63, 125, '2014-04-12 08:06:26'),
(1818, 56, 11, 64, 127, '2014-04-12 08:06:26'),
(1819, 56, 11, 65, 129, '2014-04-12 08:06:26'),
(1820, 56, 11, 66, 131, '2014-04-12 08:06:26'),
(1821, 56, 11, 66, 131, '2014-04-12 08:06:26'),
(1822, 56, 11, 67, 133, '2014-04-12 08:06:26'),
(1823, 56, 11, 68, 135, '2014-04-12 08:06:26'),
(1824, 56, 11, 69, 137, '2014-04-12 08:06:26'),
(1825, 56, 11, 70, 139, '2014-04-12 08:06:26'),
(1826, 56, 11, 71, 141, '2014-04-12 08:06:26'),
(1827, 56, 11, 72, 143, '2014-04-12 08:06:26'),
(1828, 56, 11, 73, 145, '2014-04-12 08:06:26'),
(1829, 56, 11, 74, 147, '2014-04-12 08:06:26'),
(1830, 56, 11, 75, 149, '2014-04-12 08:06:26'),
(1831, 56, 11, 76, 151, '2014-04-12 08:06:26'),
(1832, 56, 11, 77, 153, '2014-04-12 08:06:26'),
(1833, 56, 11, 78, 155, '2014-04-12 08:06:26'),
(1834, 56, 11, 79, 157, '2014-04-12 08:06:26'),
(1835, 56, 11, 80, 159, '2014-04-12 08:06:26'),
(1836, 56, 11, 81, 161, '2014-04-12 08:06:26'),
(1837, 56, 11, 82, 163, '2014-04-12 08:06:26'),
(1838, 56, 11, 83, 165, '2014-04-12 08:06:26'),
(1839, 56, 11, 84, 167, '2014-04-12 08:06:26'),
(1840, 56, 11, 85, 169, '2014-04-12 08:06:26'),
(1841, 56, 11, 86, 171, '2014-04-12 08:06:26'),
(1842, 55, 11, 47, 93, '2014-04-12 08:06:26'),
(1843, 55, 11, 48, 96, '2014-04-12 08:06:26'),
(1844, 55, 11, 49, 98, '2014-04-12 08:06:26'),
(1845, 55, 11, 50, 100, '2014-04-12 08:06:26'),
(1846, 55, 11, 51, 102, '2014-04-12 08:06:26'),
(1847, 55, 11, 52, 104, '2014-04-12 08:06:26'),
(1848, 55, 11, 53, 106, '2014-04-12 08:06:26'),
(1849, 55, 11, 54, 108, '2014-04-12 08:06:26'),
(1850, 55, 11, 55, 109, '2014-04-12 08:06:26'),
(1851, 55, 11, 56, 112, '2014-04-12 08:06:26'),
(1852, 55, 11, 57, 114, '2014-04-12 08:06:26'),
(1853, 55, 11, 58, 116, '2014-04-12 08:06:26'),
(1854, 55, 11, 59, 117, '2014-04-12 08:06:26'),
(1855, 55, 11, 60, 119, '2014-04-12 08:06:26'),
(1856, 55, 11, 61, 121, '2014-04-12 08:06:26'),
(1857, 55, 11, 62, 124, '2014-04-12 08:06:26'),
(1858, 55, 11, 63, 126, '2014-04-12 08:06:26'),
(1859, 55, 11, 64, 127, '2014-04-12 08:06:26'),
(1860, 55, 11, 65, 130, '2014-04-12 08:06:26'),
(1861, 55, 11, 66, 131, '2014-04-12 08:06:26'),
(1862, 55, 11, 67, 133, '2014-04-12 08:06:26'),
(1863, 55, 11, 68, 135, '2014-04-12 08:06:26'),
(1864, 55, 11, 69, 138, '2014-04-12 08:06:26'),
(1865, 55, 11, 70, 139, '2014-04-12 08:06:26'),
(1866, 55, 11, 71, 141, '2014-04-12 08:06:26'),
(1867, 55, 11, 72, 143, '2014-04-12 08:06:26'),
(1868, 55, 11, 73, 146, '2014-04-12 08:06:26'),
(1869, 55, 11, 74, 147, '2014-04-12 08:06:26'),
(1870, 55, 11, 75, 150, '2014-04-12 08:06:26'),
(1871, 55, 11, 76, 152, '2014-04-12 08:06:26'),
(1872, 55, 11, 77, 153, '2014-04-12 08:06:26'),
(1873, 55, 11, 78, 155, '2014-04-12 08:06:26'),
(1874, 55, 11, 79, 157, '2014-04-12 08:06:26'),
(1875, 55, 11, 80, 159, '2014-04-12 08:06:26'),
(1876, 55, 11, 81, 161, '2014-04-12 08:06:26'),
(1877, 55, 11, 82, 163, '2014-04-12 08:06:26'),
(1878, 55, 11, 83, 165, '2014-04-12 08:06:26'),
(1879, 55, 11, 84, 167, '2014-04-12 08:06:26'),
(1880, 55, 11, 85, 170, '2014-04-12 08:06:26'),
(1881, 55, 11, 86, 172, '2014-04-12 08:06:26'),
(1882, 57, 11, 3, 6, '2014-04-12 08:06:26'),
(1883, 57, 11, 4, 7, '2014-04-12 08:06:26'),
(1884, 57, 11, 5, 10, '2014-04-12 08:06:26'),
(1885, 57, 11, 6, 12, '2014-04-12 08:06:26'),
(1886, 57, 11, 7, 14, '2014-04-12 08:06:26'),
(1887, 57, 11, 8, 15, '2014-04-12 08:06:26'),
(1888, 57, 11, 9, 18, '2014-04-12 08:06:26'),
(1889, 57, 11, 10, 20, '2014-04-12 08:06:26'),
(1890, 57, 11, 11, 22, '2014-04-12 08:06:26'),
(1891, 57, 11, 12, 24, '2014-04-12 08:06:26'),
(1892, 57, 11, 13, 25, '2014-04-12 08:06:26'),
(1893, 57, 11, 14, 27, '2014-04-12 08:06:26'),
(1894, 57, 11, 15, 30, '2014-04-12 08:06:26'),
(1895, 57, 11, 16, 32, '2014-04-12 08:06:26'),
(1896, 57, 11, 17, 34, '2014-04-12 08:06:26'),
(1897, 57, 11, 18, 36, '2014-04-12 08:06:26'),
(1898, 57, 11, 19, 38, '2014-04-12 08:06:26'),
(1899, 57, 11, 20, 40, '2014-04-12 08:06:26'),
(1900, 57, 11, 22, 43, '2014-04-12 08:06:26'),
(1901, 57, 11, 24, 48, '2014-04-12 08:06:26'),
(1902, 57, 11, 25, 49, '2014-04-12 08:06:26'),
(1903, 57, 11, 26, 51, '2014-04-12 08:06:26'),
(1904, 57, 11, 28, 55, '2014-04-12 08:06:26'),
(1905, 57, 11, 30, 59, '2014-04-12 08:06:26'),
(1906, 57, 11, 33, 65, '2014-04-12 08:06:26'),
(1907, 57, 11, 37, 73, '2014-04-12 08:06:26'),
(1908, 57, 11, 38, 75, '2014-04-12 08:06:26'),
(1909, 57, 11, 40, 79, '2014-04-12 08:06:26'),
(1910, 57, 11, 41, 81, '2014-04-12 08:06:26'),
(1911, 57, 11, 42, 83, '2014-04-12 08:06:26'),
(1912, 57, 11, 43, 85, '2014-04-12 08:06:26'),
(1913, 57, 11, 45, 90, '2014-04-12 08:06:26'),
(1914, 57, 11, 46, 92, '2014-04-12 08:06:26'),
(1915, 57, 11, 48, 96, '2014-04-12 08:06:26'),
(1916, 57, 11, 49, 97, '2014-04-12 08:06:26'),
(1917, 57, 11, 51, 102, '2014-04-12 08:06:26'),
(1918, 57, 11, 52, 104, '2014-04-12 08:06:26'),
(1919, 57, 11, 53, 106, '2014-04-12 08:06:26'),
(1920, 57, 11, 54, 108, '2014-04-12 08:06:26'),
(1921, 57, 11, 56, 112, '2014-04-12 08:06:26'),
(1922, 57, 11, 57, 113, '2014-04-12 08:06:26'),
(1923, 57, 11, 60, 119, '2014-04-12 08:06:26'),
(1924, 57, 11, 61, 121, '2014-04-12 08:06:26'),
(1925, 57, 11, 62, 124, '2014-04-12 08:06:26'),
(1926, 57, 11, 63, 126, '2014-04-12 08:06:26'),
(1927, 57, 11, 64, 127, '2014-04-12 08:06:26'),
(1928, 57, 11, 69, 138, '2014-04-12 08:06:26'),
(1929, 57, 11, 70, 140, '2014-04-12 08:06:26'),
(1930, 57, 11, 71, 141, '2014-04-12 08:06:26'),
(1931, 57, 11, 72, 144, '2014-04-12 08:06:26'),
(1932, 57, 11, 73, 145, '2014-04-12 08:06:26'),
(1933, 57, 11, 74, 147, '2014-04-12 08:06:26'),
(1934, 57, 11, 75, 150, '2014-04-12 08:06:26'),
(1935, 57, 11, 76, 152, '2014-04-12 08:06:26'),
(1936, 57, 11, 77, 153, '2014-04-12 08:06:26'),
(1937, 58, 11, 1, 2, '2014-04-12 08:06:26'),
(1938, 57, 11, 78, 156, '2014-04-12 08:06:26'),
(1939, 58, 11, 2, 4, '2014-04-12 08:06:26'),
(1940, 58, 11, 3, 6, '2014-04-12 08:06:26'),
(1941, 58, 11, 4, 7, '2014-04-12 08:06:26'),
(1942, 58, 11, 5, 10, '2014-04-12 08:06:26'),
(1943, 58, 11, 6, 12, '2014-04-12 08:06:26'),
(1944, 57, 11, 80, 160, '2014-04-12 08:06:26'),
(1945, 58, 11, 7, 13, '2014-04-12 08:06:26'),
(1946, 58, 11, 8, 16, '2014-04-12 08:06:26'),
(1947, 58, 11, 9, 17, '2014-04-12 08:06:26'),
(1948, 57, 11, 82, 164, '2014-04-12 08:06:26'),
(1949, 58, 11, 10, 20, '2014-04-12 08:06:26'),
(1950, 57, 11, 84, 167, '2014-04-12 08:06:26'),
(1951, 57, 11, 85, 170, '2014-04-12 08:06:26'),
(1952, 58, 11, 11, 21, '2014-04-12 08:06:26'),
(1953, 58, 11, 12, 23, '2014-04-12 08:06:26'),
(1954, 58, 11, 13, 25, '2014-04-12 08:06:26'),
(1955, 58, 11, 14, 27, '2014-04-12 08:06:26'),
(1956, 58, 11, 15, 29, '2014-04-12 08:06:26'),
(1957, 58, 11, 16, 32, '2014-04-12 08:06:26'),
(1958, 58, 11, 17, 33, '2014-04-12 08:06:26'),
(1959, 58, 11, 20, 39, '2014-04-12 08:06:26'),
(1960, 58, 11, 21, 41, '2014-04-12 08:06:26'),
(1961, 58, 11, 22, 44, '2014-04-12 08:06:26'),
(1962, 58, 11, 23, 46, '2014-04-12 08:06:26'),
(1963, 58, 11, 24, 47, '2014-04-12 08:06:26'),
(1964, 58, 11, 25, 49, '2014-04-12 08:06:26'),
(1965, 58, 11, 26, 52, '2014-04-12 08:06:26'),
(1966, 58, 11, 27, 54, '2014-04-12 08:06:26'),
(1967, 58, 11, 28, 55, '2014-04-12 08:06:26'),
(1968, 58, 11, 29, 58, '2014-04-12 08:06:26'),
(1969, 58, 11, 30, 60, '2014-04-12 08:06:26'),
(1970, 58, 11, 31, 62, '2014-04-12 08:06:26'),
(1971, 58, 11, 32, 63, '2014-04-12 08:06:26'),
(1972, 58, 11, 36, 72, '2014-04-12 08:06:26'),
(1973, 58, 11, 37, 73, '2014-04-12 08:06:26'),
(1974, 58, 11, 38, 76, '2014-04-12 08:06:26'),
(1975, 58, 11, 39, 78, '2014-04-12 08:06:26'),
(1976, 58, 11, 41, 81, '2014-04-12 08:06:26'),
(1977, 58, 11, 42, 83, '2014-04-12 08:06:26'),
(1978, 58, 11, 43, 86, '2014-04-12 08:06:26'),
(1979, 58, 11, 44, 88, '2014-04-12 08:06:26'),
(1980, 58, 11, 45, 89, '2014-04-12 08:06:26'),
(1981, 58, 11, 46, 92, '2014-04-12 08:06:26'),
(1982, 58, 11, 47, 93, '2014-04-12 08:06:26'),
(1983, 58, 11, 48, 96, '2014-04-12 08:06:26'),
(1984, 58, 11, 49, 97, '2014-04-12 08:06:26'),
(1985, 58, 11, 50, 100, '2014-04-12 08:06:26'),
(1986, 58, 11, 51, 101, '2014-04-12 08:06:26'),
(1987, 58, 11, 52, 104, '2014-04-12 08:06:26'),
(1988, 58, 11, 53, 106, '2014-04-12 08:06:26'),
(1989, 58, 11, 56, 111, '2014-04-12 08:06:26'),
(1990, 58, 11, 58, 115, '2014-04-12 08:06:26'),
(1991, 58, 11, 59, 118, '2014-04-12 08:06:26'),
(1992, 58, 11, 61, 122, '2014-04-12 08:06:26'),
(1993, 58, 11, 63, 126, '2014-04-12 08:06:26'),
(1994, 58, 11, 64, 128, '2014-04-12 08:06:26'),
(1995, 58, 11, 65, 129, '2014-04-12 08:06:26'),
(1996, 58, 11, 66, 132, '2014-04-12 08:06:26'),
(1997, 58, 11, 69, 138, '2014-04-12 08:06:26'),
(1998, 58, 11, 71, 141, '2014-04-12 08:06:26'),
(1999, 58, 11, 72, 144, '2014-04-12 08:06:26'),
(2000, 58, 11, 74, 148, '2014-04-12 08:06:26'),
(2001, 58, 11, 76, 151, '2014-04-12 08:06:26'),
(2002, 58, 11, 77, 154, '2014-04-12 08:06:26'),
(2003, 58, 11, 80, 160, '2014-04-12 08:06:26'),
(2004, 58, 11, 83, 166, '2014-04-12 08:06:26'),
(2005, 58, 11, 85, 169, '2014-04-12 08:06:26'),
(2006, 58, 11, 86, 172, '2014-04-12 08:06:26'),
(2007, 59, 11, 1, 2, '2014-04-12 08:06:26'),
(2008, 59, 11, 2, 3, '2014-04-12 08:06:26'),
(2009, 59, 11, 3, 6, '2014-04-12 08:06:26'),
(2010, 59, 11, 4, 8, '2014-04-12 08:06:26'),
(2011, 59, 11, 5, 9, '2014-04-12 08:06:26'),
(2012, 59, 11, 6, 12, '2014-04-12 08:06:26'),
(2013, 59, 11, 7, 14, '2014-04-12 08:06:26'),
(2014, 59, 11, 8, 15, '2014-04-12 08:06:26'),
(2015, 59, 11, 10, 19, '2014-04-12 08:06:26'),
(2016, 59, 11, 11, 21, '2014-04-12 08:06:26'),
(2017, 59, 11, 13, 25, '2014-04-12 08:06:26'),
(2018, 59, 11, 14, 27, '2014-04-12 08:06:26'),
(2019, 59, 11, 15, 30, '2014-04-12 08:06:26'),
(2020, 59, 11, 17, 33, '2014-04-12 08:06:26'),
(2021, 59, 11, 18, 35, '2014-04-12 08:06:26'),
(2022, 59, 11, 19, 37, '2014-04-12 08:06:26'),
(2023, 59, 11, 20, 39, '2014-04-12 08:06:26'),
(2024, 59, 11, 21, 41, '2014-04-12 08:06:26'),
(2025, 59, 11, 24, 47, '2014-04-12 08:06:26'),
(2026, 59, 11, 25, 50, '2014-04-12 08:06:26'),
(2027, 59, 11, 26, 51, '2014-04-12 08:06:26'),
(2028, 59, 11, 28, 55, '2014-04-12 08:06:26'),
(2029, 59, 11, 29, 58, '2014-04-12 08:06:26'),
(2030, 59, 11, 30, 59, '2014-04-12 08:06:26'),
(2031, 59, 11, 31, 61, '2014-04-12 08:06:26'),
(2032, 60, 11, 2, 3, '2014-04-12 08:06:26'),
(2033, 59, 11, 33, 65, '2014-04-12 08:06:26'),
(2034, 59, 11, 34, 68, '2014-04-12 08:06:26'),
(2035, 59, 11, 35, 69, '2014-04-12 08:06:26'),
(2036, 60, 11, 3, 5, '2014-04-12 08:06:26'),
(2037, 60, 11, 4, 7, '2014-04-12 08:06:26'),
(2038, 59, 11, 37, 74, '2014-04-12 08:06:26'),
(2039, 60, 11, 5, 10, '2014-04-12 08:06:26'),
(2040, 59, 11, 39, 78, '2014-04-12 08:06:26'),
(2041, 59, 11, 40, 79, '2014-04-12 08:06:26'),
(2042, 59, 11, 41, 82, '2014-04-12 08:06:26'),
(2043, 59, 11, 42, 83, '2014-04-12 08:06:26'),
(2044, 59, 11, 43, 86, '2014-04-12 08:06:26'),
(2045, 59, 11, 44, 88, '2014-04-12 08:06:26'),
(2046, 59, 11, 45, 89, '2014-04-12 08:06:26'),
(2047, 59, 11, 46, 92, '2014-04-12 08:06:26'),
(2048, 60, 11, 6, 11, '2014-04-12 08:06:26'),
(2049, 59, 11, 49, 97, '2014-04-12 08:06:26'),
(2050, 60, 11, 7, 14, '2014-04-12 08:06:26'),
(2051, 60, 11, 7, 14, '2014-04-12 08:06:26'),
(2052, 59, 11, 50, 99, '2014-04-12 08:06:26'),
(2053, 59, 11, 51, 102, '2014-04-12 08:06:26'),
(2054, 60, 11, 8, 15, '2014-04-12 08:06:26'),
(2055, 59, 11, 52, 104, '2014-04-12 08:06:26'),
(2056, 59, 11, 53, 106, '2014-04-12 08:06:26'),
(2057, 60, 11, 9, 17, '2014-04-12 08:06:26'),
(2058, 59, 11, 54, 108, '2014-04-12 08:06:26'),
(2059, 59, 11, 56, 111, '2014-04-12 08:06:26'),
(2060, 60, 11, 10, 19, '2014-04-12 08:06:26'),
(2061, 59, 11, 57, 114, '2014-04-12 08:06:26'),
(2062, 59, 11, 58, 115, '2014-04-12 08:06:26'),
(2063, 59, 11, 59, 117, '2014-04-12 08:06:26'),
(2064, 59, 11, 60, 119, '2014-04-12 08:06:26'),
(2065, 59, 11, 61, 122, '2014-04-12 08:06:26'),
(2066, 59, 11, 62, 124, '2014-04-12 08:06:26'),
(2067, 60, 11, 11, 21, '2014-04-12 08:06:26'),
(2068, 59, 11, 63, 126, '2014-04-12 08:06:26'),
(2069, 59, 11, 64, 127, '2014-04-12 08:06:26'),
(2070, 60, 11, 12, 24, '2014-04-12 08:06:26'),
(2071, 59, 11, 65, 129, '2014-04-12 08:06:26'),
(2072, 59, 11, 66, 131, '2014-04-12 08:06:26'),
(2073, 60, 11, 13, 25, '2014-04-12 08:06:26'),
(2074, 59, 11, 67, 134, '2014-04-12 08:06:26'),
(2075, 60, 11, 14, 27, '2014-04-12 08:06:26'),
(2076, 59, 11, 69, 138, '2014-04-12 08:06:26'),
(2077, 59, 11, 70, 139, '2014-04-12 08:06:26'),
(2078, 59, 11, 71, 141, '2014-04-12 08:06:26'),
(2079, 59, 11, 73, 145, '2014-04-12 08:06:26'),
(2080, 59, 11, 74, 148, '2014-04-12 08:06:26'),
(2081, 59, 11, 75, 150, '2014-04-12 08:06:26'),
(2082, 59, 11, 76, 152, '2014-04-12 08:06:26'),
(2083, 59, 11, 77, 154, '2014-04-12 08:06:26'),
(2084, 59, 11, 78, 155, '2014-04-12 08:06:26'),
(2085, 60, 11, 15, 30, '2014-04-12 08:06:26'),
(2086, 59, 11, 79, 158, '2014-04-12 08:06:26'),
(2087, 59, 11, 80, 159, '2014-04-12 08:06:26'),
(2088, 60, 11, 16, 32, '2014-04-12 08:06:26'),
(2089, 59, 11, 81, 162, '2014-04-12 08:06:26'),
(2090, 59, 11, 82, 163, '2014-04-12 08:06:26'),
(2091, 59, 11, 83, 165, '2014-04-12 08:06:26'),
(2092, 59, 11, 84, 167, '2014-04-12 08:06:26'),
(2093, 60, 11, 18, 36, '2014-04-12 08:06:26'),
(2094, 59, 11, 85, 169, '2014-04-12 08:06:26'),
(2095, 60, 11, 20, 39, '2014-04-12 08:06:26'),
(2096, 59, 11, 86, 172, '2014-04-12 08:06:26'),
(2097, 60, 11, 21, 41, '2014-04-12 08:06:26'),
(2098, 60, 11, 24, 48, '2014-04-12 08:06:26'),
(2099, 60, 11, 25, 50, '2014-04-12 08:06:26'),
(2100, 60, 11, 26, 52, '2014-04-12 08:06:26'),
(2101, 60, 11, 28, 55, '2014-04-12 08:06:26'),
(2102, 60, 11, 29, 57, '2014-04-12 08:06:26'),
(2103, 60, 11, 30, 59, '2014-04-12 08:06:26'),
(2104, 60, 11, 33, 66, '2014-04-12 08:06:26'),
(2105, 60, 11, 36, 72, '2014-04-12 08:06:26'),
(2106, 60, 11, 37, 73, '2014-04-12 08:06:26'),
(2107, 60, 11, 38, 75, '2014-04-12 08:06:26'),
(2108, 60, 11, 42, 83, '2014-04-12 08:06:26'),
(2109, 60, 11, 43, 85, '2014-04-12 08:06:26'),
(2110, 60, 11, 45, 89, '2014-04-12 08:06:26'),
(2111, 60, 11, 47, 93, '2014-04-12 08:06:26'),
(2112, 60, 11, 48, 96, '2014-04-12 08:06:26'),
(2113, 60, 11, 49, 97, '2014-04-12 08:06:26'),
(2114, 60, 11, 51, 102, '2014-04-12 08:06:26'),
(2115, 60, 11, 52, 103, '2014-04-12 08:06:26'),
(2116, 60, 11, 53, 106, '2014-04-12 08:06:26'),
(2117, 60, 11, 55, 110, '2014-04-12 08:06:26'),
(2118, 60, 11, 56, 112, '2014-04-12 08:06:26'),
(2119, 60, 11, 57, 114, '2014-04-12 08:06:26'),
(2120, 60, 11, 60, 119, '2014-04-12 08:06:26'),
(2121, 60, 11, 61, 121, '2014-04-12 08:06:26'),
(2122, 60, 11, 63, 126, '2014-04-12 08:06:26'),
(2123, 60, 11, 66, 132, '2014-04-12 08:06:26'),
(2124, 60, 11, 67, 133, '2014-04-12 08:06:26'),
(2125, 60, 11, 69, 138, '2014-04-12 08:06:26'),
(2126, 60, 11, 70, 140, '2014-04-12 08:06:26'),
(2127, 60, 11, 72, 144, '2014-04-12 08:06:26'),
(2128, 60, 11, 74, 147, '2014-04-12 08:06:26'),
(2129, 60, 11, 75, 150, '2014-04-12 08:06:26'),
(2130, 60, 11, 76, 152, '2014-04-12 08:06:26'),
(2131, 60, 11, 80, 159, '2014-04-12 08:06:26'),
(2132, 60, 11, 82, 164, '2014-04-12 08:06:26'),
(2133, 60, 11, 83, 165, '2014-04-12 08:06:26'),
(2134, 60, 11, 84, 167, '2014-04-12 08:06:26'),
(2135, 60, 11, 85, 169, '2014-04-12 08:06:26'),
(2136, 61, 11, 1, 2, '2014-04-12 08:06:26'),
(2137, 61, 11, 2, 4, '2014-04-12 08:06:26'),
(2138, 61, 11, 3, 6, '2014-04-12 08:06:26'),
(2139, 61, 11, 4, 8, '2014-04-12 08:06:26'),
(2140, 61, 11, 6, 12, '2014-04-12 08:06:26'),
(2141, 61, 11, 14, 27, '2014-04-12 08:06:26'),
(2142, 61, 11, 17, 33, '2014-04-12 08:06:26'),
(2143, 61, 11, 19, 38, '2014-04-12 08:06:26'),
(2144, 61, 11, 25, 49, '2014-04-12 08:06:26'),
(2145, 61, 11, 26, 51, '2014-04-12 08:06:26'),
(2146, 61, 11, 29, 58, '2014-04-12 08:06:26'),
(2147, 61, 11, 31, 62, '2014-04-12 08:06:26'),
(2148, 61, 11, 35, 70, '2014-04-12 08:06:26'),
(2149, 61, 11, 42, 83, '2014-04-12 08:06:26'),
(2150, 61, 11, 51, 102, '2014-04-12 08:06:26'),
(2151, 61, 11, 53, 106, '2014-04-12 08:06:26'),
(2152, 61, 11, 57, 114, '2014-04-12 08:06:26'),
(2153, 61, 11, 63, 126, '2014-04-12 08:06:26'),
(2154, 61, 11, 66, 131, '2014-04-12 08:06:26'),
(2155, 61, 11, 69, 138, '2014-04-12 08:06:26'),
(2156, 61, 11, 70, 139, '2014-04-12 08:06:26'),
(2157, 61, 11, 81, 161, '2014-04-12 08:06:26'),
(2158, 61, 11, 83, 165, '2014-04-12 08:06:26'),
(2159, 63, 11, 1, 2, '2014-04-12 08:06:26'),
(2160, 63, 11, 2, 3, '2014-04-12 08:06:26'),
(2161, 63, 11, 4, 7, '2014-04-12 08:06:26'),
(2162, 63, 11, 5, 9, '2014-04-12 08:06:26'),
(2163, 63, 11, 6, 12, '2014-04-12 08:06:26'),
(2164, 63, 11, 7, 13, '2014-04-12 08:06:26'),
(2165, 63, 11, 8, 15, '2014-04-12 08:06:26'),
(2166, 63, 11, 10, 20, '2014-04-12 08:06:26'),
(2167, 63, 11, 11, 22, '2014-04-12 08:06:26'),
(2168, 63, 11, 12, 24, '2014-04-12 08:06:26'),
(2169, 63, 11, 13, 25, '2014-04-12 08:06:26'),
(2170, 63, 11, 14, 28, '2014-04-12 08:06:26'),
(2171, 63, 11, 16, 31, '2014-04-12 08:06:26'),
(2172, 63, 11, 17, 34, '2014-04-12 08:06:26'),
(2173, 63, 11, 18, 36, '2014-04-12 08:06:26'),
(2174, 63, 11, 19, 38, '2014-04-12 08:06:26'),
(2175, 63, 11, 20, 40, '2014-04-12 08:06:26'),
(2176, 63, 11, 22, 43, '2014-04-12 08:06:26'),
(2177, 63, 11, 24, 47, '2014-04-12 08:06:26'),
(2178, 63, 11, 25, 50, '2014-04-12 08:06:26'),
(2179, 63, 11, 26, 51, '2014-04-12 08:06:26'),
(2180, 63, 11, 27, 54, '2014-04-12 08:06:26'),
(2181, 63, 11, 28, 55, '2014-04-12 08:06:26'),
(2182, 63, 11, 29, 57, '2014-04-12 08:06:26'),
(2183, 63, 11, 30, 59, '2014-04-12 08:06:26'),
(2184, 63, 11, 33, 65, '2014-04-12 08:06:26'),
(2185, 63, 11, 34, 68, '2014-04-12 08:06:26'),
(2186, 63, 11, 37, 73, '2014-04-12 08:06:26'),
(2187, 64, 11, 1, 2, '2014-04-12 08:06:26'),
(2188, 64, 11, 3, 6, '2014-04-12 08:06:26'),
(2189, 64, 11, 4, 7, '2014-04-12 08:06:26'),
(2190, 64, 11, 5, 10, '2014-04-12 08:06:26'),
(2191, 64, 11, 6, 12, '2014-04-12 08:06:26'),
(2192, 64, 11, 7, 13, '2014-04-12 08:06:26'),
(2193, 64, 11, 8, 15, '2014-04-12 08:06:26'),
(2194, 64, 11, 9, 18, '2014-04-12 08:06:26'),
(2195, 64, 11, 10, 20, '2014-04-12 08:06:26'),
(2196, 64, 11, 11, 21, '2014-04-12 08:06:26'),
(2197, 64, 11, 12, 23, '2014-04-12 08:06:26'),
(2198, 64, 11, 12, 23, '2014-04-12 08:06:26'),
(2199, 64, 11, 12, 24, '2014-04-12 08:06:26'),
(2200, 64, 11, 13, 26, '2014-04-12 08:06:26'),
(2201, 64, 11, 14, 28, '2014-04-12 08:06:26'),
(2202, 64, 11, 14, 27, '2014-04-12 08:06:26'),
(2203, 64, 11, 14, 28, '2014-04-12 08:06:26'),
(2204, 64, 11, 15, 30, '2014-04-12 08:06:26'),
(2205, 64, 11, 15, 30, '2014-04-12 08:06:26'),
(2206, 64, 11, 15, 30, '2014-04-12 08:06:26'),
(2207, 64, 11, 15, 30, '2014-04-12 08:06:26'),
(2208, 64, 11, 15, 30, '2014-04-12 08:06:26'),
(2209, 64, 11, 19, 38, '2014-04-12 08:06:26'),
(2210, 66, 11, 1, 1, '2014-04-12 08:06:26'),
(2211, 66, 11, 2, 3, '2014-04-12 08:06:26'),
(2212, 66, 11, 3, 6, '2014-04-12 08:06:26'),
(2213, 66, 11, 4, 7, '2014-04-12 08:06:26'),
(2214, 66, 11, 6, 12, '2014-04-12 08:06:26'),
(2215, 66, 11, 8, 15, '2014-04-12 08:06:26'),
(2216, 66, 11, 18, 36, '2014-04-12 08:06:26'),
(2217, 66, 11, 19, 38, '2014-04-12 08:06:26'),
(2218, 66, 11, 22, 43, '2014-04-12 08:06:26'),
(2219, 66, 11, 24, 48, '2014-04-12 08:06:26'),
(2220, 66, 11, 25, 50, '2014-04-12 08:06:26'),
(2221, 66, 11, 26, 52, '2014-04-12 08:06:26'),
(2222, 66, 11, 27, 54, '2014-04-12 08:06:26'),
(2223, 66, 11, 28, 55, '2014-04-12 08:06:26'),
(2224, 66, 11, 29, 57, '2014-04-12 08:06:26'),
(2225, 66, 11, 30, 59, '2014-04-12 08:06:26'),
(2226, 66, 11, 33, 65, '2014-04-12 08:06:26'),
(2227, 66, 11, 37, 73, '2014-04-12 08:06:26'),
(2228, 66, 11, 45, 89, '2014-04-12 08:06:26'),
(2229, 66, 11, 46, 92, '2014-04-12 08:06:26'),
(2230, 66, 11, 51, 102, '2014-04-12 08:06:26'),
(2231, 66, 11, 52, 104, '2014-04-12 08:06:26'),
(2232, 66, 11, 53, 105, '2014-04-12 08:06:26'),
(2233, 66, 11, 60, 119, '2014-04-12 08:06:26'),
(2234, 66, 11, 70, 140, '2014-04-12 08:06:26'),
(2235, 66, 11, 73, 146, '2014-04-12 08:06:26'),
(2236, 66, 11, 74, 147, '2014-04-12 08:06:26'),
(2237, 67, 11, 1, 2, '2014-04-12 08:06:26'),
(2238, 67, 11, 2, 4, '2014-04-12 08:06:26'),
(2239, 67, 11, 3, 6, '2014-04-12 08:06:26'),
(2240, 67, 11, 4, 7, '2014-04-12 08:06:26'),
(2241, 67, 11, 5, 10, '2014-04-12 08:06:26'),
(2242, 67, 11, 6, 11, '2014-04-12 08:06:26'),
(2243, 67, 11, 7, 13, '2014-04-12 08:06:26'),
(2244, 67, 11, 8, 15, '2014-04-12 08:06:26'),
(2245, 67, 11, 9, 18, '2014-04-12 08:06:26'),
(2246, 67, 11, 10, 19, '2014-04-12 08:06:26'),
(2247, 67, 11, 11, 21, '2014-04-12 08:06:26'),
(2248, 67, 11, 12, 24, '2014-04-12 08:06:26'),
(2249, 67, 11, 13, 26, '2014-04-12 08:06:26'),
(2250, 67, 11, 14, 28, '2014-04-12 08:06:26'),
(2251, 67, 11, 15, 30, '2014-04-12 08:06:26'),
(2252, 67, 11, 16, 32, '2014-04-12 08:06:26'),
(2253, 67, 11, 17, 33, '2014-04-12 08:06:26'),
(2254, 67, 11, 19, 37, '2014-04-12 08:06:26'),
(2255, 67, 11, 20, 39, '2014-04-12 08:06:26'),
(2256, 67, 11, 21, 41, '2014-04-12 08:06:26'),
(2257, 67, 11, 22, 43, '2014-04-12 08:06:26'),
(2258, 67, 11, 23, 45, '2014-04-12 08:06:26'),
(2259, 67, 11, 24, 48, '2014-04-12 08:06:26'),
(2260, 67, 11, 25, 50, '2014-04-12 08:06:26'),
(2261, 67, 11, 26, 51, '2014-04-12 08:06:26'),
(2262, 67, 11, 27, 53, '2014-04-12 08:06:26'),
(2263, 67, 11, 28, 55, '2014-04-12 08:06:26'),
(2264, 67, 11, 33, 65, '2014-04-12 08:06:26'),
(2265, 67, 11, 34, 68, '2014-04-12 08:06:26'),
(2266, 67, 11, 35, 69, '2014-04-12 08:06:26'),
(2267, 67, 11, 38, 75, '2014-04-12 08:06:26'),
(2268, 67, 11, 39, 77, '2014-04-12 08:06:26'),
(2269, 67, 11, 42, 83, '2014-04-12 08:06:26'),
(2270, 67, 11, 43, 85, '2014-04-12 08:06:26'),
(2271, 65, 11, 1, 2, '2014-04-12 08:06:26'),
(2272, 65, 11, 2, 4, '2014-04-12 08:06:26'),
(2273, 65, 11, 3, 6, '2014-04-12 08:06:26'),
(2274, 65, 11, 4, 7, '2014-04-12 08:06:26'),
(2275, 65, 11, 5, 10, '2014-04-12 08:06:26'),
(2276, 65, 11, 6, 12, '2014-04-12 08:06:26'),
(2277, 65, 11, 7, 13, '2014-04-12 08:06:26'),
(2278, 65, 11, 8, 15, '2014-04-12 08:06:26'),
(2279, 65, 11, 9, 17, '2014-04-12 08:06:26'),
(2280, 65, 11, 10, 19, '2014-04-12 08:06:26'),
(2281, 65, 11, 11, 22, '2014-04-12 08:06:26'),
(2282, 65, 11, 12, 24, '2014-04-12 08:06:26'),
(2283, 65, 11, 13, 25, '2014-04-12 08:06:26'),
(2284, 65, 11, 14, 27, '2014-04-12 08:06:26'),
(2285, 65, 11, 15, 30, '2014-04-12 08:06:26'),
(2286, 65, 11, 16, 31, '2014-04-12 08:06:26'),
(2287, 65, 11, 17, 34, '2014-04-12 08:06:26'),
(2288, 65, 11, 18, 35, '2014-04-12 08:06:26'),
(2289, 65, 11, 19, 37, '2014-04-12 08:06:26'),
(2290, 65, 11, 20, 40, '2014-04-12 08:06:26'),
(2291, 65, 11, 21, 42, '2014-04-12 08:06:26'),
(2292, 65, 11, 22, 43, '2014-04-12 08:06:26'),
(2293, 65, 11, 23, 46, '2014-04-12 08:06:26'),
(2294, 65, 11, 24, 48, '2014-04-12 08:06:26'),
(2295, 65, 11, 25, 49, '2014-04-12 08:06:26'),
(2296, 65, 11, 26, 52, '2014-04-12 08:06:26'),
(2297, 65, 11, 27, 54, '2014-04-12 08:06:26'),
(2298, 65, 11, 28, 55, '2014-04-12 08:06:26'),
(2299, 65, 11, 29, 57, '2014-04-12 08:06:26'),
(2300, 65, 11, 30, 59, '2014-04-12 08:06:26'),
(2301, 65, 11, 31, 62, '2014-04-12 08:06:26'),
(2302, 68, 11, 7, 13, '2014-04-12 08:06:26'),
(2303, 68, 11, 10, 20, '2014-04-12 08:06:26'),
(2304, 68, 11, 11, 22, '2014-04-12 08:06:26'),
(2305, 68, 11, 16, 31, '2014-04-12 08:06:26'),
(2306, 68, 11, 18, 36, '2014-04-12 08:06:26'),
(2307, 68, 11, 21, 42, '2014-04-12 08:06:26'),
(2308, 68, 11, 24, 48, '2014-04-12 08:06:26'),
(2309, 68, 11, 32, 63, '2014-04-12 08:06:26'),
(2310, 68, 11, 41, 81, '2014-04-12 08:06:26'),
(2311, 68, 11, 42, 83, '2014-04-12 08:06:26'),
(2312, 68, 11, 46, 92, '2014-04-12 08:06:26'),
(2313, 68, 11, 47, 93, '2014-04-12 08:06:26'),
(2314, 68, 11, 50, 100, '2014-04-12 08:06:26'),
(2315, 68, 11, 53, 106, '2014-04-12 08:06:26'),
(2316, 68, 11, 57, 113, '2014-04-12 08:06:26'),
(2317, 68, 11, 60, 120, '2014-04-12 08:06:26'),
(2318, 68, 11, 64, 127, '2014-04-12 08:06:26'),
(2319, 68, 11, 69, 137, '2014-04-12 08:06:26'),
(2320, 68, 11, 74, 147, '2014-04-12 08:06:26'),
(2321, 68, 11, 78, 156, '2014-04-12 08:06:26'),
(2322, 68, 11, 80, 160, '2014-04-12 08:06:26'),
(2323, 70, 11, 1, 2, '2014-04-12 08:06:26'),
(2324, 70, 11, 2, 4, '2014-04-12 08:06:26'),
(2325, 70, 11, 3, 6, '2014-04-12 08:06:26'),
(2326, 70, 11, 4, 8, '2014-04-12 08:06:26'),
(2327, 70, 11, 5, 10, '2014-04-12 08:06:26'),
(2328, 72, 11, 2, 3, '2014-04-12 08:06:26'),
(2329, 72, 11, 3, 6, '2014-04-12 08:06:26'),
(2330, 72, 11, 4, 8, '2014-04-12 08:06:26'),
(2331, 72, 11, 5, 10, '2014-04-12 08:06:26'),
(2332, 72, 11, 6, 12, '2014-04-12 08:06:26'),
(2333, 72, 11, 7, 13, '2014-04-12 08:06:26'),
(2334, 72, 11, 8, 15, '2014-04-12 08:06:26'),
(2335, 72, 11, 9, 17, '2014-04-12 08:06:26'),
(2336, 72, 11, 10, 20, '2014-04-12 08:06:26'),
(2337, 72, 11, 11, 22, '2014-04-12 08:06:26'),
(2338, 72, 11, 12, 24, '2014-04-12 08:06:26'),
(2339, 72, 11, 13, 25, '2014-04-12 08:06:26'),
(2340, 72, 11, 14, 27, '2014-04-12 08:06:26'),
(2341, 72, 11, 16, 32, '2014-04-12 08:06:26'),
(2342, 72, 11, 18, 36, '2014-04-12 08:06:26'),
(2343, 72, 11, 27, 54, '2014-04-12 08:06:26'),
(2344, 72, 11, 29, 57, '2014-04-12 08:06:26'),
(2345, 72, 11, 30, 59, '2014-04-12 08:06:26'),
(2346, 72, 11, 33, 65, '2014-04-12 08:06:26'),
(2347, 72, 11, 35, 69, '2014-04-12 08:06:26'),
(2348, 72, 11, 37, 73, '2014-04-12 08:06:26'),
(2349, 72, 11, 41, 81, '2014-04-12 08:06:26'),
(2350, 72, 11, 42, 83, '2014-04-12 08:06:26'),
(2351, 72, 11, 43, 85, '2014-04-12 08:06:26'),
(2352, 72, 11, 45, 89, '2014-04-12 08:06:26'),
(2353, 72, 11, 50, 100, '2014-04-12 08:06:26'),
(2354, 72, 11, 51, 102, '2014-04-12 08:06:26'),
(2355, 72, 11, 52, 104, '2014-04-12 08:06:26'),
(2356, 72, 11, 53, 105, '2014-04-12 08:06:26'),
(2357, 72, 11, 57, 114, '2014-04-12 08:06:26'),
(2358, 72, 11, 60, 119, '2014-04-12 08:06:26'),
(2359, 72, 11, 63, 126, '2014-04-12 08:06:26'),
(2360, 72, 11, 64, 127, '2014-04-12 08:06:26'),
(2361, 72, 11, 66, 131, '2014-04-12 08:06:26'),
(2362, 72, 11, 69, 137, '2014-04-12 08:06:26'),
(2363, 72, 11, 70, 140, '2014-04-12 08:06:26'),
(2364, 72, 11, 72, 144, '2014-04-12 08:06:26'),
(2365, 72, 11, 73, 145, '2014-04-12 08:06:26'),
(2366, 72, 11, 74, 148, '2014-04-12 08:06:26'),
(2367, 72, 11, 76, 151, '2014-04-12 08:06:26'),
(2368, 72, 11, 77, 153, '2014-04-12 08:06:26'),
(2369, 72, 11, 78, 155, '2014-04-12 08:06:26'),
(2370, 72, 11, 80, 160, '2014-04-12 08:06:26'),
(2371, 72, 11, 84, 167, '2014-04-12 08:06:26'),
(2372, 71, 11, 1, 2, '2014-04-12 08:06:26'),
(2373, 71, 11, 3, 6, '2014-04-12 08:06:26'),
(2374, 71, 11, 4, 8, '2014-04-12 08:06:26'),
(2375, 71, 11, 5, 10, '2014-04-12 08:06:26'),
(2376, 71, 11, 6, 12, '2014-04-12 08:06:26'),
(2377, 71, 11, 7, 14, '2014-04-12 08:06:26'),
(2378, 71, 11, 9, 17, '2014-04-12 08:06:26'),
(2379, 71, 11, 10, 20, '2014-04-12 08:06:26'),
(2380, 71, 11, 12, 23, '2014-04-12 08:06:26'),
(2381, 71, 11, 13, 25, '2014-04-12 08:06:26'),
(2382, 71, 11, 14, 28, '2014-04-12 08:06:26'),
(2383, 71, 11, 15, 30, '2014-04-12 08:06:26'),
(2384, 71, 11, 16, 32, '2014-04-12 08:06:26'),
(2385, 71, 11, 17, 33, '2014-04-12 08:06:26'),
(2386, 71, 11, 19, 38, '2014-04-12 08:06:26'),
(2387, 71, 11, 20, 40, '2014-04-12 08:06:26'),
(2388, 71, 11, 21, 41, '2014-04-12 08:06:26'),
(2389, 71, 11, 22, 44, '2014-04-12 08:06:26'),
(2390, 71, 11, 23, 45, '2014-04-12 08:06:26'),
(2391, 71, 11, 24, 47, '2014-04-12 08:06:26'),
(2392, 71, 11, 25, 49, '2014-04-12 08:06:26'),
(2393, 71, 11, 26, 52, '2014-04-12 08:06:26'),
(2394, 71, 11, 27, 53, '2014-04-12 08:06:26'),
(2395, 71, 11, 28, 55, '2014-04-12 08:06:26'),
(2396, 71, 11, 29, 58, '2014-04-12 08:06:26'),
(2397, 71, 11, 30, 59, '2014-04-12 08:06:26'),
(2398, 71, 11, 31, 62, '2014-04-12 08:06:26'),
(2399, 71, 11, 32, 63, '2014-04-12 08:06:26'),
(2400, 71, 11, 33, 66, '2014-04-12 08:06:26'),
(2401, 71, 11, 34, 68, '2014-04-12 08:06:26'),
(2402, 71, 11, 35, 70, '2014-04-12 08:06:26'),
(2403, 71, 11, 36, 71, '2014-04-12 08:06:26'),
(2404, 71, 11, 37, 73, '2014-04-12 08:06:26'),
(2405, 71, 11, 38, 76, '2014-04-12 08:06:26'),
(2406, 71, 11, 39, 78, '2014-04-12 08:06:26'),
(2407, 71, 11, 40, 80, '2014-04-12 08:06:26'),
(2408, 71, 11, 41, 82, '2014-04-12 08:06:26'),
(2409, 71, 11, 42, 84, '2014-04-12 08:06:26'),
(2410, 71, 11, 43, 85, '2014-04-12 08:06:26'),
(2411, 71, 11, 44, 87, '2014-04-12 08:06:26'),
(2412, 71, 11, 45, 90, '2014-04-12 08:06:26'),
(2413, 71, 11, 46, 92, '2014-04-12 08:06:26'),
(2414, 71, 11, 47, 93, '2014-04-12 08:06:26'),
(2415, 71, 11, 48, 95, '2014-04-12 08:06:26'),
(2416, 71, 11, 49, 97, '2014-04-12 08:06:26'),
(2417, 71, 11, 50, 99, '2014-04-12 08:06:26'),
(2418, 71, 11, 51, 102, '2014-04-12 08:06:26'),
(2419, 71, 11, 52, 103, '2014-04-12 08:06:26'),
(2420, 71, 11, 53, 105, '2014-04-12 08:06:26'),
(2421, 71, 11, 54, 107, '2014-04-12 08:06:26'),
(2422, 71, 11, 55, 110, '2014-04-12 08:06:26'),
(2423, 71, 11, 56, 112, '2014-04-12 08:06:26'),
(2424, 71, 11, 57, 114, '2014-04-12 08:06:26'),
(2425, 71, 11, 58, 115, '2014-04-12 08:06:26'),
(2426, 71, 11, 59, 118, '2014-04-12 08:06:26'),
(2427, 71, 11, 60, 119, '2014-04-12 08:06:26'),
(2428, 71, 11, 61, 122, '2014-04-12 08:06:26'),
(2429, 71, 11, 62, 123, '2014-04-12 08:06:26'),
(2430, 71, 11, 63, 125, '2014-04-12 08:06:26'),
(2431, 71, 11, 64, 127, '2014-04-12 08:06:26'),
(2432, 71, 11, 65, 129, '2014-04-12 08:06:26'),
(2433, 71, 11, 66, 131, '2014-04-12 08:06:26'),
(2434, 71, 11, 67, 134, '2014-04-12 08:06:26'),
(2435, 71, 11, 68, 136, '2014-04-12 08:06:26'),
(2436, 71, 11, 69, 137, '2014-04-12 08:06:26'),
(2437, 71, 11, 70, 139, '2014-04-12 08:06:26'),
(2438, 71, 11, 71, 142, '2014-04-12 08:06:26'),
(2439, 71, 11, 72, 143, '2014-04-12 08:06:26'),
(2440, 71, 11, 73, 146, '2014-04-12 08:06:26'),
(2441, 71, 11, 74, 148, '2014-04-12 08:06:26'),
(2442, 71, 11, 75, 149, '2014-04-12 08:06:26'),
(2443, 71, 11, 76, 151, '2014-04-12 08:06:26'),
(2444, 71, 11, 77, 153, '2014-04-12 08:06:26'),
(2445, 71, 11, 78, 156, '2014-04-12 08:06:26'),
(2446, 71, 11, 79, 157, '2014-04-12 08:06:26'),
(2447, 71, 11, 80, 159, '2014-04-12 08:06:26'),
(2448, 71, 11, 81, 162, '2014-04-12 08:06:26'),
(2449, 71, 11, 82, 164, '2014-04-12 08:06:26'),
(2450, 71, 11, 83, 166, '2014-04-12 08:06:26'),
(2451, 71, 11, 84, 168, '2014-04-12 08:06:26'),
(2452, 71, 11, 85, 170, '2014-04-12 08:06:26'),
(2453, 71, 11, 86, 172, '2014-04-12 08:06:26'),
(2454, 73, 11, 1, 2, '2014-04-12 08:06:26'),
(2455, 73, 11, 2, 4, '2014-04-12 08:06:26'),
(2456, 73, 11, 3, 6, '2014-04-12 08:06:26'),
(2457, 73, 11, 4, 8, '2014-04-12 08:06:26'),
(2458, 73, 11, 5, 10, '2014-04-12 08:06:26'),
(2459, 73, 11, 5, 10, '2014-04-12 08:06:26'),
(2460, 73, 11, 6, 12, '2014-04-12 08:06:26'),
(2461, 73, 11, 7, 14, '2014-04-12 08:06:26'),
(2462, 73, 11, 8, 16, '2014-04-12 08:06:26'),
(2463, 73, 11, 9, 18, '2014-04-12 08:06:26'),
(2464, 73, 11, 10, 20, '2014-04-12 08:06:26'),
(2465, 73, 11, 11, 22, '2014-04-12 08:06:26'),
(2466, 73, 11, 12, 24, '2014-04-12 08:06:26'),
(2467, 73, 11, 13, 26, '2014-04-12 08:06:26'),
(2468, 73, 11, 14, 28, '2014-04-12 08:06:26'),
(2469, 73, 11, 15, 30, '2014-04-12 08:06:26'),
(2470, 73, 11, 16, 32, '2014-04-12 08:06:26'),
(2471, 73, 11, 17, 34, '2014-04-12 08:06:26'),
(2472, 73, 11, 18, 36, '2014-04-12 08:06:26'),
(2473, 73, 11, 19, 38, '2014-04-12 08:06:26'),
(2474, 73, 11, 20, 40, '2014-04-12 08:06:26'),
(2475, 73, 11, 21, 42, '2014-04-12 08:06:26'),
(2476, 73, 11, 22, 44, '2014-04-12 08:06:26'),
(2477, 73, 11, 23, 46, '2014-04-12 08:06:26'),
(2478, 73, 11, 24, 48, '2014-04-12 08:06:26'),
(2479, 73, 11, 25, 50, '2014-04-12 08:06:26'),
(2480, 73, 11, 26, 52, '2014-04-12 08:06:26'),
(2481, 73, 11, 27, 54, '2014-04-12 08:06:26'),
(2482, 73, 11, 28, 56, '2014-04-12 08:06:26'),
(2483, 73, 11, 29, 58, '2014-04-12 08:06:26'),
(2484, 73, 11, 30, 60, '2014-04-12 08:06:26'),
(2485, 73, 11, 31, 62, '2014-04-12 08:06:26'),
(2486, 73, 11, 32, 64, '2014-04-12 08:06:26'),
(2487, 73, 11, 33, 66, '2014-04-12 08:06:26'),
(2488, 73, 11, 34, 68, '2014-04-12 08:06:26'),
(2489, 73, 11, 35, 70, '2014-04-12 08:06:26'),
(2490, 73, 11, 36, 72, '2014-04-12 08:06:26'),
(2491, 73, 11, 37, 74, '2014-04-12 08:06:26'),
(2492, 73, 11, 38, 76, '2014-04-12 08:06:26'),
(2493, 73, 11, 39, 78, '2014-04-12 08:06:26'),
(2494, 73, 11, 40, 80, '2014-04-12 08:06:26'),
(2495, 73, 11, 41, 82, '2014-04-12 08:06:26'),
(2496, 73, 11, 42, 84, '2014-04-12 08:06:26'),
(2497, 73, 11, 43, 86, '2014-04-12 08:06:26'),
(2498, 73, 11, 44, 88, '2014-04-12 08:06:26'),
(2499, 73, 11, 45, 90, '2014-04-12 08:06:26'),
(2500, 73, 11, 46, 92, '2014-04-12 08:06:26'),
(2501, 73, 11, 47, 94, '2014-04-12 08:06:26'),
(2502, 73, 11, 47, 94, '2014-04-12 08:06:26'),
(2503, 73, 11, 48, 96, '2014-04-12 08:06:26'),
(2504, 73, 11, 48, 96, '2014-04-12 08:06:26'),
(2505, 73, 11, 49, 98, '2014-04-12 08:06:26'),
(2506, 73, 11, 50, 100, '2014-04-12 08:06:26'),
(2507, 73, 11, 51, 102, '2014-04-12 08:06:26'),
(2508, 73, 11, 52, 104, '2014-04-12 08:06:26'),
(2509, 73, 11, 53, 106, '2014-04-12 08:06:26'),
(2510, 73, 11, 54, 108, '2014-04-12 08:06:26'),
(2511, 73, 11, 55, 110, '2014-04-12 08:06:26'),
(2512, 73, 11, 56, 112, '2014-04-12 08:06:26'),
(2513, 73, 11, 57, 114, '2014-04-12 08:06:26'),
(2514, 73, 11, 58, 116, '2014-04-12 08:06:26'),
(2515, 73, 11, 59, 118, '2014-04-12 08:06:26'),
(2516, 73, 11, 60, 120, '2014-04-12 08:06:26'),
(2517, 73, 11, 61, 122, '2014-04-12 08:06:26'),
(2518, 73, 11, 62, 124, '2014-04-12 08:06:26'),
(2519, 73, 11, 63, 126, '2014-04-12 08:06:26'),
(2520, 73, 11, 64, 128, '2014-04-12 08:06:26'),
(2521, 73, 11, 65, 130, '2014-04-12 08:06:26'),
(2522, 73, 11, 66, 132, '2014-04-12 08:06:26'),
(2523, 73, 11, 67, 134, '2014-04-12 08:06:26'),
(2524, 73, 11, 68, 136, '2014-04-12 08:06:26'),
(2525, 73, 11, 69, 138, '2014-04-12 08:06:26'),
(2526, 73, 11, 70, 140, '2014-04-12 08:06:26'),
(2527, 73, 11, 71, 142, '2014-04-12 08:06:26'),
(2528, 73, 11, 72, 144, '2014-04-12 08:06:26'),
(2529, 73, 11, 73, 146, '2014-04-12 08:06:26'),
(2530, 73, 11, 74, 148, '2014-04-12 08:06:26'),
(2531, 73, 11, 75, 150, '2014-04-12 08:06:26'),
(2532, 73, 11, 76, 152, '2014-04-12 08:06:26'),
(2533, 73, 11, 77, 154, '2014-04-12 08:06:26'),
(2534, 73, 11, 78, 156, '2014-04-12 08:06:26'),
(2535, 73, 11, 79, 158, '2014-04-12 08:06:26'),
(2536, 73, 11, 80, 160, '2014-04-12 08:06:26'),
(2537, 73, 11, 81, 162, '2014-04-12 08:06:26'),
(2538, 73, 11, 82, 164, '2014-04-12 08:06:26'),
(2539, 73, 11, 83, 166, '2014-04-12 08:06:26'),
(2540, 73, 11, 84, 168, '2014-04-12 08:06:26'),
(2541, 73, 11, 85, 170, '2014-04-12 08:06:26'),
(2542, 73, 11, 86, 172, '2014-04-12 08:06:26'),
(2543, 74, 11, 60, 119, '2014-04-12 08:06:26'),
(2544, 74, 11, 64, 127, '2014-04-12 08:06:26'),
(2545, 74, 11, 65, 129, '2014-04-12 08:06:26'),
(2546, 74, 11, 66, 131, '2014-04-12 08:06:26'),
(2547, 74, 11, 67, 133, '2014-04-12 08:06:26'),
(2548, 74, 11, 68, 135, '2014-04-12 08:06:26'),
(2549, 74, 11, 69, 138, '2014-04-12 08:06:26'),
(2550, 74, 11, 70, 140, '2014-04-12 08:06:26'),
(2551, 74, 11, 71, 142, '2014-04-12 08:06:26'),
(2552, 74, 11, 72, 143, '2014-04-12 08:06:26'),
(2553, 74, 11, 74, 148, '2014-04-12 08:06:26'),
(2554, 74, 11, 75, 150, '2014-04-12 08:06:26'),
(2555, 74, 11, 76, 152, '2014-04-12 08:06:26'),
(2556, 74, 11, 78, 156, '2014-04-12 08:06:26'),
(2557, 74, 11, 80, 159, '2014-04-12 08:06:26'),
(2558, 74, 11, 81, 161, '2014-04-12 08:06:26'),
(2559, 74, 11, 82, 163, '2014-04-12 08:06:26'),
(2560, 74, 11, 83, 165, '2014-04-12 08:06:26'),
(2561, 74, 11, 84, 167, '2014-04-12 08:06:26'),
(2562, 74, 11, 85, 170, '2014-04-12 08:06:26'),
(2563, 40, 11, 84, 167, '2014-04-12 08:06:26'),
(2564, 40, 11, 85, 170, '2014-04-12 08:06:26'),
(2565, 40, 11, 86, 171, '2014-04-12 08:06:26'),
(2608, 11, 12, 1, 173, '2014-04-12 12:19:28'),
(2609, 11, 12, 2, 175, '2014-04-12 12:19:28'),
(2610, 11, 12, 1, 173, '2014-04-12 12:35:47'),
(2611, 11, 12, 2, 175, '2014-04-12 12:35:47'),
(2612, 11, 12, 1, 174, '2014-04-13 05:23:51'),
(2613, 11, 12, 2, 176, '2014-04-13 05:23:51'),
(2614, 11, 12, 1, 173, '2014-04-13 05:26:00'),
(2615, 11, 12, 2, 175, '2014-04-13 05:26:00'),
(2616, 11, 12, 1, 173, '2014-04-13 05:28:00'),
(2617, 11, 12, 2, 175, '2014-04-13 05:28:00'),
(2618, 11, 12, 1, 173, '2014-04-13 05:32:20'),
(2619, 11, 12, 2, 176, '2014-04-13 05:32:20'),
(2620, 11, 12, 1, 173, '2014-04-13 05:36:53'),
(2621, 11, 12, 2, 175, '2014-04-13 05:36:53'),
(2622, 11, 12, 1, 173, '2014-04-13 06:06:43'),
(2623, 11, 12, 2, 175, '2014-04-13 06:06:43'),
(2624, 11, 12, 1, 173, '2014-04-13 06:44:37'),
(2625, 11, 12, 2, 176, '2014-04-13 06:44:37'),
(2626, 11, 12, 1, 177, '2014-04-13 17:47:01'),
(2627, 11, 12, 2, 180, '2014-04-13 17:47:01'),
(2628, 11, 12, 3, 181, '2014-04-13 17:47:01'),
(2629, 11, 12, 5, 183, '2014-04-13 17:47:01'),
(2630, 11, 12, 7, 185, '2014-04-13 17:47:01'),
(2631, 11, 12, 8, 187, '2014-04-13 17:47:01'),
(2632, 11, 12, 9, 189, '2014-04-13 17:47:01'),
(2633, 11, 12, 10, 191, '2014-04-13 17:47:01'),
(2634, 11, 12, 11, 193, '2014-04-13 17:47:01'),
(2635, 11, 12, 12, 195, '2014-04-13 17:47:01'),
(2636, 11, 12, 13, 197, '2014-04-13 17:47:01'),
(2637, 11, 12, 14, 199, '2014-04-13 17:47:01'),
(2638, 11, 12, 15, 201, '2014-04-13 17:47:01'),
(2639, 11, 12, 16, 203, '2014-04-13 17:47:01'),
(2640, 11, 12, 17, 205, '2014-04-13 17:47:01'),
(2641, 11, 12, 18, 207, '2014-04-13 17:47:01'),
(2642, 11, 12, 19, 209, '2014-04-13 17:47:01'),
(2643, 11, 12, 20, 211, '2014-04-13 17:47:01'),
(2644, 11, 12, 22, 213, '2014-04-13 17:47:01'),
(2645, 11, 12, 23, 215, '2014-04-13 17:47:01'),
(2646, 11, 12, 24, 217, '2014-04-13 17:47:01'),
(2647, 11, 12, 25, 219, '2014-04-13 17:47:01'),
(2648, 11, 12, 26, 221, '2014-04-13 17:47:01'),
(2649, 11, 12, 27, 223, '2014-04-13 17:47:01'),
(2650, 11, 12, 29, 225, '2014-04-13 17:47:01'),
(2651, 11, 12, 30, 227, '2014-04-13 17:47:01'),
(2652, 11, 12, 31, 229, '2014-04-13 17:47:01'),
(2653, 11, 12, 32, 231, '2014-04-13 17:47:01'),
(2654, 11, 12, 33, 233, '2014-04-13 17:47:01'),
(2655, 11, 12, 34, 235, '2014-04-13 17:47:01'),
(2656, 11, 12, 35, 237, '2014-04-13 17:47:01'),
(2657, 11, 12, 36, 239, '2014-04-13 17:47:01'),
(2658, 11, 12, 37, 241, '2014-04-13 17:47:01'),
(2659, 11, 12, 38, 243, '2014-04-13 17:47:01'),
(2660, 11, 12, 39, 245, '2014-04-13 17:47:01'),
(2661, 11, 12, 40, 247, '2014-04-13 17:47:01'),
(2662, 11, 12, 41, 249, '2014-04-13 17:47:01'),
(2663, 11, 12, 42, 251, '2014-04-13 17:47:01'),
(2664, 11, 12, 43, 253, '2014-04-13 17:47:01'),
(2665, 11, 12, 44, 255, '2014-04-13 17:47:01'),
(2666, 11, 12, 45, 257, '2014-04-13 17:47:01'),
(2667, 11, 12, 46, 259, '2014-04-13 17:47:01'),
(2668, 11, 12, 47, 261, '2014-04-13 17:47:01'),
(2669, 11, 12, 48, 263, '2014-04-13 17:47:01'),
(2670, 11, 12, 1, 178, '2014-04-13 20:23:21'),
(2671, 11, 12, 2, 180, '2014-04-13 20:23:21'),
(2672, 11, 12, 3, 182, '2014-04-13 20:23:21'),
(2673, 11, 12, 5, 184, '2014-04-13 20:23:21'),
(2674, 11, 12, 7, 186, '2014-04-13 20:23:21'),
(2675, 11, 12, 8, 188, '2014-04-13 20:23:21'),
(2676, 11, 12, 9, 190, '2014-04-13 20:23:21'),
(2677, 11, 12, 10, 192, '2014-04-13 20:23:21'),
(2678, 11, 12, 11, 194, '2014-04-13 20:23:21'),
(2679, 11, 12, 12, 196, '2014-04-13 20:23:21'),
(2680, 11, 12, 13, 198, '2014-04-13 20:23:21'),
(2681, 11, 12, 14, 200, '2014-04-13 20:23:21'),
(2682, 11, 12, 15, 202, '2014-04-13 20:23:21'),
(2683, 11, 12, 16, 204, '2014-04-13 20:23:21'),
(2684, 11, 12, 17, 206, '2014-04-13 20:23:21'),
(2685, 11, 12, 18, 208, '2014-04-13 20:23:21'),
(2686, 11, 12, 19, 210, '2014-04-13 20:23:21'),
(2687, 11, 12, 20, 212, '2014-04-13 20:23:21'),
(2688, 11, 12, 22, 214, '2014-04-13 20:23:21'),
(2689, 11, 12, 23, 216, '2014-04-13 20:23:21'),
(2690, 11, 12, 24, 218, '2014-04-13 20:23:21'),
(2691, 11, 12, 25, 220, '2014-04-13 20:23:21'),
(2692, 11, 12, 26, 222, '2014-04-13 20:23:21'),
(2693, 11, 12, 27, 224, '2014-04-13 20:23:21'),
(2694, 11, 12, 29, 226, '2014-04-13 20:23:21'),
(2695, 11, 12, 30, 228, '2014-04-13 20:23:21'),
(2696, 11, 12, 31, 230, '2014-04-13 20:23:21'),
(2697, 11, 12, 32, 232, '2014-04-13 20:23:21'),
(2698, 11, 12, 33, 234, '2014-04-13 20:23:21'),
(2699, 11, 12, 34, 236, '2014-04-13 20:23:21'),
(2700, 11, 12, 35, 238, '2014-04-13 20:23:21'),
(2701, 11, 12, 36, 240, '2014-04-13 20:23:21'),
(2702, 11, 12, 37, 242, '2014-04-13 20:23:21'),
(2703, 11, 12, 38, 244, '2014-04-13 20:23:21'),
(2704, 11, 12, 39, 246, '2014-04-13 20:23:21'),
(2705, 11, 12, 40, 247, '2014-04-13 20:23:21'),
(2706, 11, 12, 41, 249, '2014-04-13 20:23:21'),
(2707, 11, 12, 42, 251, '2014-04-13 20:23:21'),
(2708, 11, 12, 43, 253, '2014-04-13 20:23:21'),
(2709, 11, 12, 44, 255, '2014-04-13 20:23:21'),
(2710, 11, 12, 45, 257, '2014-04-13 20:23:21'),
(2711, 11, 12, 46, 259, '2014-04-13 20:23:21'),
(2712, 11, 12, 47, 261, '2014-04-13 20:23:21'),
(2713, 11, 12, 48, 263, '2014-04-13 20:23:21'),
(2714, 11, 12, 1, 178, '2014-04-13 20:25:41');
INSERT INTO `test_interestv1_result` (`id`, `user_master_id`, `test_master_id`, `test_interestv1_setid`, `attitude_interests_activities_id`, `lastupdated`) VALUES
(2715, 11, 12, 2, 180, '2014-04-13 20:25:41'),
(2716, 11, 12, 3, 182, '2014-04-13 20:25:41'),
(2717, 11, 12, 5, 184, '2014-04-13 20:25:41'),
(2718, 11, 12, 7, 186, '2014-04-13 20:25:41'),
(2719, 11, 12, 8, 188, '2014-04-13 20:25:41'),
(2720, 11, 12, 9, 190, '2014-04-13 20:25:41'),
(2721, 11, 12, 10, 192, '2014-04-13 20:25:41'),
(2722, 11, 12, 11, 194, '2014-04-13 20:25:41'),
(2723, 11, 12, 12, 196, '2014-04-13 20:25:41'),
(2724, 11, 12, 13, 198, '2014-04-13 20:25:41'),
(2725, 11, 12, 14, 200, '2014-04-13 20:25:41'),
(2726, 11, 12, 15, 202, '2014-04-13 20:25:41'),
(2727, 11, 12, 16, 204, '2014-04-13 20:25:41'),
(2728, 11, 12, 17, 206, '2014-04-13 20:25:41'),
(2729, 11, 12, 18, 208, '2014-04-13 20:25:41'),
(2730, 11, 12, 19, 210, '2014-04-13 20:25:41'),
(2731, 11, 12, 20, 212, '2014-04-13 20:25:41'),
(2732, 11, 12, 22, 214, '2014-04-13 20:25:41'),
(2733, 11, 12, 23, 216, '2014-04-13 20:25:41'),
(2734, 11, 12, 24, 218, '2014-04-13 20:25:41'),
(2735, 11, 12, 25, 220, '2014-04-13 20:25:41'),
(2736, 11, 12, 26, 222, '2014-04-13 20:25:41'),
(2737, 11, 12, 27, 224, '2014-04-13 20:25:41'),
(2738, 11, 12, 29, 226, '2014-04-13 20:25:41'),
(2739, 11, 12, 30, 228, '2014-04-13 20:25:41'),
(2740, 11, 12, 31, 230, '2014-04-13 20:25:41'),
(2741, 11, 12, 32, 232, '2014-04-13 20:25:41'),
(2742, 11, 12, 33, 234, '2014-04-13 20:25:41'),
(2743, 11, 12, 34, 236, '2014-04-13 20:25:41'),
(2744, 11, 12, 35, 238, '2014-04-13 20:25:41'),
(2745, 11, 12, 36, 240, '2014-04-13 20:25:41'),
(2746, 11, 12, 37, 242, '2014-04-13 20:25:41'),
(2747, 11, 12, 38, 244, '2014-04-13 20:25:41'),
(2748, 11, 12, 39, 246, '2014-04-13 20:25:41'),
(2749, 11, 12, 40, 248, '2014-04-13 20:25:41'),
(2750, 11, 12, 41, 250, '2014-04-13 20:25:41'),
(2751, 11, 12, 42, 252, '2014-04-13 20:25:41'),
(2752, 11, 12, 43, 254, '2014-04-13 20:25:41'),
(2753, 11, 12, 44, 256, '2014-04-13 20:25:41'),
(2754, 11, 12, 45, 258, '2014-04-13 20:25:41'),
(2755, 11, 12, 46, 260, '2014-04-13 20:25:41'),
(2756, 11, 12, 47, 262, '2014-04-13 20:25:41'),
(2757, 11, 12, 48, 264, '2014-04-13 20:25:41'),
(2758, 11, 12, 1, 178, '2014-04-13 20:26:38'),
(2759, 11, 12, 2, 180, '2014-04-13 20:26:38'),
(2760, 11, 12, 3, 182, '2014-04-13 20:26:38'),
(2761, 11, 12, 5, 184, '2014-04-13 20:26:38'),
(2762, 11, 12, 7, 186, '2014-04-13 20:26:38'),
(2763, 11, 12, 8, 188, '2014-04-13 20:26:38'),
(2764, 11, 12, 9, 190, '2014-04-13 20:26:38'),
(2765, 11, 12, 10, 192, '2014-04-13 20:26:38'),
(2766, 11, 12, 11, 194, '2014-04-13 20:26:38'),
(2767, 11, 12, 12, 196, '2014-04-13 20:26:38'),
(2768, 11, 12, 13, 198, '2014-04-13 20:26:38'),
(2769, 11, 12, 14, 200, '2014-04-13 20:26:38'),
(2770, 11, 12, 15, 202, '2014-04-13 20:26:38'),
(2771, 11, 12, 16, 204, '2014-04-13 20:26:38'),
(2772, 11, 12, 17, 206, '2014-04-13 20:26:38'),
(2773, 11, 12, 18, 208, '2014-04-13 20:26:38'),
(2774, 11, 12, 19, 210, '2014-04-13 20:26:38'),
(2775, 11, 12, 20, 212, '2014-04-13 20:26:38'),
(2776, 11, 12, 22, 214, '2014-04-13 20:26:38'),
(2777, 11, 12, 23, 216, '2014-04-13 20:26:38'),
(2778, 11, 12, 24, 218, '2014-04-13 20:26:38'),
(2779, 11, 12, 25, 220, '2014-04-13 20:26:38'),
(2780, 11, 12, 26, 222, '2014-04-13 20:26:38'),
(2781, 11, 12, 27, 224, '2014-04-13 20:26:38'),
(2782, 11, 12, 29, 226, '2014-04-13 20:26:38'),
(2783, 11, 12, 30, 228, '2014-04-13 20:26:38'),
(2784, 11, 12, 31, 230, '2014-04-13 20:26:38'),
(2785, 11, 12, 32, 232, '2014-04-13 20:26:38'),
(2786, 11, 12, 33, 234, '2014-04-13 20:26:38'),
(2787, 11, 12, 34, 236, '2014-04-13 20:26:38'),
(2788, 11, 12, 35, 238, '2014-04-13 20:26:38'),
(2789, 11, 12, 36, 240, '2014-04-13 20:26:38'),
(2790, 11, 12, 37, 242, '2014-04-13 20:26:38'),
(2791, 11, 12, 38, 244, '2014-04-13 20:26:38'),
(2792, 11, 12, 39, 246, '2014-04-13 20:26:38'),
(2793, 11, 12, 40, 248, '2014-04-13 20:26:38'),
(2794, 11, 12, 41, 250, '2014-04-13 20:26:38'),
(2795, 11, 12, 42, 252, '2014-04-13 20:26:38'),
(2796, 11, 12, 43, 254, '2014-04-13 20:26:38'),
(2797, 11, 12, 44, 256, '2014-04-13 20:26:38'),
(2798, 11, 12, 45, 258, '2014-04-13 20:26:38'),
(2799, 11, 12, 46, 260, '2014-04-13 20:26:38'),
(2800, 11, 12, 47, 262, '2014-04-13 20:26:38'),
(2801, 11, 12, 48, 264, '2014-04-13 20:26:38'),
(2802, 11, 12, 1, 178, '2014-04-13 20:28:27'),
(2803, 11, 12, 2, 179, '2014-04-13 20:28:27'),
(2804, 11, 12, 3, 181, '2014-04-13 20:28:27'),
(2805, 11, 12, 5, 183, '2014-04-13 20:28:27'),
(2806, 11, 12, 7, 185, '2014-04-13 20:28:27'),
(2807, 11, 12, 8, 187, '2014-04-13 20:28:27'),
(2808, 11, 12, 9, 189, '2014-04-13 20:28:27'),
(2809, 11, 12, 10, 191, '2014-04-13 20:28:27'),
(2810, 11, 12, 11, 193, '2014-04-13 20:28:27'),
(2811, 11, 12, 12, 195, '2014-04-13 20:28:27'),
(2812, 11, 12, 13, 197, '2014-04-13 20:28:27'),
(2813, 11, 12, 14, 199, '2014-04-13 20:28:27'),
(2814, 11, 12, 15, 201, '2014-04-13 20:28:27'),
(2815, 11, 12, 16, 203, '2014-04-13 20:28:27'),
(2816, 11, 12, 17, 205, '2014-04-13 20:28:27'),
(2817, 11, 12, 18, 207, '2014-04-13 20:28:27'),
(2818, 11, 12, 19, 209, '2014-04-13 20:28:27'),
(2819, 11, 12, 20, 211, '2014-04-13 20:28:27'),
(2820, 11, 12, 22, 213, '2014-04-13 20:28:27'),
(2821, 11, 12, 23, 215, '2014-04-13 20:28:27'),
(2822, 11, 12, 24, 217, '2014-04-13 20:28:27'),
(2823, 11, 12, 25, 219, '2014-04-13 20:28:27'),
(2824, 11, 12, 26, 221, '2014-04-13 20:28:27'),
(2825, 11, 12, 27, 223, '2014-04-13 20:28:27'),
(2826, 11, 12, 29, 225, '2014-04-13 20:28:27'),
(2827, 11, 12, 30, 227, '2014-04-13 20:28:27'),
(2828, 11, 12, 31, 229, '2014-04-13 20:28:27'),
(2829, 11, 12, 32, 231, '2014-04-13 20:28:27'),
(2830, 11, 12, 33, 233, '2014-04-13 20:28:27'),
(2831, 11, 12, 34, 235, '2014-04-13 20:28:27'),
(2832, 11, 12, 35, 237, '2014-04-13 20:28:27'),
(2833, 11, 12, 36, 239, '2014-04-13 20:28:27'),
(2834, 11, 12, 37, 241, '2014-04-13 20:28:27'),
(2835, 11, 12, 38, 243, '2014-04-13 20:28:27'),
(2836, 11, 12, 39, 245, '2014-04-13 20:28:27'),
(2837, 11, 12, 40, 247, '2014-04-13 20:28:27'),
(2838, 11, 12, 41, 249, '2014-04-13 20:28:27'),
(2839, 11, 12, 42, 251, '2014-04-13 20:28:27'),
(2840, 11, 12, 43, 253, '2014-04-13 20:28:27'),
(2841, 11, 12, 44, 255, '2014-04-13 20:28:27'),
(2842, 11, 12, 45, 257, '2014-04-13 20:28:27'),
(2843, 11, 12, 46, 259, '2014-04-13 20:28:27'),
(2844, 11, 12, 47, 261, '2014-04-13 20:28:27'),
(2845, 11, 12, 48, 263, '2014-04-13 20:28:27'),
(2846, 11, 12, 1, 178, '2014-04-13 20:41:57'),
(2847, 11, 12, 2, 180, '2014-04-13 20:41:57'),
(2848, 11, 12, 3, 182, '2014-04-13 20:41:57'),
(2849, 11, 12, 5, 184, '2014-04-13 20:41:57'),
(2850, 11, 12, 7, 186, '2014-04-13 20:41:57'),
(2851, 11, 12, 8, 188, '2014-04-13 20:41:57'),
(2852, 11, 12, 9, 190, '2014-04-13 20:41:57'),
(2853, 11, 12, 10, 192, '2014-04-13 20:41:57'),
(2854, 11, 12, 11, 194, '2014-04-13 20:41:57'),
(2855, 11, 12, 12, 196, '2014-04-13 20:41:57'),
(2856, 11, 12, 13, 198, '2014-04-13 20:41:57'),
(2857, 11, 12, 14, 200, '2014-04-13 20:41:57'),
(2858, 11, 12, 15, 202, '2014-04-13 20:41:57'),
(2859, 11, 12, 16, 204, '2014-04-13 20:41:57'),
(2860, 11, 12, 17, 206, '2014-04-13 20:41:57'),
(2861, 11, 12, 18, 208, '2014-04-13 20:41:57'),
(2862, 11, 12, 19, 210, '2014-04-13 20:41:57'),
(2863, 11, 12, 20, 212, '2014-04-13 20:41:57'),
(2864, 11, 12, 22, 214, '2014-04-13 20:41:57'),
(2865, 11, 12, 23, 216, '2014-04-13 20:41:57'),
(2866, 11, 12, 24, 218, '2014-04-13 20:41:57'),
(2867, 11, 12, 25, 220, '2014-04-13 20:41:57'),
(2868, 11, 12, 26, 222, '2014-04-13 20:41:57'),
(2869, 11, 12, 27, 224, '2014-04-13 20:41:57'),
(2870, 11, 12, 29, 226, '2014-04-13 20:41:57'),
(2871, 11, 12, 30, 228, '2014-04-13 20:41:57'),
(2872, 11, 12, 31, 230, '2014-04-13 20:41:57'),
(2873, 11, 12, 32, 232, '2014-04-13 20:41:57'),
(2874, 11, 12, 33, 234, '2014-04-13 20:41:57'),
(2875, 11, 12, 34, 236, '2014-04-13 20:41:57'),
(2876, 11, 12, 35, 238, '2014-04-13 20:41:57'),
(2877, 11, 12, 36, 240, '2014-04-13 20:41:57'),
(2878, 11, 12, 37, 242, '2014-04-13 20:41:57'),
(2879, 11, 12, 38, 244, '2014-04-13 20:41:57'),
(2880, 11, 12, 39, 246, '2014-04-13 20:41:57'),
(2881, 11, 12, 40, 248, '2014-04-13 20:41:57'),
(2882, 11, 12, 41, 250, '2014-04-13 20:41:57'),
(2883, 11, 12, 42, 252, '2014-04-13 20:41:57'),
(2884, 11, 12, 43, 254, '2014-04-13 20:41:57'),
(2885, 11, 12, 44, 256, '2014-04-13 20:41:57'),
(2886, 11, 12, 45, 258, '2014-04-13 20:41:57'),
(2887, 11, 12, 46, 260, '2014-04-13 20:41:57'),
(2888, 11, 12, 47, 262, '2014-04-13 20:41:57'),
(2889, 11, 12, 48, 264, '2014-04-13 20:41:57'),
(2890, 11, 12, 1, 177, '2014-04-13 20:44:53'),
(2891, 11, 12, 2, 180, '2014-04-13 20:44:53'),
(2892, 11, 12, 3, 182, '2014-04-13 20:44:53'),
(2893, 11, 12, 5, 184, '2014-04-13 20:44:53'),
(2894, 11, 12, 7, 186, '2014-04-13 20:44:53'),
(2895, 11, 12, 8, 188, '2014-04-13 20:44:53'),
(2896, 11, 12, 9, 190, '2014-04-13 20:44:53'),
(2897, 11, 12, 10, 192, '2014-04-13 20:44:53'),
(2898, 11, 12, 11, 194, '2014-04-13 20:44:53'),
(2899, 11, 12, 12, 196, '2014-04-13 20:44:53'),
(2900, 11, 12, 13, 198, '2014-04-13 20:44:53'),
(2901, 11, 12, 14, 200, '2014-04-13 20:44:53'),
(2902, 11, 12, 15, 202, '2014-04-13 20:44:53'),
(2903, 11, 12, 16, 204, '2014-04-13 20:44:53'),
(2904, 11, 12, 17, 206, '2014-04-13 20:44:53'),
(2905, 11, 12, 18, 208, '2014-04-13 20:44:53'),
(2906, 11, 12, 19, 210, '2014-04-13 20:44:53'),
(2907, 11, 12, 20, 212, '2014-04-13 20:44:53'),
(2908, 11, 12, 22, 214, '2014-04-13 20:44:53'),
(2909, 11, 12, 23, 216, '2014-04-13 20:44:53'),
(2910, 11, 12, 24, 218, '2014-04-13 20:44:53'),
(2911, 11, 12, 25, 220, '2014-04-13 20:44:53'),
(2912, 11, 12, 26, 222, '2014-04-13 20:44:53'),
(2913, 11, 12, 27, 224, '2014-04-13 20:44:53'),
(2914, 11, 12, 29, 226, '2014-04-13 20:44:53'),
(2915, 11, 12, 30, 228, '2014-04-13 20:44:53'),
(2916, 11, 12, 31, 230, '2014-04-13 20:44:53'),
(2917, 11, 12, 32, 232, '2014-04-13 20:44:53'),
(2918, 11, 12, 33, 234, '2014-04-13 20:44:53'),
(2919, 11, 12, 34, 236, '2014-04-13 20:44:53'),
(2920, 11, 12, 35, 238, '2014-04-13 20:44:53'),
(2921, 11, 12, 36, 240, '2014-04-13 20:44:53'),
(2922, 11, 12, 37, 242, '2014-04-13 20:44:53'),
(2923, 11, 12, 38, 244, '2014-04-13 20:44:53'),
(2924, 11, 12, 39, 246, '2014-04-13 20:44:53'),
(2925, 11, 12, 40, 248, '2014-04-13 20:44:53'),
(2926, 11, 12, 41, 250, '2014-04-13 20:44:53'),
(2927, 11, 12, 42, 252, '2014-04-13 20:44:53'),
(2928, 11, 12, 43, 254, '2014-04-13 20:44:53'),
(2929, 11, 12, 44, 256, '2014-04-13 20:44:53'),
(2930, 11, 12, 45, 258, '2014-04-13 20:44:53'),
(2931, 11, 12, 46, 260, '2014-04-13 20:44:53'),
(2932, 11, 12, 47, 262, '2014-04-13 20:44:53'),
(2933, 11, 12, 48, 264, '2014-04-13 20:44:53'),
(2934, 11, 12, 1, 178, '2014-04-13 20:47:22'),
(2935, 11, 12, 2, 180, '2014-04-13 20:47:22'),
(2936, 11, 12, 3, 182, '2014-04-13 20:47:22'),
(2937, 11, 12, 5, 184, '2014-04-13 20:47:22'),
(2938, 11, 12, 7, 186, '2014-04-13 20:47:22'),
(2939, 11, 12, 8, 188, '2014-04-13 20:47:22'),
(2940, 11, 12, 9, 190, '2014-04-13 20:47:22'),
(2941, 11, 12, 10, 192, '2014-04-13 20:47:22'),
(2942, 11, 12, 11, 194, '2014-04-13 20:47:22'),
(2943, 11, 12, 12, 196, '2014-04-13 20:47:22'),
(2944, 11, 12, 13, 198, '2014-04-13 20:47:22'),
(2945, 11, 12, 14, 200, '2014-04-13 20:47:22'),
(2946, 11, 12, 15, 202, '2014-04-13 20:47:22'),
(2947, 11, 12, 16, 204, '2014-04-13 20:47:22'),
(2948, 11, 12, 17, 206, '2014-04-13 20:47:22'),
(2949, 11, 12, 18, 208, '2014-04-13 20:47:22'),
(2950, 11, 12, 19, 210, '2014-04-13 20:47:22'),
(2951, 11, 12, 20, 212, '2014-04-13 20:47:22'),
(2952, 11, 12, 22, 214, '2014-04-13 20:47:22'),
(2953, 11, 12, 23, 216, '2014-04-13 20:47:22'),
(2954, 11, 12, 24, 218, '2014-04-13 20:47:22'),
(2955, 11, 12, 25, 220, '2014-04-13 20:47:22'),
(2956, 11, 12, 26, 222, '2014-04-13 20:47:22'),
(2957, 11, 12, 27, 224, '2014-04-13 20:47:22'),
(2958, 11, 12, 29, 226, '2014-04-13 20:47:22'),
(2959, 11, 12, 30, 228, '2014-04-13 20:47:22'),
(2960, 11, 12, 31, 230, '2014-04-13 20:47:22'),
(2961, 11, 12, 32, 232, '2014-04-13 20:47:22'),
(2962, 11, 12, 33, 234, '2014-04-13 20:47:22'),
(2963, 11, 12, 34, 236, '2014-04-13 20:47:22'),
(2964, 11, 12, 35, 238, '2014-04-13 20:47:22'),
(2965, 11, 12, 36, 240, '2014-04-13 20:47:22'),
(2966, 11, 12, 37, 242, '2014-04-13 20:47:22'),
(2967, 11, 12, 38, 244, '2014-04-13 20:47:22'),
(2968, 11, 12, 39, 246, '2014-04-13 20:47:22'),
(2969, 11, 12, 40, 248, '2014-04-13 20:47:22'),
(2970, 11, 12, 41, 250, '2014-04-13 20:47:22'),
(2971, 11, 12, 42, 252, '2014-04-13 20:47:22'),
(2972, 11, 12, 43, 254, '2014-04-13 20:47:22'),
(2973, 11, 12, 44, 256, '2014-04-13 20:47:22'),
(2974, 11, 12, 45, 258, '2014-04-13 20:47:22'),
(2975, 11, 12, 46, 260, '2014-04-13 20:47:22'),
(2976, 11, 12, 47, 262, '2014-04-13 20:47:22'),
(2977, 11, 12, 48, 264, '2014-04-13 20:47:22'),
(2978, 78, 12, 1, 178, '2014-04-14 10:53:48'),
(2979, 78, 12, 2, 180, '2014-04-14 10:53:48'),
(2980, 78, 12, 3, 182, '2014-04-14 10:53:48'),
(2981, 78, 12, 5, 184, '2014-04-14 10:53:48'),
(2982, 78, 12, 7, 186, '2014-04-14 10:53:48'),
(2983, 78, 12, 8, 188, '2014-04-14 10:53:48'),
(2984, 78, 12, 9, 190, '2014-04-14 10:53:48'),
(2985, 78, 12, 10, 192, '2014-04-14 10:53:48'),
(2986, 78, 12, 11, 194, '2014-04-14 10:53:48'),
(2987, 78, 12, 12, 196, '2014-04-14 10:53:48'),
(2988, 78, 12, 13, 198, '2014-04-14 10:53:48'),
(2989, 78, 12, 14, 200, '2014-04-14 10:53:48'),
(2990, 78, 12, 15, 202, '2014-04-14 10:53:48'),
(2991, 78, 12, 16, 204, '2014-04-14 10:53:48'),
(2992, 78, 12, 17, 206, '2014-04-14 10:53:48'),
(2993, 78, 12, 18, 208, '2014-04-14 10:53:48'),
(2994, 78, 12, 19, 210, '2014-04-14 10:53:48'),
(2995, 78, 12, 20, 212, '2014-04-14 10:53:48'),
(2996, 78, 12, 22, 214, '2014-04-14 10:53:48'),
(2997, 78, 12, 23, 216, '2014-04-14 10:53:48'),
(2998, 78, 12, 24, 218, '2014-04-14 10:53:48'),
(2999, 78, 12, 25, 220, '2014-04-14 10:53:48'),
(3000, 78, 12, 26, 222, '2014-04-14 10:53:48'),
(3001, 78, 12, 27, 224, '2014-04-14 10:53:48'),
(3002, 78, 12, 29, 226, '2014-04-14 10:53:48'),
(3003, 78, 12, 30, 228, '2014-04-14 10:53:48'),
(3004, 78, 12, 31, 230, '2014-04-14 10:53:48'),
(3005, 78, 12, 32, 232, '2014-04-14 10:53:48'),
(3006, 78, 12, 33, 234, '2014-04-14 10:53:48'),
(3007, 78, 12, 34, 236, '2014-04-14 10:53:48'),
(3008, 78, 12, 35, 238, '2014-04-14 10:53:48'),
(3009, 78, 12, 36, 240, '2014-04-14 10:53:48'),
(3010, 78, 12, 37, 242, '2014-04-14 10:53:48'),
(3011, 78, 12, 38, 244, '2014-04-14 10:53:48'),
(3012, 78, 12, 39, 246, '2014-04-14 10:53:48'),
(3013, 78, 12, 40, 248, '2014-04-14 10:53:48'),
(3014, 78, 12, 41, 250, '2014-04-14 10:53:48'),
(3015, 78, 12, 42, 252, '2014-04-14 10:53:48'),
(3016, 78, 12, 43, 254, '2014-04-14 10:53:48'),
(3017, 78, 12, 44, 256, '2014-04-14 10:53:48'),
(3018, 78, 12, 45, 258, '2014-04-14 10:53:48'),
(3019, 78, 12, 46, 260, '2014-04-14 10:53:48'),
(3020, 78, 12, 47, 262, '2014-04-14 10:53:48'),
(3021, 78, 12, 48, 264, '2014-04-14 10:53:48'),
(3022, 78, 12, 1, 264, '2014-04-14 12:14:23'),
(3023, 78, 12, 2, 266, '2014-04-14 12:14:23'),
(3024, 78, 12, 3, 268, '2014-04-14 12:14:23'),
(3025, 78, 12, 5, 270, '2014-04-14 12:14:23'),
(3026, 78, 12, 7, 272, '2014-04-14 12:14:23'),
(3027, 78, 12, 8, 274, '2014-04-14 12:14:23'),
(3028, 78, 12, 9, 276, '2014-04-14 12:14:23'),
(3029, 78, 12, 10, 278, '2014-04-14 12:14:23'),
(3030, 78, 12, 11, 280, '2014-04-14 12:14:23'),
(3031, 78, 12, 12, 282, '2014-04-14 12:14:23'),
(3032, 78, 12, 13, 284, '2014-04-14 12:14:23'),
(3033, 78, 12, 14, 286, '2014-04-14 12:14:23'),
(3034, 78, 12, 15, 288, '2014-04-14 12:14:23'),
(3035, 78, 12, 16, 290, '2014-04-14 12:14:23'),
(3036, 78, 12, 17, 292, '2014-04-14 12:14:23'),
(3037, 78, 12, 18, 294, '2014-04-14 12:14:23'),
(3038, 78, 12, 19, 296, '2014-04-14 12:14:23'),
(3039, 78, 12, 20, 298, '2014-04-14 12:14:23'),
(3040, 78, 12, 22, 300, '2014-04-14 12:14:23'),
(3041, 78, 12, 23, 302, '2014-04-14 12:14:23'),
(3042, 78, 12, 24, 304, '2014-04-14 12:14:23'),
(3043, 78, 12, 25, 306, '2014-04-14 12:14:23'),
(3044, 78, 12, 26, 308, '2014-04-14 12:14:23'),
(3045, 78, 12, 27, 310, '2014-04-14 12:14:23'),
(3046, 78, 12, 29, 312, '2014-04-14 12:14:23'),
(3047, 78, 12, 30, 314, '2014-04-14 12:14:23'),
(3048, 78, 12, 31, 316, '2014-04-14 12:14:23'),
(3049, 78, 12, 32, 318, '2014-04-14 12:14:23'),
(3050, 78, 12, 33, 320, '2014-04-14 12:14:23'),
(3051, 78, 12, 34, 321, '2014-04-14 12:14:23'),
(3052, 78, 12, 35, 323, '2014-04-14 12:14:23'),
(3053, 78, 12, 36, 325, '2014-04-14 12:14:23'),
(3054, 78, 12, 37, 327, '2014-04-14 12:14:23'),
(3055, 78, 12, 38, 329, '2014-04-14 12:14:23'),
(3056, 78, 12, 39, 331, '2014-04-14 12:14:23'),
(3057, 78, 12, 40, 333, '2014-04-14 12:14:23'),
(3058, 78, 12, 41, 335, '2014-04-14 12:14:23'),
(3059, 78, 12, 42, 337, '2014-04-14 12:14:23'),
(3060, 78, 12, 43, 339, '2014-04-14 12:14:23'),
(3061, 78, 12, 44, 341, '2014-04-14 12:14:23'),
(3062, 78, 12, 45, 343, '2014-04-14 12:14:23'),
(3063, 78, 12, 46, 345, '2014-04-14 12:14:23'),
(3064, 78, 12, 47, 347, '2014-04-14 12:14:23'),
(3065, 78, 12, 48, 349, '2014-04-14 12:14:23'),
(3066, 78, 12, 1, 178, '2014-04-14 12:45:23'),
(3067, 78, 12, 2, 180, '2014-04-14 12:45:23'),
(3068, 78, 12, 3, 182, '2014-04-14 12:45:23'),
(3069, 78, 12, 5, 184, '2014-04-14 12:45:23'),
(3070, 78, 12, 7, 186, '2014-04-14 12:45:23'),
(3071, 78, 12, 8, 188, '2014-04-14 12:45:23'),
(3072, 78, 12, 9, 190, '2014-04-14 12:45:23'),
(3073, 78, 12, 10, 192, '2014-04-14 12:45:23'),
(3074, 78, 12, 11, 194, '2014-04-14 12:45:23'),
(3075, 78, 12, 12, 196, '2014-04-14 12:45:23'),
(3076, 78, 12, 13, 198, '2014-04-14 12:45:23'),
(3077, 78, 12, 14, 200, '2014-04-14 12:45:23'),
(3078, 78, 12, 15, 202, '2014-04-14 12:45:23'),
(3079, 78, 12, 16, 204, '2014-04-14 12:45:23'),
(3080, 78, 12, 17, 206, '2014-04-14 12:45:23'),
(3081, 78, 12, 18, 208, '2014-04-14 12:45:23'),
(3082, 78, 12, 19, 210, '2014-04-14 12:45:23'),
(3083, 78, 12, 20, 212, '2014-04-14 12:45:23'),
(3084, 78, 12, 22, 214, '2014-04-14 12:45:23'),
(3085, 78, 12, 23, 216, '2014-04-14 12:45:23'),
(3086, 78, 12, 24, 218, '2014-04-14 12:45:23'),
(3087, 78, 12, 25, 220, '2014-04-14 12:45:23'),
(3088, 78, 12, 26, 222, '2014-04-14 12:45:23'),
(3089, 78, 12, 27, 224, '2014-04-14 12:45:23'),
(3090, 78, 12, 29, 226, '2014-04-14 12:45:23'),
(3091, 78, 12, 30, 228, '2014-04-14 12:45:23'),
(3092, 78, 12, 31, 230, '2014-04-14 12:45:23'),
(3093, 78, 12, 32, 232, '2014-04-14 12:45:23'),
(3094, 78, 12, 33, 234, '2014-04-14 12:45:23'),
(3095, 78, 12, 34, 236, '2014-04-14 12:45:23'),
(3096, 78, 12, 35, 238, '2014-04-14 12:45:23'),
(3097, 78, 12, 36, 240, '2014-04-14 12:45:23'),
(3098, 78, 12, 37, 242, '2014-04-14 12:45:23'),
(3099, 78, 12, 38, 244, '2014-04-14 12:45:23'),
(3100, 78, 12, 39, 246, '2014-04-14 12:45:23'),
(3101, 78, 12, 40, 248, '2014-04-14 12:45:23'),
(3102, 78, 12, 41, 250, '2014-04-14 12:45:23'),
(3103, 78, 12, 42, 252, '2014-04-14 12:45:23'),
(3104, 78, 12, 43, 254, '2014-04-14 12:45:23'),
(3105, 78, 12, 44, 256, '2014-04-14 12:45:23'),
(3106, 78, 12, 45, 258, '2014-04-14 12:45:23'),
(3107, 78, 12, 46, 260, '2014-04-14 12:45:23'),
(3108, 78, 12, 47, 262, '2014-04-14 12:45:23'),
(3109, 78, 12, 48, 264, '2014-04-14 12:45:23'),
(3110, 78, 12, 1, 263, '2014-04-14 12:49:37'),
(3111, 78, 12, 2, 265, '2014-04-14 12:49:37'),
(3112, 78, 12, 3, 267, '2014-04-14 12:49:37'),
(3113, 78, 12, 5, 269, '2014-04-14 12:49:37'),
(3114, 78, 12, 7, 271, '2014-04-14 12:49:37'),
(3115, 78, 12, 8, 273, '2014-04-14 12:49:37'),
(3116, 78, 12, 9, 275, '2014-04-14 12:49:37'),
(3117, 78, 12, 10, 277, '2014-04-14 12:49:37'),
(3118, 78, 12, 11, 279, '2014-04-14 12:49:37'),
(3119, 78, 12, 12, 281, '2014-04-14 12:49:37'),
(3120, 78, 12, 13, 283, '2014-04-14 12:49:37'),
(3121, 78, 12, 14, 285, '2014-04-14 12:49:37'),
(3122, 78, 12, 15, 287, '2014-04-14 12:49:37'),
(3123, 78, 12, 16, 289, '2014-04-14 12:49:37'),
(3124, 78, 12, 17, 291, '2014-04-14 12:49:37'),
(3125, 78, 12, 18, 293, '2014-04-14 12:49:37'),
(3126, 78, 12, 19, 295, '2014-04-14 12:49:37'),
(3127, 78, 12, 20, 297, '2014-04-14 12:49:37'),
(3128, 78, 12, 22, 299, '2014-04-14 12:49:37'),
(3129, 78, 12, 23, 301, '2014-04-14 12:49:37'),
(3130, 78, 12, 24, 303, '2014-04-14 12:49:37'),
(3131, 78, 12, 25, 305, '2014-04-14 12:49:37'),
(3132, 78, 12, 26, 307, '2014-04-14 12:49:37'),
(3133, 78, 12, 27, 309, '2014-04-14 12:49:37'),
(3134, 78, 12, 29, 311, '2014-04-14 12:49:37'),
(3135, 78, 12, 30, 313, '2014-04-14 12:49:37'),
(3136, 78, 12, 31, 315, '2014-04-14 12:49:37'),
(3137, 78, 12, 32, 317, '2014-04-14 12:49:37'),
(3138, 78, 12, 33, 319, '2014-04-14 12:49:37'),
(3139, 78, 12, 34, 321, '2014-04-14 12:49:37'),
(3140, 78, 12, 35, 323, '2014-04-14 12:49:37'),
(3141, 78, 12, 36, 325, '2014-04-14 12:49:37'),
(3142, 78, 12, 37, 327, '2014-04-14 12:49:37'),
(3143, 78, 12, 38, 329, '2014-04-14 12:49:37'),
(3144, 78, 12, 39, 331, '2014-04-14 12:49:37'),
(3145, 78, 12, 40, 333, '2014-04-14 12:49:37'),
(3146, 78, 12, 41, 335, '2014-04-14 12:49:37'),
(3147, 78, 12, 42, 337, '2014-04-14 12:49:37'),
(3148, 78, 12, 43, 339, '2014-04-14 12:49:37'),
(3149, 78, 12, 44, 341, '2014-04-14 12:49:37'),
(3150, 78, 12, 45, 343, '2014-04-14 12:49:37'),
(3151, 78, 12, 46, 345, '2014-04-14 12:49:37'),
(3152, 78, 12, 47, 347, '2014-04-14 12:49:37'),
(3153, 78, 12, 48, 349, '2014-04-14 12:49:37'),
(3154, 350, 12, 1, 263, '2014-04-14 14:53:03'),
(3155, 350, 12, 2, 265, '2014-04-14 14:53:03'),
(3156, 350, 12, 3, 268, '2014-04-14 14:53:03'),
(3157, 350, 12, 5, 269, '2014-04-14 14:53:03'),
(3158, 350, 12, 7, 271, '2014-04-14 14:53:03'),
(3159, 350, 12, 8, 274, '2014-04-14 14:53:03'),
(3160, 350, 12, 9, 275, '2014-04-14 14:53:03'),
(3161, 350, 12, 10, 277, '2014-04-14 14:53:03'),
(3162, 350, 12, 11, 280, '2014-04-14 14:53:03'),
(3163, 350, 12, 12, 281, '2014-04-14 14:53:03'),
(3164, 350, 12, 13, 284, '2014-04-14 14:53:03'),
(3165, 350, 12, 14, 286, '2014-04-14 14:53:03'),
(3166, 350, 12, 15, 288, '2014-04-14 14:53:03'),
(3167, 350, 12, 16, 289, '2014-04-14 14:53:03'),
(3168, 350, 12, 17, 291, '2014-04-14 14:53:03'),
(3169, 350, 12, 18, 294, '2014-04-14 14:53:03'),
(3170, 350, 12, 19, 296, '2014-04-14 14:53:03'),
(3171, 350, 12, 20, 297, '2014-04-14 14:53:03'),
(3172, 350, 12, 22, 299, '2014-04-14 14:53:03'),
(3173, 350, 12, 23, 302, '2014-04-14 14:53:03'),
(3174, 350, 12, 24, 304, '2014-04-14 14:53:03'),
(3175, 350, 12, 25, 305, '2014-04-14 14:53:03'),
(3176, 350, 12, 26, 307, '2014-04-14 14:53:03'),
(3177, 350, 12, 27, 309, '2014-04-14 14:53:03'),
(3178, 350, 12, 29, 312, '2014-04-14 14:53:03'),
(3179, 350, 12, 30, 313, '2014-04-14 14:53:03'),
(3180, 350, 12, 31, 315, '2014-04-14 14:53:03'),
(3181, 350, 12, 32, 318, '2014-04-14 14:53:03'),
(3182, 350, 12, 33, 320, '2014-04-14 14:53:03'),
(3183, 350, 12, 34, 321, '2014-04-14 14:53:03'),
(3184, 350, 12, 35, 323, '2014-04-14 14:53:03'),
(3185, 350, 12, 36, 326, '2014-04-14 14:53:03'),
(3186, 350, 12, 37, 327, '2014-04-14 14:53:03'),
(3187, 350, 12, 38, 329, '2014-04-14 14:53:03'),
(3188, 350, 12, 39, 332, '2014-04-14 14:53:03'),
(3189, 350, 12, 40, 334, '2014-04-14 14:53:03'),
(3190, 350, 12, 41, 335, '2014-04-14 14:53:03'),
(3191, 350, 12, 42, 337, '2014-04-14 14:53:03'),
(3192, 350, 12, 43, 340, '2014-04-14 14:53:03'),
(3193, 350, 12, 44, 341, '2014-04-14 14:53:03'),
(3194, 350, 12, 45, 344, '2014-04-14 14:53:03'),
(3195, 350, 12, 46, 346, '2014-04-14 14:53:03'),
(3196, 350, 12, 47, 347, '2014-04-14 14:53:03'),
(3197, 350, 12, 48, 350, '2014-04-14 14:53:03'),
(3198, 350, 12, 1, 263, '2014-04-14 15:17:54'),
(3199, 350, 12, 2, 265, '2014-04-14 15:17:54'),
(3200, 350, 12, 3, 268, '2014-04-14 15:17:54'),
(3201, 350, 12, 5, 270, '2014-04-14 15:17:54'),
(3202, 350, 12, 7, 272, '2014-04-14 15:17:54'),
(3203, 350, 12, 8, 274, '2014-04-14 15:17:54'),
(3204, 350, 12, 9, 276, '2014-04-14 15:17:54'),
(3205, 350, 12, 10, 278, '2014-04-14 15:17:54'),
(3206, 350, 12, 11, 280, '2014-04-14 15:17:54'),
(3207, 350, 12, 12, 282, '2014-04-14 15:17:54'),
(3208, 350, 12, 13, 284, '2014-04-14 15:17:54'),
(3209, 350, 12, 14, 286, '2014-04-14 15:17:54'),
(3210, 350, 12, 15, 288, '2014-04-14 15:17:54'),
(3211, 350, 12, 16, 290, '2014-04-14 15:17:54'),
(3212, 350, 12, 17, 292, '2014-04-14 15:17:54'),
(3213, 350, 12, 18, 294, '2014-04-14 15:17:54'),
(3214, 350, 12, 19, 296, '2014-04-14 15:17:54'),
(3215, 350, 12, 20, 298, '2014-04-14 15:17:54'),
(3216, 350, 12, 22, 300, '2014-04-14 15:17:54'),
(3217, 350, 12, 23, 302, '2014-04-14 15:17:54'),
(3218, 350, 12, 24, 304, '2014-04-14 15:17:54'),
(3219, 350, 12, 25, 306, '2014-04-14 15:17:54'),
(3220, 350, 12, 26, 308, '2014-04-14 15:17:54'),
(3221, 350, 12, 27, 310, '2014-04-14 15:17:54'),
(3222, 350, 12, 29, 312, '2014-04-14 15:17:54'),
(3223, 350, 12, 30, 314, '2014-04-14 15:17:54'),
(3224, 350, 12, 31, 316, '2014-04-14 15:17:54'),
(3225, 350, 12, 32, 318, '2014-04-14 15:17:54'),
(3226, 350, 12, 33, 320, '2014-04-14 15:17:54'),
(3227, 350, 12, 34, 322, '2014-04-14 15:17:54'),
(3228, 350, 12, 35, 324, '2014-04-14 15:17:54'),
(3229, 350, 12, 36, 326, '2014-04-14 15:17:54'),
(3230, 350, 12, 37, 328, '2014-04-14 15:17:54'),
(3231, 350, 12, 38, 330, '2014-04-14 15:17:54'),
(3232, 350, 12, 39, 332, '2014-04-14 15:17:54'),
(3233, 350, 12, 40, 334, '2014-04-14 15:17:54'),
(3234, 350, 12, 41, 336, '2014-04-14 15:17:54'),
(3235, 350, 12, 42, 338, '2014-04-14 15:17:54'),
(3236, 350, 12, 43, 340, '2014-04-14 15:17:54'),
(3237, 350, 12, 44, 342, '2014-04-14 15:17:54'),
(3238, 350, 12, 45, 344, '2014-04-14 15:17:54'),
(3239, 350, 12, 46, 346, '2014-04-14 15:17:54'),
(3240, 350, 12, 47, 348, '2014-04-14 15:17:54'),
(3241, 350, 12, 48, 350, '2014-04-14 15:17:54'),
(3242, 350, 12, 1, 264, '2014-04-14 16:03:14'),
(3243, 350, 12, 2, 266, '2014-04-14 16:03:14'),
(3244, 350, 12, 3, 268, '2014-04-14 16:03:14'),
(3245, 350, 12, 5, 270, '2014-04-14 16:03:14'),
(3246, 350, 12, 7, 272, '2014-04-14 16:03:14'),
(3247, 350, 12, 8, 274, '2014-04-14 16:03:14'),
(3248, 350, 12, 9, 276, '2014-04-14 16:03:14'),
(3249, 350, 12, 10, 278, '2014-04-14 16:03:14'),
(3250, 350, 12, 11, 280, '2014-04-14 16:03:14'),
(3251, 350, 12, 12, 282, '2014-04-14 16:03:14'),
(3252, 350, 12, 13, 284, '2014-04-14 16:03:14'),
(3253, 350, 12, 14, 286, '2014-04-14 16:03:14'),
(3254, 350, 12, 15, 288, '2014-04-14 16:03:14'),
(3255, 350, 12, 16, 290, '2014-04-14 16:03:14'),
(3256, 350, 12, 17, 292, '2014-04-14 16:03:14'),
(3257, 350, 12, 18, 294, '2014-04-14 16:03:14'),
(3258, 350, 12, 19, 296, '2014-04-14 16:03:14'),
(3259, 350, 12, 20, 298, '2014-04-14 16:03:14'),
(3260, 350, 12, 22, 300, '2014-04-14 16:03:14'),
(3261, 350, 12, 23, 302, '2014-04-14 16:03:14'),
(3262, 350, 12, 24, 304, '2014-04-14 16:03:14'),
(3263, 350, 12, 25, 306, '2014-04-14 16:03:14'),
(3264, 350, 12, 26, 308, '2014-04-14 16:03:14'),
(3265, 350, 12, 27, 310, '2014-04-14 16:03:14'),
(3266, 350, 12, 29, 312, '2014-04-14 16:03:14'),
(3267, 350, 12, 30, 314, '2014-04-14 16:03:14'),
(3268, 350, 12, 31, 316, '2014-04-14 16:03:14'),
(3269, 350, 12, 32, 318, '2014-04-14 16:03:14'),
(3270, 350, 12, 33, 320, '2014-04-14 16:03:14'),
(3271, 350, 12, 34, 322, '2014-04-14 16:03:14'),
(3272, 350, 12, 35, 324, '2014-04-14 16:03:14'),
(3273, 350, 12, 36, 326, '2014-04-14 16:03:14'),
(3274, 350, 12, 37, 328, '2014-04-14 16:03:14'),
(3275, 350, 12, 38, 330, '2014-04-14 16:03:14'),
(3276, 350, 12, 39, 332, '2014-04-14 16:03:14'),
(3277, 350, 12, 40, 334, '2014-04-14 16:03:14'),
(3278, 350, 12, 41, 336, '2014-04-14 16:03:14'),
(3279, 350, 12, 42, 338, '2014-04-14 16:03:14'),
(3280, 350, 12, 43, 340, '2014-04-14 16:03:14'),
(3281, 350, 12, 44, 342, '2014-04-14 16:03:14'),
(3282, 350, 12, 45, 344, '2014-04-14 16:03:14'),
(3283, 350, 12, 46, 346, '2014-04-14 16:03:14'),
(3284, 350, 12, 47, 348, '2014-04-14 16:03:14'),
(3285, 350, 12, 48, 350, '2014-04-14 16:03:14'),
(3286, 350, 12, 1, 264, '2014-04-14 16:11:26'),
(3287, 350, 12, 2, 265, '2014-04-14 16:11:26'),
(3288, 350, 12, 3, 267, '2014-04-14 16:11:26'),
(3289, 350, 12, 5, 269, '2014-04-14 16:11:26'),
(3290, 350, 12, 7, 271, '2014-04-14 16:11:26'),
(3291, 350, 12, 8, 273, '2014-04-14 16:11:26'),
(3292, 350, 12, 9, 275, '2014-04-14 16:11:26'),
(3293, 350, 12, 10, 277, '2014-04-14 16:11:26'),
(3294, 350, 12, 11, 279, '2014-04-14 16:11:26'),
(3295, 350, 12, 12, 281, '2014-04-14 16:11:26'),
(3296, 350, 12, 13, 283, '2014-04-14 16:11:26'),
(3297, 350, 12, 14, 285, '2014-04-14 16:11:26'),
(3298, 350, 12, 15, 287, '2014-04-14 16:11:26'),
(3299, 350, 12, 16, 289, '2014-04-14 16:11:26'),
(3300, 350, 12, 17, 291, '2014-04-14 16:11:26'),
(3301, 350, 12, 18, 293, '2014-04-14 16:11:26'),
(3302, 350, 12, 19, 295, '2014-04-14 16:11:26'),
(3303, 350, 12, 20, 297, '2014-04-14 16:11:26'),
(3304, 350, 12, 22, 299, '2014-04-14 16:11:26'),
(3305, 350, 12, 23, 301, '2014-04-14 16:11:26'),
(3306, 350, 12, 24, 303, '2014-04-14 16:11:26'),
(3307, 350, 12, 25, 305, '2014-04-14 16:11:26'),
(3308, 350, 12, 26, 307, '2014-04-14 16:11:26'),
(3309, 350, 12, 27, 309, '2014-04-14 16:11:26'),
(3310, 350, 12, 29, 311, '2014-04-14 16:11:26'),
(3311, 350, 12, 30, 313, '2014-04-14 16:11:26'),
(3312, 350, 12, 31, 315, '2014-04-14 16:11:26'),
(3313, 350, 12, 32, 317, '2014-04-14 16:11:26'),
(3314, 350, 12, 33, 319, '2014-04-14 16:11:26'),
(3315, 350, 12, 34, 321, '2014-04-14 16:11:26'),
(3316, 350, 12, 35, 323, '2014-04-14 16:11:26'),
(3317, 350, 12, 36, 325, '2014-04-14 16:11:26'),
(3318, 350, 12, 37, 327, '2014-04-14 16:11:26'),
(3319, 350, 12, 38, 329, '2014-04-14 16:11:26'),
(3320, 350, 12, 39, 331, '2014-04-14 16:11:26'),
(3321, 350, 12, 40, 333, '2014-04-14 16:11:26'),
(3322, 350, 12, 41, 335, '2014-04-14 16:11:26'),
(3323, 350, 12, 42, 337, '2014-04-14 16:11:26'),
(3324, 350, 12, 43, 339, '2014-04-14 16:11:26'),
(3325, 350, 12, 44, 341, '2014-04-14 16:11:26'),
(3326, 350, 12, 45, 343, '2014-04-14 16:11:26'),
(3327, 350, 12, 46, 345, '2014-04-14 16:11:26'),
(3328, 350, 12, 47, 347, '2014-04-14 16:11:26'),
(3329, 350, 12, 48, 349, '2014-04-14 16:11:26'),
(3330, 350, 12, 1, 263, '2014-04-14 16:18:01'),
(3331, 350, 12, 2, 266, '2014-04-14 16:18:01'),
(3332, 350, 12, 3, 267, '2014-04-14 16:18:01'),
(3333, 350, 12, 5, 270, '2014-04-14 16:18:01'),
(3334, 350, 12, 7, 272, '2014-04-14 16:18:01'),
(3335, 350, 12, 8, 273, '2014-04-14 16:18:01'),
(3336, 350, 12, 9, 276, '2014-04-14 16:18:01'),
(3337, 350, 12, 10, 277, '2014-04-14 16:18:01'),
(3338, 350, 12, 11, 280, '2014-04-14 16:18:01'),
(3339, 350, 12, 12, 281, '2014-04-14 16:18:01'),
(3340, 350, 12, 13, 284, '2014-04-14 16:18:01'),
(3341, 350, 12, 14, 286, '2014-04-14 16:18:01'),
(3342, 350, 12, 15, 288, '2014-04-14 16:18:01'),
(3343, 350, 12, 16, 289, '2014-04-14 16:18:01'),
(3344, 350, 12, 17, 291, '2014-04-14 16:18:01'),
(3345, 350, 12, 18, 293, '2014-04-14 16:18:01'),
(3346, 350, 12, 19, 296, '2014-04-14 16:18:01'),
(3347, 350, 12, 20, 297, '2014-04-14 16:18:01'),
(3348, 350, 12, 22, 300, '2014-04-14 16:18:01'),
(3349, 350, 12, 23, 302, '2014-04-14 16:18:01'),
(3350, 350, 12, 24, 304, '2014-04-14 16:18:01'),
(3351, 350, 12, 25, 306, '2014-04-14 16:18:01'),
(3352, 350, 12, 26, 308, '2014-04-14 16:18:01'),
(3353, 350, 12, 27, 310, '2014-04-14 16:18:01'),
(3354, 350, 12, 29, 312, '2014-04-14 16:18:01'),
(3355, 350, 12, 30, 314, '2014-04-14 16:18:01'),
(3356, 350, 12, 31, 316, '2014-04-14 16:18:01'),
(3357, 350, 12, 32, 318, '2014-04-14 16:18:01'),
(3358, 350, 12, 33, 320, '2014-04-14 16:18:01'),
(3359, 350, 12, 34, 322, '2014-04-14 16:18:01'),
(3360, 350, 12, 35, 324, '2014-04-14 16:18:01'),
(3361, 350, 12, 36, 326, '2014-04-14 16:18:01'),
(3362, 350, 12, 37, 328, '2014-04-14 16:18:01'),
(3363, 350, 12, 38, 330, '2014-04-14 16:18:01'),
(3364, 350, 12, 39, 332, '2014-04-14 16:18:01'),
(3365, 350, 12, 40, 334, '2014-04-14 16:18:01'),
(3366, 350, 12, 41, 336, '2014-04-14 16:18:01'),
(3367, 350, 12, 42, 338, '2014-04-14 16:18:01'),
(3368, 350, 12, 43, 340, '2014-04-14 16:18:01'),
(3369, 350, 12, 44, 342, '2014-04-14 16:18:01'),
(3370, 350, 12, 45, 344, '2014-04-14 16:18:01'),
(3371, 350, 12, 46, 346, '2014-04-14 16:18:01'),
(3372, 350, 12, 47, 348, '2014-04-14 16:18:01'),
(3373, 350, 12, 48, 350, '2014-04-14 16:18:01'),
(3374, 350, 12, 1, 263, '2014-04-14 16:20:31'),
(3375, 350, 12, 2, 266, '2014-04-14 16:20:31'),
(3376, 350, 12, 3, 268, '2014-04-14 16:20:31'),
(3377, 350, 12, 5, 270, '2014-04-14 16:20:31'),
(3378, 350, 12, 7, 272, '2014-04-14 16:20:31'),
(3379, 350, 12, 8, 274, '2014-04-14 16:20:31'),
(3380, 350, 12, 9, 276, '2014-04-14 16:20:31'),
(3381, 350, 12, 10, 278, '2014-04-14 16:20:31'),
(3382, 350, 12, 11, 280, '2014-04-14 16:20:31'),
(3383, 350, 12, 12, 282, '2014-04-14 16:20:31'),
(3384, 350, 12, 13, 284, '2014-04-14 16:20:31'),
(3385, 350, 12, 14, 286, '2014-04-14 16:20:31'),
(3386, 350, 12, 15, 288, '2014-04-14 16:20:31'),
(3387, 350, 12, 16, 290, '2014-04-14 16:20:31'),
(3388, 350, 12, 17, 292, '2014-04-14 16:20:31'),
(3389, 350, 12, 18, 294, '2014-04-14 16:20:31'),
(3390, 350, 12, 19, 296, '2014-04-14 16:20:31'),
(3391, 350, 12, 20, 298, '2014-04-14 16:20:31'),
(3392, 350, 12, 22, 300, '2014-04-14 16:20:31'),
(3393, 350, 12, 23, 302, '2014-04-14 16:20:31'),
(3394, 350, 12, 24, 304, '2014-04-14 16:20:31'),
(3395, 350, 12, 25, 306, '2014-04-14 16:20:31'),
(3396, 350, 12, 26, 308, '2014-04-14 16:20:31'),
(3397, 350, 12, 27, 310, '2014-04-14 16:20:31'),
(3398, 350, 12, 29, 312, '2014-04-14 16:20:31'),
(3399, 350, 12, 30, 314, '2014-04-14 16:20:31'),
(3400, 350, 12, 31, 316, '2014-04-14 16:20:31'),
(3401, 350, 12, 32, 318, '2014-04-14 16:20:31'),
(3402, 350, 12, 33, 320, '2014-04-14 16:20:31'),
(3403, 350, 12, 34, 322, '2014-04-14 16:20:31'),
(3404, 350, 12, 35, 323, '2014-04-14 16:20:31'),
(3405, 350, 12, 36, 325, '2014-04-14 16:20:31'),
(3406, 350, 12, 37, 328, '2014-04-14 16:20:31'),
(3407, 350, 12, 38, 329, '2014-04-14 16:20:31'),
(3408, 350, 12, 39, 332, '2014-04-14 16:20:31'),
(3409, 350, 12, 40, 333, '2014-04-14 16:20:31'),
(3410, 350, 12, 41, 336, '2014-04-14 16:20:31'),
(3411, 350, 12, 42, 337, '2014-04-14 16:20:31'),
(3412, 350, 12, 43, 340, '2014-04-14 16:20:31'),
(3413, 350, 12, 44, 341, '2014-04-14 16:20:31'),
(3414, 350, 12, 45, 343, '2014-04-14 16:20:31'),
(3415, 350, 12, 46, 345, '2014-04-14 16:20:31'),
(3416, 350, 12, 47, 347, '2014-04-14 16:20:31'),
(3417, 350, 12, 48, 349, '2014-04-14 16:20:31'),
(3418, 350, 12, 1, 263, '2014-04-14 16:21:45'),
(3419, 350, 12, 2, 265, '2014-04-14 16:21:45'),
(3420, 350, 12, 3, 267, '2014-04-14 16:21:45'),
(3421, 350, 12, 5, 269, '2014-04-14 16:21:45'),
(3422, 350, 12, 7, 271, '2014-04-14 16:21:45'),
(3423, 350, 12, 8, 273, '2014-04-14 16:21:45'),
(3424, 350, 12, 9, 275, '2014-04-14 16:21:45'),
(3425, 350, 12, 10, 277, '2014-04-14 16:21:45'),
(3426, 350, 12, 11, 279, '2014-04-14 16:21:45'),
(3427, 350, 12, 12, 281, '2014-04-14 16:21:45'),
(3428, 350, 12, 13, 283, '2014-04-14 16:21:45'),
(3429, 350, 12, 14, 285, '2014-04-14 16:21:45'),
(3430, 350, 12, 15, 287, '2014-04-14 16:21:45'),
(3431, 350, 12, 16, 289, '2014-04-14 16:21:45'),
(3432, 350, 12, 17, 291, '2014-04-14 16:21:45'),
(3433, 350, 12, 18, 293, '2014-04-14 16:21:45'),
(3434, 350, 12, 19, 295, '2014-04-14 16:21:45'),
(3435, 350, 12, 20, 297, '2014-04-14 16:21:45'),
(3436, 350, 12, 22, 299, '2014-04-14 16:21:45'),
(3437, 350, 12, 23, 301, '2014-04-14 16:21:45'),
(3438, 350, 12, 24, 303, '2014-04-14 16:21:45'),
(3439, 350, 12, 25, 305, '2014-04-14 16:21:45'),
(3440, 350, 12, 26, 307, '2014-04-14 16:21:45'),
(3441, 350, 12, 27, 309, '2014-04-14 16:21:45'),
(3442, 350, 12, 29, 311, '2014-04-14 16:21:45'),
(3443, 350, 12, 30, 313, '2014-04-14 16:21:45'),
(3444, 350, 12, 31, 315, '2014-04-14 16:21:45'),
(3445, 350, 12, 32, 317, '2014-04-14 16:21:45'),
(3446, 350, 12, 33, 319, '2014-04-14 16:21:45'),
(3447, 350, 12, 34, 321, '2014-04-14 16:21:45'),
(3448, 350, 12, 35, 323, '2014-04-14 16:21:45'),
(3449, 350, 12, 36, 325, '2014-04-14 16:21:45'),
(3450, 350, 12, 37, 327, '2014-04-14 16:21:45'),
(3451, 350, 12, 38, 329, '2014-04-14 16:21:45'),
(3452, 350, 12, 39, 331, '2014-04-14 16:21:45'),
(3453, 350, 12, 40, 333, '2014-04-14 16:21:45'),
(3454, 350, 12, 41, 335, '2014-04-14 16:21:45'),
(3455, 350, 12, 42, 337, '2014-04-14 16:21:45'),
(3456, 350, 12, 43, 339, '2014-04-14 16:21:45'),
(3457, 350, 12, 44, 341, '2014-04-14 16:21:45'),
(3458, 350, 12, 45, 343, '2014-04-14 16:21:45'),
(3459, 350, 12, 46, 345, '2014-04-14 16:21:45'),
(3460, 350, 12, 47, 347, '2014-04-14 16:21:45'),
(3461, 350, 12, 48, 349, '2014-04-14 16:21:45'),
(3462, 350, 12, 1, 263, '2014-04-14 16:22:46'),
(3463, 350, 12, 2, 265, '2014-04-14 16:22:46'),
(3464, 350, 12, 3, 267, '2014-04-14 16:22:46'),
(3465, 350, 12, 5, 269, '2014-04-14 16:22:46'),
(3466, 350, 12, 7, 271, '2014-04-14 16:22:46'),
(3467, 350, 12, 8, 273, '2014-04-14 16:22:46'),
(3468, 350, 12, 9, 275, '2014-04-14 16:22:46'),
(3469, 350, 12, 10, 277, '2014-04-14 16:22:46'),
(3470, 350, 12, 11, 279, '2014-04-14 16:22:46'),
(3471, 350, 12, 12, 281, '2014-04-14 16:22:46'),
(3472, 350, 12, 13, 283, '2014-04-14 16:22:46'),
(3473, 350, 12, 14, 285, '2014-04-14 16:22:46'),
(3474, 350, 12, 15, 287, '2014-04-14 16:22:46'),
(3475, 350, 12, 16, 289, '2014-04-14 16:22:46'),
(3476, 350, 12, 17, 291, '2014-04-14 16:22:46'),
(3477, 350, 12, 18, 293, '2014-04-14 16:22:46'),
(3478, 350, 12, 19, 295, '2014-04-14 16:22:46'),
(3479, 350, 12, 20, 297, '2014-04-14 16:22:46'),
(3480, 350, 12, 22, 299, '2014-04-14 16:22:46'),
(3481, 350, 12, 23, 301, '2014-04-14 16:22:46'),
(3482, 350, 12, 24, 303, '2014-04-14 16:22:46'),
(3483, 350, 12, 25, 305, '2014-04-14 16:22:46'),
(3484, 350, 12, 26, 307, '2014-04-14 16:22:46'),
(3485, 350, 12, 27, 309, '2014-04-14 16:22:46'),
(3486, 350, 12, 29, 311, '2014-04-14 16:22:46'),
(3487, 350, 12, 30, 313, '2014-04-14 16:22:46'),
(3488, 350, 12, 31, 315, '2014-04-14 16:22:46'),
(3489, 350, 12, 32, 317, '2014-04-14 16:22:46'),
(3490, 350, 12, 33, 319, '2014-04-14 16:22:46'),
(3491, 350, 12, 34, 321, '2014-04-14 16:22:46'),
(3492, 350, 12, 35, 323, '2014-04-14 16:22:46'),
(3493, 350, 12, 36, 325, '2014-04-14 16:22:46'),
(3494, 350, 12, 37, 327, '2014-04-14 16:22:46'),
(3495, 350, 12, 38, 329, '2014-04-14 16:22:46'),
(3496, 350, 12, 39, 331, '2014-04-14 16:22:46'),
(3497, 350, 12, 40, 333, '2014-04-14 16:22:46'),
(3498, 350, 12, 41, 335, '2014-04-14 16:22:46'),
(3499, 350, 12, 42, 337, '2014-04-14 16:22:46'),
(4034, 350, 12, 1, 263, '2014-04-14 17:56:40'),
(4035, 350, 12, 2, 266, '2014-04-14 17:56:40'),
(4036, 350, 12, 3, 268, '2014-04-14 17:56:40'),
(4037, 350, 12, 5, 270, '2014-04-14 17:56:40'),
(4038, 350, 12, 7, 272, '2014-04-14 17:56:40'),
(4039, 350, 12, 8, 274, '2014-04-14 17:56:40'),
(4040, 350, 12, 9, 276, '2014-04-14 17:56:40'),
(4041, 350, 12, 10, 278, '2014-04-14 17:56:40'),
(4042, 350, 12, 11, 280, '2014-04-14 17:56:40'),
(4043, 350, 12, 12, 282, '2014-04-14 17:56:40'),
(4044, 350, 12, 13, 284, '2014-04-14 17:56:40'),
(4045, 350, 12, 14, 286, '2014-04-14 17:56:40'),
(4046, 350, 12, 15, 288, '2014-04-14 17:56:40'),
(4047, 350, 12, 16, 290, '2014-04-14 17:56:40'),
(4048, 350, 12, 17, 292, '2014-04-14 17:56:40'),
(4049, 350, 12, 18, 294, '2014-04-14 17:56:40'),
(4050, 350, 12, 19, 296, '2014-04-14 17:56:40'),
(4051, 350, 12, 20, 298, '2014-04-14 17:56:40'),
(4052, 350, 12, 22, 300, '2014-04-14 17:56:40'),
(4053, 350, 12, 23, 302, '2014-04-14 17:56:40'),
(4054, 350, 12, 24, 304, '2014-04-14 17:56:40'),
(4055, 350, 12, 25, 306, '2014-04-14 17:56:40'),
(4056, 350, 12, 26, 308, '2014-04-14 17:56:40'),
(4057, 350, 12, 27, 310, '2014-04-14 17:56:40'),
(4058, 350, 12, 29, 312, '2014-04-14 17:56:40'),
(4059, 350, 12, 30, 314, '2014-04-14 17:56:40'),
(4060, 350, 12, 31, 316, '2014-04-14 17:56:40'),
(4061, 350, 12, 32, 318, '2014-04-14 17:56:40'),
(4062, 350, 12, 33, 320, '2014-04-14 17:56:40'),
(4063, 350, 12, 34, 322, '2014-04-14 17:56:40'),
(4064, 350, 12, 35, 324, '2014-04-14 17:56:40'),
(4065, 350, 12, 36, 326, '2014-04-14 17:56:40'),
(4066, 350, 12, 37, 328, '2014-04-14 17:56:40'),
(4067, 350, 12, 38, 330, '2014-04-14 17:56:40'),
(4068, 350, 12, 39, 332, '2014-04-14 17:56:40'),
(4069, 350, 12, 40, 334, '2014-04-14 17:56:40'),
(4070, 350, 12, 41, 336, '2014-04-14 17:56:40'),
(4071, 350, 12, 42, 338, '2014-04-14 17:56:40'),
(4072, 350, 12, 43, 340, '2014-04-14 17:56:40'),
(4073, 350, 12, 44, 342, '2014-04-14 17:56:40'),
(4074, 350, 12, 45, 344, '2014-04-14 17:56:40'),
(4075, 350, 12, 46, 346, '2014-04-14 17:56:40'),
(4076, 350, 12, 47, 348, '2014-04-14 17:56:40'),
(4077, 350, 12, 48, 350, '2014-04-14 17:56:40'),
(4078, 350, 12, 1, 263, '2014-04-14 17:58:59'),
(4079, 350, 12, 2, 265, '2014-04-14 17:58:59'),
(4080, 350, 12, 3, 267, '2014-04-14 17:58:59'),
(4081, 350, 12, 5, 269, '2014-04-14 17:58:59'),
(4082, 350, 12, 7, 271, '2014-04-14 17:58:59'),
(4083, 350, 12, 8, 273, '2014-04-14 17:58:59'),
(4084, 350, 12, 9, 275, '2014-04-14 17:58:59'),
(4085, 350, 12, 10, 277, '2014-04-14 17:58:59'),
(4086, 350, 12, 11, 279, '2014-04-14 17:58:59'),
(4087, 350, 12, 12, 281, '2014-04-14 17:58:59'),
(4088, 350, 12, 13, 283, '2014-04-14 17:58:59'),
(4089, 350, 12, 14, 285, '2014-04-14 17:58:59'),
(4090, 350, 12, 15, 287, '2014-04-14 17:58:59'),
(4091, 350, 12, 16, 289, '2014-04-14 17:58:59'),
(4092, 350, 12, 17, 291, '2014-04-14 17:58:59'),
(4093, 350, 12, 18, 293, '2014-04-14 17:58:59'),
(4094, 350, 12, 19, 295, '2014-04-14 17:58:59'),
(4095, 350, 12, 20, 297, '2014-04-14 17:58:59'),
(4096, 350, 12, 22, 299, '2014-04-14 17:58:59'),
(4097, 350, 12, 23, 301, '2014-04-14 17:58:59'),
(4098, 350, 12, 24, 303, '2014-04-14 17:58:59'),
(4099, 350, 12, 25, 305, '2014-04-14 17:58:59'),
(4100, 350, 12, 26, 307, '2014-04-14 17:58:59'),
(4101, 350, 12, 27, 309, '2014-04-14 17:58:59'),
(4102, 350, 12, 29, 311, '2014-04-14 17:58:59'),
(4103, 350, 12, 30, 313, '2014-04-14 17:58:59'),
(4104, 350, 12, 31, 315, '2014-04-14 17:58:59'),
(4105, 350, 12, 32, 317, '2014-04-14 17:58:59'),
(4106, 350, 12, 33, 319, '2014-04-14 17:58:59'),
(4107, 350, 12, 34, 321, '2014-04-14 17:58:59'),
(4108, 350, 12, 35, 323, '2014-04-14 17:58:59'),
(4109, 350, 12, 36, 325, '2014-04-14 17:58:59'),
(4110, 350, 12, 37, 327, '2014-04-14 17:58:59'),
(4111, 350, 12, 38, 329, '2014-04-14 17:58:59'),
(4112, 350, 12, 39, 331, '2014-04-14 17:58:59'),
(4113, 350, 12, 40, 333, '2014-04-14 17:58:59'),
(4114, 350, 12, 41, 335, '2014-04-14 17:58:59'),
(4115, 350, 12, 42, 337, '2014-04-14 17:58:59'),
(4116, 350, 12, 43, 339, '2014-04-14 17:58:59'),
(4117, 350, 12, 44, 341, '2014-04-14 17:58:59'),
(4118, 350, 12, 45, 343, '2014-04-14 17:58:59'),
(4119, 350, 12, 46, 345, '2014-04-14 17:58:59'),
(4120, 350, 12, 47, 347, '2014-04-14 17:58:59'),
(4121, 350, 12, 48, 349, '2014-04-14 17:58:59'),
(4122, 350, 12, 1, 263, '2014-04-14 18:00:49'),
(4123, 350, 12, 2, 265, '2014-04-14 18:00:49'),
(4124, 350, 12, 3, 267, '2014-04-14 18:00:49'),
(4125, 350, 12, 5, 269, '2014-04-14 18:00:49'),
(4126, 350, 12, 7, 271, '2014-04-14 18:00:49'),
(4127, 350, 12, 8, 273, '2014-04-14 18:00:49'),
(4128, 350, 12, 9, 275, '2014-04-14 18:00:49'),
(4129, 350, 12, 10, 277, '2014-04-14 18:00:49'),
(4130, 350, 12, 11, 279, '2014-04-14 18:00:49'),
(4131, 350, 12, 12, 281, '2014-04-14 18:00:49'),
(4132, 350, 12, 13, 283, '2014-04-14 18:00:49'),
(4133, 350, 12, 14, 285, '2014-04-14 18:00:49'),
(4134, 350, 12, 15, 287, '2014-04-14 18:00:49'),
(4135, 350, 12, 16, 289, '2014-04-14 18:00:49'),
(4136, 350, 12, 17, 291, '2014-04-14 18:00:49'),
(4137, 350, 12, 18, 293, '2014-04-14 18:00:49'),
(4138, 350, 12, 19, 295, '2014-04-14 18:00:49'),
(4139, 350, 12, 20, 297, '2014-04-14 18:00:49'),
(4140, 350, 12, 22, 299, '2014-04-14 18:00:49'),
(4141, 350, 12, 23, 301, '2014-04-14 18:00:49'),
(4142, 350, 12, 24, 303, '2014-04-14 18:00:49'),
(4143, 350, 12, 25, 305, '2014-04-14 18:00:49'),
(4144, 350, 12, 26, 307, '2014-04-14 18:00:49'),
(4145, 350, 12, 27, 309, '2014-04-14 18:00:49'),
(4146, 350, 12, 29, 311, '2014-04-14 18:00:49'),
(4147, 350, 12, 30, 313, '2014-04-14 18:00:49'),
(4148, 350, 12, 31, 315, '2014-04-14 18:00:49'),
(4149, 350, 12, 32, 317, '2014-04-14 18:00:49'),
(4150, 350, 12, 33, 319, '2014-04-14 18:00:49'),
(4151, 350, 12, 34, 321, '2014-04-14 18:00:49'),
(4152, 350, 12, 35, 323, '2014-04-14 18:00:49'),
(4153, 350, 12, 36, 325, '2014-04-14 18:00:49'),
(4154, 350, 12, 37, 327, '2014-04-14 18:00:49'),
(4155, 350, 12, 38, 329, '2014-04-14 18:00:49'),
(4156, 350, 12, 39, 331, '2014-04-14 18:00:49'),
(4157, 350, 12, 40, 333, '2014-04-14 18:00:49'),
(4158, 350, 12, 41, 335, '2014-04-14 18:00:49'),
(4159, 350, 12, 42, 337, '2014-04-14 18:00:49'),
(4160, 350, 12, 43, 339, '2014-04-14 18:00:49'),
(4161, 350, 12, 44, 341, '2014-04-14 18:00:49'),
(4162, 350, 12, 45, 343, '2014-04-14 18:00:49'),
(4163, 350, 12, 46, 345, '2014-04-14 18:00:49'),
(4164, 350, 12, 47, 347, '2014-04-14 18:00:49'),
(4165, 350, 12, 48, 349, '2014-04-14 18:00:49'),
(4166, 350, 12, 1, 263, '2014-04-14 18:02:50'),
(4167, 350, 12, 2, 265, '2014-04-14 18:02:50'),
(4168, 350, 12, 3, 267, '2014-04-14 18:02:50'),
(4169, 350, 12, 5, 269, '2014-04-14 18:02:50'),
(4170, 350, 12, 7, 271, '2014-04-14 18:02:50'),
(4171, 350, 12, 8, 273, '2014-04-14 18:02:50'),
(4172, 350, 12, 9, 275, '2014-04-14 18:02:50'),
(4173, 350, 12, 10, 277, '2014-04-14 18:02:50'),
(4174, 350, 12, 11, 279, '2014-04-14 18:02:50'),
(4175, 350, 12, 12, 281, '2014-04-14 18:02:50'),
(4176, 350, 12, 13, 283, '2014-04-14 18:02:50'),
(4177, 350, 12, 14, 285, '2014-04-14 18:02:50'),
(4178, 350, 12, 15, 287, '2014-04-14 18:02:50'),
(4179, 350, 12, 16, 289, '2014-04-14 18:02:50'),
(4180, 350, 12, 17, 291, '2014-04-14 18:02:50'),
(4181, 350, 12, 18, 293, '2014-04-14 18:02:50'),
(4182, 350, 12, 19, 295, '2014-04-14 18:02:50'),
(4183, 350, 12, 20, 297, '2014-04-14 18:02:50'),
(4184, 350, 12, 22, 299, '2014-04-14 18:02:50'),
(4185, 350, 12, 23, 301, '2014-04-14 18:02:50'),
(4186, 350, 12, 24, 303, '2014-04-14 18:02:50'),
(4187, 350, 12, 25, 305, '2014-04-14 18:02:50'),
(4188, 350, 12, 26, 307, '2014-04-14 18:02:50'),
(4189, 350, 12, 27, 309, '2014-04-14 18:02:50'),
(4190, 350, 12, 29, 311, '2014-04-14 18:02:50'),
(4191, 350, 12, 30, 313, '2014-04-14 18:02:50'),
(4192, 350, 12, 31, 315, '2014-04-14 18:02:50'),
(4193, 350, 12, 32, 317, '2014-04-14 18:02:50'),
(4194, 350, 12, 33, 319, '2014-04-14 18:02:50'),
(4195, 350, 12, 34, 321, '2014-04-14 18:02:50'),
(4196, 350, 12, 35, 323, '2014-04-14 18:02:50'),
(4197, 350, 12, 36, 325, '2014-04-14 18:02:50'),
(4198, 350, 12, 37, 327, '2014-04-14 18:02:50'),
(4199, 350, 12, 38, 329, '2014-04-14 18:02:50'),
(4200, 350, 12, 39, 331, '2014-04-14 18:02:50'),
(4201, 350, 12, 40, 333, '2014-04-14 18:02:50'),
(4202, 350, 12, 41, 335, '2014-04-14 18:02:50'),
(4203, 350, 12, 42, 337, '2014-04-14 18:02:50'),
(4204, 350, 12, 43, 339, '2014-04-14 18:02:50'),
(4205, 350, 12, 44, 341, '2014-04-14 18:02:50'),
(4206, 350, 12, 45, 343, '2014-04-14 18:02:50'),
(4207, 350, 12, 46, 345, '2014-04-14 18:02:50'),
(4208, 350, 12, 47, 347, '2014-04-14 18:02:50'),
(4209, 350, 12, 48, 349, '2014-04-14 18:02:50'),
(4210, 23, 12, 1, 263, '2014-04-14 18:17:39'),
(4211, 23, 12, 2, 265, '2014-04-14 18:17:39'),
(4212, 23, 12, 3, 267, '2014-04-14 18:17:39'),
(4213, 23, 12, 5, 269, '2014-04-14 18:17:39'),
(4214, 23, 12, 7, 271, '2014-04-14 18:17:39'),
(4215, 23, 12, 8, 273, '2014-04-14 18:17:39'),
(4216, 23, 12, 9, 275, '2014-04-14 18:17:39'),
(4217, 23, 12, 10, 277, '2014-04-14 18:17:39'),
(4218, 23, 12, 11, 279, '2014-04-14 18:17:39'),
(4219, 23, 12, 12, 281, '2014-04-14 18:17:39'),
(4220, 23, 12, 13, 283, '2014-04-14 18:17:39'),
(4221, 23, 12, 14, 285, '2014-04-14 18:17:39'),
(4222, 23, 12, 15, 287, '2014-04-14 18:17:39'),
(4223, 23, 12, 16, 289, '2014-04-14 18:17:39'),
(4224, 23, 12, 17, 291, '2014-04-14 18:17:39'),
(4225, 23, 12, 18, 293, '2014-04-14 18:17:39'),
(4226, 23, 12, 19, 295, '2014-04-14 18:17:39'),
(4227, 23, 12, 20, 297, '2014-04-14 18:17:39'),
(4228, 23, 12, 22, 299, '2014-04-14 18:17:39'),
(4229, 23, 12, 23, 301, '2014-04-14 18:17:39'),
(4230, 23, 12, 24, 303, '2014-04-14 18:17:39'),
(4231, 23, 12, 25, 305, '2014-04-14 18:17:39'),
(4232, 23, 12, 26, 307, '2014-04-14 18:17:39'),
(4233, 23, 12, 27, 309, '2014-04-14 18:17:39'),
(4234, 23, 12, 29, 311, '2014-04-14 18:17:39'),
(4235, 23, 12, 30, 313, '2014-04-14 18:17:39'),
(4236, 23, 12, 31, 315, '2014-04-14 18:17:39'),
(4237, 23, 12, 32, 317, '2014-04-14 18:17:39'),
(4238, 23, 12, 33, 319, '2014-04-14 18:17:39'),
(4239, 23, 12, 34, 321, '2014-04-14 18:17:39'),
(4240, 23, 12, 35, 323, '2014-04-14 18:17:39'),
(4241, 23, 12, 36, 325, '2014-04-14 18:17:39'),
(4242, 23, 12, 37, 327, '2014-04-14 18:17:39'),
(4243, 23, 12, 38, 329, '2014-04-14 18:17:39'),
(4244, 23, 12, 39, 331, '2014-04-14 18:17:39'),
(4245, 23, 12, 40, 333, '2014-04-14 18:17:39'),
(4246, 23, 12, 41, 335, '2014-04-14 18:17:39'),
(4247, 23, 12, 42, 337, '2014-04-14 18:17:39'),
(4248, 23, 12, 43, 339, '2014-04-14 18:17:39'),
(4249, 23, 12, 44, 341, '2014-04-14 18:17:39'),
(4250, 23, 12, 45, 343, '2014-04-14 18:17:39'),
(4251, 23, 12, 46, 345, '2014-04-14 18:17:39'),
(4252, 23, 12, 47, 347, '2014-04-14 18:17:39'),
(4253, 23, 12, 48, 349, '2014-04-14 18:17:39'),
(4254, 23, 12, 1, 263, '2014-04-14 18:21:25'),
(4255, 23, 12, 2, 265, '2014-04-14 18:21:25'),
(4256, 23, 12, 3, 267, '2014-04-14 18:21:25'),
(4257, 23, 12, 5, 269, '2014-04-14 18:21:25'),
(4258, 23, 12, 7, 271, '2014-04-14 18:21:25'),
(4259, 23, 12, 8, 273, '2014-04-14 18:21:25'),
(4260, 23, 12, 9, 275, '2014-04-14 18:21:25'),
(4261, 23, 12, 10, 277, '2014-04-14 18:21:25'),
(4262, 23, 12, 11, 279, '2014-04-14 18:21:25'),
(4263, 23, 12, 12, 281, '2014-04-14 18:21:25'),
(4264, 23, 12, 13, 283, '2014-04-14 18:21:25'),
(4265, 23, 12, 14, 285, '2014-04-14 18:21:25'),
(4266, 23, 12, 15, 287, '2014-04-14 18:21:25'),
(4267, 23, 12, 16, 289, '2014-04-14 18:21:25'),
(4268, 23, 12, 17, 291, '2014-04-14 18:21:25'),
(4269, 23, 12, 18, 293, '2014-04-14 18:21:25'),
(4270, 23, 12, 19, 295, '2014-04-14 18:21:25'),
(4271, 23, 12, 20, 297, '2014-04-14 18:21:25'),
(4272, 23, 12, 22, 299, '2014-04-14 18:21:25'),
(4273, 23, 12, 23, 301, '2014-04-14 18:21:25'),
(4274, 23, 12, 24, 303, '2014-04-14 18:21:25'),
(4275, 23, 12, 25, 305, '2014-04-14 18:21:25'),
(4276, 23, 12, 26, 307, '2014-04-14 18:21:25'),
(4277, 23, 12, 27, 309, '2014-04-14 18:21:25'),
(4278, 23, 12, 29, 311, '2014-04-14 18:21:25'),
(4279, 23, 12, 30, 313, '2014-04-14 18:21:25'),
(4280, 23, 12, 31, 315, '2014-04-14 18:21:25'),
(4281, 23, 12, 32, 317, '2014-04-14 18:21:25'),
(4282, 23, 12, 33, 319, '2014-04-14 18:21:25'),
(4283, 23, 12, 34, 321, '2014-04-14 18:21:25'),
(4284, 23, 12, 35, 323, '2014-04-14 18:21:25'),
(4285, 23, 12, 36, 325, '2014-04-14 18:21:25'),
(4286, 23, 12, 37, 327, '2014-04-14 18:21:25'),
(4287, 23, 12, 38, 329, '2014-04-14 18:21:25'),
(4288, 23, 12, 39, 331, '2014-04-14 18:21:25'),
(4289, 23, 12, 40, 333, '2014-04-14 18:21:25'),
(4290, 23, 12, 41, 335, '2014-04-14 18:21:25'),
(4291, 23, 12, 42, 337, '2014-04-14 18:21:25'),
(4292, 23, 12, 43, 339, '2014-04-14 18:21:25'),
(4293, 23, 12, 44, 341, '2014-04-14 18:21:25'),
(4294, 23, 12, 45, 343, '2014-04-14 18:21:25'),
(4295, 23, 12, 46, 345, '2014-04-14 18:21:25'),
(4296, 23, 12, 47, 347, '2014-04-14 18:21:25'),
(4297, 23, 12, 48, 349, '2014-04-14 18:21:25'),
(4298, 27, 12, 1, 264, '2014-04-14 18:23:32'),
(4299, 27, 12, 2, 266, '2014-04-14 18:23:32'),
(4300, 27, 12, 3, 268, '2014-04-14 18:23:32'),
(4301, 27, 12, 5, 270, '2014-04-14 18:23:32'),
(4302, 27, 12, 7, 272, '2014-04-14 18:23:32'),
(4303, 27, 12, 8, 274, '2014-04-14 18:23:32'),
(4304, 27, 12, 9, 276, '2014-04-14 18:23:32'),
(4305, 27, 12, 10, 278, '2014-04-14 18:23:32'),
(4306, 27, 12, 11, 280, '2014-04-14 18:23:32'),
(4307, 27, 12, 12, 282, '2014-04-14 18:23:32'),
(4308, 27, 12, 13, 284, '2014-04-14 18:23:32'),
(4309, 27, 12, 14, 286, '2014-04-14 18:23:32'),
(4310, 27, 12, 15, 288, '2014-04-14 18:23:32'),
(4311, 27, 12, 16, 290, '2014-04-14 18:23:32'),
(4312, 27, 12, 17, 292, '2014-04-14 18:23:32'),
(4313, 27, 12, 18, 294, '2014-04-14 18:23:32'),
(4314, 27, 12, 19, 296, '2014-04-14 18:23:32'),
(4315, 27, 12, 20, 298, '2014-04-14 18:23:32'),
(4316, 27, 12, 22, 300, '2014-04-14 18:23:32'),
(4317, 27, 12, 23, 302, '2014-04-14 18:23:32'),
(4318, 27, 12, 24, 304, '2014-04-14 18:23:32'),
(4319, 27, 12, 25, 306, '2014-04-14 18:23:32'),
(4320, 27, 12, 26, 308, '2014-04-14 18:23:32'),
(4321, 27, 12, 27, 310, '2014-04-14 18:23:32'),
(4322, 27, 12, 29, 312, '2014-04-14 18:23:32'),
(4323, 27, 12, 30, 314, '2014-04-14 18:23:32');
INSERT INTO `test_interestv1_result` (`id`, `user_master_id`, `test_master_id`, `test_interestv1_setid`, `attitude_interests_activities_id`, `lastupdated`) VALUES
(4324, 27, 12, 31, 316, '2014-04-14 18:23:32'),
(4325, 27, 12, 32, 318, '2014-04-14 18:23:32'),
(4326, 27, 12, 33, 320, '2014-04-14 18:23:32'),
(4327, 27, 12, 34, 322, '2014-04-14 18:23:32'),
(4328, 27, 12, 35, 324, '2014-04-14 18:23:32'),
(4329, 27, 12, 36, 326, '2014-04-14 18:23:32'),
(4330, 27, 12, 37, 328, '2014-04-14 18:23:32'),
(4331, 27, 12, 38, 330, '2014-04-14 18:23:32'),
(4332, 27, 12, 39, 332, '2014-04-14 18:23:32'),
(4333, 27, 12, 40, 334, '2014-04-14 18:23:32'),
(4334, 27, 12, 41, 336, '2014-04-14 18:23:32'),
(4335, 27, 12, 42, 338, '2014-04-14 18:23:32'),
(4336, 27, 12, 43, 340, '2014-04-14 18:23:32'),
(4337, 27, 12, 44, 342, '2014-04-14 18:23:32'),
(4338, 27, 12, 45, 344, '2014-04-14 18:23:32'),
(4339, 27, 12, 46, 346, '2014-04-14 18:23:32'),
(4340, 27, 12, 47, 348, '2014-04-14 18:23:32'),
(4341, 27, 12, 48, 350, '2014-04-14 18:23:32'),
(4342, 27, 12, 1, 263, '2014-04-14 19:02:23'),
(4343, 27, 12, 2, 266, '2014-04-14 19:02:23'),
(4344, 27, 12, 3, 267, '2014-04-14 19:02:23'),
(4345, 27, 12, 5, 270, '2014-04-14 19:02:23'),
(4346, 27, 12, 7, 272, '2014-04-14 19:02:23'),
(4347, 27, 12, 8, 274, '2014-04-14 19:02:23'),
(4348, 27, 12, 9, 276, '2014-04-14 19:02:23'),
(4349, 27, 12, 10, 277, '2014-04-14 19:02:23'),
(4350, 27, 12, 11, 280, '2014-04-14 19:02:23'),
(4351, 27, 12, 12, 281, '2014-04-14 19:02:23'),
(4352, 27, 12, 13, 284, '2014-04-14 19:02:23'),
(4353, 27, 12, 14, 286, '2014-04-14 19:02:23'),
(4354, 27, 12, 15, 288, '2014-04-14 19:02:23'),
(4355, 27, 12, 16, 289, '2014-04-14 19:02:23'),
(4356, 27, 12, 17, 291, '2014-04-14 19:02:23'),
(4357, 27, 12, 18, 294, '2014-04-14 19:02:23'),
(4358, 27, 12, 19, 296, '2014-04-14 19:02:23'),
(4359, 27, 12, 20, 298, '2014-04-14 19:02:23'),
(4360, 27, 12, 22, 300, '2014-04-14 19:02:23'),
(4361, 27, 12, 23, 301, '2014-04-14 19:02:23'),
(4362, 27, 12, 24, 303, '2014-04-14 19:02:23'),
(4363, 27, 12, 25, 305, '2014-04-14 19:02:23'),
(4364, 27, 12, 26, 307, '2014-04-14 19:02:23'),
(4365, 27, 12, 27, 310, '2014-04-14 19:02:23'),
(4366, 27, 12, 29, 312, '2014-04-14 19:02:23'),
(4367, 27, 12, 30, 314, '2014-04-14 19:02:23'),
(4368, 27, 12, 31, 316, '2014-04-14 19:02:23'),
(4369, 27, 12, 32, 318, '2014-04-14 19:02:23'),
(4370, 27, 12, 33, 319, '2014-04-14 19:02:23'),
(4371, 27, 12, 34, 322, '2014-04-14 19:02:23'),
(4372, 27, 12, 35, 324, '2014-04-14 19:02:23'),
(4373, 27, 12, 36, 326, '2014-04-14 19:02:23'),
(4374, 27, 12, 37, 328, '2014-04-14 19:02:23'),
(4375, 27, 12, 38, 330, '2014-04-14 19:02:23'),
(4376, 27, 12, 39, 332, '2014-04-14 19:02:23'),
(4377, 27, 12, 40, 334, '2014-04-14 19:02:23'),
(4378, 27, 12, 41, 335, '2014-04-14 19:02:23'),
(4379, 27, 12, 42, 337, '2014-04-14 19:02:23'),
(4380, 27, 12, 43, 340, '2014-04-14 19:02:23'),
(4381, 27, 12, 44, 342, '2014-04-14 19:02:23'),
(4382, 27, 12, 45, 343, '2014-04-14 19:02:23'),
(4383, 27, 12, 46, 345, '2014-04-14 19:02:23'),
(4384, 27, 12, 47, 348, '2014-04-14 19:02:23'),
(4385, 27, 12, 48, 350, '2014-04-14 19:02:23'),
(4386, 81, 12, 1, 263, '2014-04-14 19:43:24'),
(4387, 81, 12, 2, 265, '2014-04-14 19:43:24'),
(4388, 81, 12, 3, 268, '2014-04-14 19:43:24'),
(4389, 81, 12, 5, 270, '2014-04-14 19:43:24'),
(4390, 81, 12, 7, 272, '2014-04-14 19:43:24'),
(4391, 81, 12, 8, 274, '2014-04-14 19:43:24'),
(4392, 81, 12, 9, 276, '2014-04-14 19:43:24'),
(4393, 81, 12, 10, 278, '2014-04-14 19:43:24'),
(4394, 81, 12, 11, 280, '2014-04-14 19:43:24'),
(4395, 81, 12, 12, 282, '2014-04-14 19:43:24'),
(4396, 81, 12, 13, 284, '2014-04-14 19:43:24'),
(4397, 81, 12, 14, 286, '2014-04-14 19:43:24'),
(4398, 81, 12, 15, 288, '2014-04-14 19:43:24'),
(4399, 81, 12, 16, 290, '2014-04-14 19:43:24'),
(4400, 81, 12, 17, 292, '2014-04-14 19:43:24'),
(4401, 81, 12, 18, 294, '2014-04-14 19:43:24'),
(4402, 81, 12, 19, 296, '2014-04-14 19:43:24'),
(4403, 81, 12, 20, 298, '2014-04-14 19:43:24'),
(4404, 81, 12, 22, 300, '2014-04-14 19:43:24'),
(4405, 81, 12, 23, 302, '2014-04-14 19:43:24'),
(4406, 81, 12, 24, 304, '2014-04-14 19:43:24'),
(4407, 81, 12, 25, 306, '2014-04-14 19:43:24'),
(4408, 81, 12, 26, 308, '2014-04-14 19:43:24'),
(4409, 81, 12, 27, 310, '2014-04-14 19:43:24'),
(4410, 81, 12, 29, 312, '2014-04-14 19:43:24'),
(4411, 81, 12, 30, 313, '2014-04-14 19:43:24'),
(4412, 81, 12, 31, 316, '2014-04-14 19:43:24'),
(4413, 81, 12, 32, 318, '2014-04-14 19:43:24'),
(4414, 81, 12, 33, 320, '2014-04-14 19:43:24'),
(4415, 81, 12, 34, 322, '2014-04-14 19:43:24'),
(4416, 81, 12, 35, 324, '2014-04-14 19:43:24'),
(4417, 81, 12, 36, 326, '2014-04-14 19:43:24'),
(4418, 81, 12, 37, 328, '2014-04-14 19:43:24'),
(4419, 81, 12, 38, 330, '2014-04-14 19:43:24'),
(4420, 81, 12, 39, 332, '2014-04-14 19:43:24'),
(4421, 81, 12, 40, 334, '2014-04-14 19:43:24'),
(4422, 81, 12, 41, 336, '2014-04-14 19:43:24'),
(4423, 81, 12, 42, 338, '2014-04-14 19:43:24'),
(4424, 81, 12, 43, 340, '2014-04-14 19:43:24'),
(4425, 81, 12, 44, 342, '2014-04-14 19:43:24'),
(4426, 81, 12, 45, 344, '2014-04-14 19:43:24'),
(4427, 81, 12, 46, 346, '2014-04-14 19:43:24'),
(4428, 81, 12, 47, 348, '2014-04-14 19:43:24'),
(4429, 81, 12, 48, 350, '2014-04-14 19:43:24'),
(4430, 23, 12, 1, 263, '2014-04-14 20:24:03'),
(4431, 23, 12, 2, 266, '2014-04-14 20:24:03'),
(4432, 23, 12, 3, 267, '2014-04-14 20:24:03'),
(4433, 23, 12, 5, 270, '2014-04-14 20:24:03'),
(4434, 23, 12, 7, 271, '2014-04-14 20:24:03'),
(4435, 23, 12, 8, 273, '2014-04-14 20:24:03'),
(4436, 23, 12, 9, 276, '2014-04-14 20:24:03'),
(4437, 23, 12, 10, 277, '2014-04-14 20:24:03'),
(4438, 23, 12, 11, 280, '2014-04-14 20:24:03'),
(4439, 23, 12, 12, 281, '2014-04-14 20:24:03'),
(4440, 23, 12, 13, 284, '2014-04-14 20:24:03'),
(4441, 23, 12, 14, 285, '2014-04-14 20:24:03'),
(4442, 23, 12, 15, 288, '2014-04-14 20:24:03'),
(4443, 23, 12, 16, 290, '2014-04-14 20:24:03'),
(4444, 23, 12, 17, 291, '2014-04-14 20:24:03'),
(4445, 23, 12, 18, 294, '2014-04-14 20:24:03'),
(4446, 23, 12, 19, 295, '2014-04-14 20:24:03'),
(4447, 23, 12, 20, 298, '2014-04-14 20:24:03'),
(4448, 23, 12, 22, 299, '2014-04-14 20:24:03'),
(4449, 23, 12, 23, 302, '2014-04-14 20:24:03'),
(4450, 23, 12, 24, 303, '2014-04-14 20:24:03'),
(4451, 23, 12, 25, 306, '2014-04-14 20:24:03'),
(4452, 23, 12, 26, 307, '2014-04-14 20:24:03'),
(4453, 23, 12, 27, 310, '2014-04-14 20:24:03'),
(4454, 23, 12, 29, 311, '2014-04-14 20:24:03'),
(4455, 23, 12, 30, 314, '2014-04-14 20:24:03'),
(4456, 23, 12, 31, 315, '2014-04-14 20:24:03'),
(4457, 23, 12, 32, 318, '2014-04-14 20:24:03'),
(4458, 23, 12, 33, 319, '2014-04-14 20:24:03'),
(4459, 23, 12, 34, 322, '2014-04-14 20:24:03'),
(4460, 23, 12, 35, 324, '2014-04-14 20:24:03'),
(4461, 23, 12, 36, 326, '2014-04-14 20:24:03'),
(4462, 23, 12, 37, 328, '2014-04-14 20:24:03'),
(4463, 23, 12, 38, 329, '2014-04-14 20:24:03'),
(4464, 23, 12, 39, 332, '2014-04-14 20:24:03'),
(4465, 23, 12, 40, 333, '2014-04-14 20:24:03'),
(4466, 23, 12, 41, 335, '2014-04-14 20:24:03'),
(4467, 23, 12, 42, 338, '2014-04-14 20:24:03'),
(4468, 23, 12, 43, 339, '2014-04-14 20:24:03'),
(4469, 23, 12, 44, 342, '2014-04-14 20:24:03'),
(4470, 23, 12, 45, 344, '2014-04-14 20:24:03'),
(4471, 23, 12, 46, 345, '2014-04-14 20:24:03'),
(4472, 23, 12, 47, 348, '2014-04-14 20:24:03'),
(4473, 23, 12, 48, 350, '2014-04-14 20:24:03'),
(4474, 35, 12, 1, 263, '2014-04-14 20:51:38'),
(4475, 35, 12, 2, 265, '2014-04-14 20:51:38'),
(4476, 35, 12, 3, 267, '2014-04-14 20:51:38'),
(4477, 35, 12, 5, 269, '2014-04-14 20:51:38'),
(4478, 35, 12, 7, 271, '2014-04-14 20:51:38'),
(4479, 35, 12, 8, 273, '2014-04-14 20:51:38'),
(4480, 35, 12, 9, 275, '2014-04-14 20:51:38'),
(4481, 35, 12, 10, 277, '2014-04-14 20:51:38'),
(4482, 35, 12, 11, 279, '2014-04-14 20:51:38'),
(4483, 35, 12, 12, 281, '2014-04-14 20:51:38'),
(4484, 35, 12, 13, 283, '2014-04-14 20:51:38'),
(4485, 35, 12, 14, 285, '2014-04-14 20:51:38'),
(4486, 35, 12, 15, 287, '2014-04-14 20:51:38'),
(4487, 35, 12, 16, 289, '2014-04-14 20:51:38'),
(4488, 35, 12, 17, 291, '2014-04-14 20:51:38'),
(4489, 35, 12, 18, 293, '2014-04-14 20:51:38'),
(4490, 35, 12, 19, 295, '2014-04-14 20:51:38'),
(4491, 35, 12, 20, 297, '2014-04-14 20:51:38'),
(4492, 35, 12, 22, 299, '2014-04-14 20:51:38'),
(4493, 35, 12, 23, 301, '2014-04-14 20:51:38'),
(4494, 35, 12, 24, 303, '2014-04-14 20:51:38'),
(4495, 35, 12, 25, 305, '2014-04-14 20:51:38'),
(4496, 35, 12, 26, 307, '2014-04-14 20:51:38'),
(4497, 35, 12, 27, 309, '2014-04-14 20:51:38'),
(4498, 35, 12, 29, 311, '2014-04-14 20:51:38'),
(4499, 35, 12, 30, 313, '2014-04-14 20:51:38'),
(4500, 35, 12, 31, 315, '2014-04-14 20:51:38'),
(4501, 35, 12, 32, 317, '2014-04-14 20:51:38'),
(4502, 35, 12, 33, 319, '2014-04-14 20:51:38'),
(4503, 35, 12, 34, 321, '2014-04-14 20:51:38'),
(4504, 35, 12, 35, 323, '2014-04-14 20:51:38'),
(4505, 35, 12, 36, 325, '2014-04-14 20:51:38'),
(4506, 35, 12, 37, 327, '2014-04-14 20:51:38'),
(4507, 35, 12, 38, 329, '2014-04-14 20:51:38'),
(4508, 35, 12, 39, 331, '2014-04-14 20:51:38'),
(4509, 35, 12, 40, 333, '2014-04-14 20:51:38'),
(4510, 35, 12, 41, 335, '2014-04-14 20:51:38'),
(4511, 35, 12, 42, 337, '2014-04-14 20:51:38'),
(4512, 35, 12, 43, 339, '2014-04-14 20:51:38'),
(4513, 35, 12, 44, 341, '2014-04-14 20:51:38'),
(4514, 35, 12, 45, 343, '2014-04-14 20:51:38'),
(4515, 35, 12, 46, 345, '2014-04-14 20:51:38'),
(4516, 35, 12, 47, 347, '2014-04-14 20:51:38'),
(4517, 35, 12, 48, 349, '2014-04-14 20:51:38'),
(4518, 85, 12, 1, 263, '2014-04-15 10:13:26'),
(4519, 85, 12, 2, 265, '2014-04-15 10:13:26'),
(4520, 85, 12, 3, 268, '2014-04-15 10:13:26'),
(4521, 85, 12, 5, 269, '2014-04-15 10:13:26'),
(4522, 85, 12, 7, 271, '2014-04-15 10:13:26'),
(4523, 85, 12, 8, 274, '2014-04-15 10:13:26'),
(4524, 85, 12, 9, 275, '2014-04-15 10:13:26'),
(4525, 85, 12, 10, 278, '2014-04-15 10:13:26'),
(4526, 85, 12, 11, 279, '2014-04-15 10:13:26'),
(4527, 85, 12, 12, 282, '2014-04-15 10:13:26'),
(4528, 85, 12, 13, 284, '2014-04-15 10:13:26'),
(4529, 85, 12, 14, 285, '2014-04-15 10:13:26'),
(4530, 85, 12, 15, 287, '2014-04-15 10:13:26'),
(4531, 85, 12, 16, 289, '2014-04-15 10:13:26'),
(4532, 85, 12, 17, 291, '2014-04-15 10:13:26'),
(4533, 85, 12, 18, 293, '2014-04-15 10:13:26'),
(4534, 85, 12, 19, 295, '2014-04-15 10:13:26'),
(4535, 85, 12, 20, 298, '2014-04-15 10:13:26'),
(4536, 85, 12, 22, 299, '2014-04-15 10:13:26'),
(4537, 85, 12, 23, 301, '2014-04-15 10:13:26'),
(4538, 85, 12, 24, 304, '2014-04-15 10:13:26'),
(4539, 85, 12, 25, 305, '2014-04-15 10:13:26'),
(4540, 85, 12, 26, 307, '2014-04-15 10:13:26'),
(4541, 85, 12, 27, 310, '2014-04-15 10:13:26'),
(4542, 85, 12, 29, 311, '2014-04-15 10:13:26'),
(4543, 85, 12, 30, 314, '2014-04-15 10:13:26'),
(4544, 85, 12, 31, 316, '2014-04-15 10:13:26'),
(4545, 85, 12, 32, 318, '2014-04-15 10:13:26'),
(4546, 85, 12, 33, 320, '2014-04-15 10:13:26'),
(4547, 85, 12, 34, 321, '2014-04-15 10:13:26'),
(4548, 85, 12, 35, 323, '2014-04-15 10:13:26'),
(4549, 85, 12, 36, 325, '2014-04-15 10:13:26'),
(4550, 85, 12, 37, 328, '2014-04-15 10:13:26'),
(4551, 85, 12, 38, 330, '2014-04-15 10:13:26'),
(4552, 85, 12, 39, 331, '2014-04-15 10:13:26'),
(4553, 85, 12, 40, 333, '2014-04-15 10:13:26'),
(4554, 85, 12, 41, 335, '2014-04-15 10:13:26'),
(4555, 85, 12, 42, 338, '2014-04-15 10:13:26'),
(4556, 85, 12, 43, 339, '2014-04-15 10:13:26'),
(4557, 85, 12, 44, 341, '2014-04-15 10:13:26'),
(4558, 85, 12, 45, 343, '2014-04-15 10:13:26'),
(4559, 85, 12, 46, 345, '2014-04-15 10:13:26'),
(4560, 85, 12, 47, 347, '2014-04-15 10:13:26'),
(4561, 85, 12, 48, 350, '2014-04-15 10:13:26'),
(4562, 25, 12, 1, 264, '2014-04-15 10:13:29'),
(4563, 25, 12, 2, 265, '2014-04-15 10:13:29'),
(4564, 25, 12, 3, 267, '2014-04-15 10:13:29'),
(4565, 25, 12, 5, 269, '2014-04-15 10:13:29'),
(4566, 25, 12, 7, 271, '2014-04-15 10:13:29'),
(4567, 25, 12, 8, 273, '2014-04-15 10:13:29'),
(4568, 25, 12, 9, 275, '2014-04-15 10:13:29'),
(4569, 25, 12, 10, 277, '2014-04-15 10:13:29'),
(4570, 25, 12, 11, 279, '2014-04-15 10:13:29'),
(4571, 25, 12, 12, 281, '2014-04-15 10:13:29'),
(4572, 25, 12, 13, 283, '2014-04-15 10:13:29'),
(4573, 25, 12, 14, 285, '2014-04-15 10:13:29'),
(4574, 25, 12, 15, 287, '2014-04-15 10:13:29'),
(4575, 25, 12, 16, 289, '2014-04-15 10:13:29'),
(4576, 25, 12, 17, 291, '2014-04-15 10:13:29'),
(4577, 25, 12, 18, 293, '2014-04-15 10:13:29'),
(4578, 25, 12, 19, 295, '2014-04-15 10:13:29'),
(4579, 25, 12, 20, 297, '2014-04-15 10:13:29'),
(4580, 25, 12, 22, 299, '2014-04-15 10:13:29'),
(4581, 25, 12, 23, 301, '2014-04-15 10:13:29'),
(4582, 25, 12, 24, 303, '2014-04-15 10:13:29'),
(4583, 25, 12, 25, 305, '2014-04-15 10:13:29'),
(4584, 25, 12, 26, 307, '2014-04-15 10:13:29'),
(4585, 25, 12, 27, 309, '2014-04-15 10:13:29'),
(4586, 25, 12, 29, 311, '2014-04-15 10:13:29'),
(4587, 25, 12, 30, 313, '2014-04-15 10:13:29'),
(4588, 25, 12, 31, 315, '2014-04-15 10:13:29'),
(4589, 25, 12, 32, 317, '2014-04-15 10:13:29'),
(4590, 25, 12, 33, 319, '2014-04-15 10:13:29'),
(4591, 25, 12, 34, 321, '2014-04-15 10:13:29'),
(4592, 25, 12, 35, 323, '2014-04-15 10:13:29'),
(4593, 25, 12, 36, 325, '2014-04-15 10:13:29'),
(4594, 25, 12, 37, 327, '2014-04-15 10:13:29'),
(4595, 25, 12, 38, 329, '2014-04-15 10:13:29'),
(4596, 25, 12, 39, 331, '2014-04-15 10:13:29'),
(4597, 25, 12, 40, 333, '2014-04-15 10:13:29'),
(4598, 25, 12, 41, 335, '2014-04-15 10:13:29'),
(4599, 25, 12, 42, 337, '2014-04-15 10:13:29'),
(4600, 25, 12, 43, 339, '2014-04-15 10:13:29'),
(4601, 25, 12, 44, 341, '2014-04-15 10:13:29'),
(4602, 25, 12, 45, 343, '2014-04-15 10:13:29'),
(4603, 25, 12, 46, 345, '2014-04-15 10:13:29'),
(4604, 25, 12, 47, 347, '2014-04-15 10:13:29'),
(4605, 25, 12, 48, 349, '2014-04-15 10:13:29'),
(4606, 86, 12, 1, 264, '2014-04-15 10:23:17'),
(4607, 86, 12, 2, 266, '2014-04-15 10:23:17'),
(4608, 86, 12, 3, 268, '2014-04-15 10:23:17'),
(4609, 86, 12, 5, 270, '2014-04-15 10:23:17'),
(4610, 86, 12, 7, 272, '2014-04-15 10:23:17'),
(4611, 86, 12, 8, 274, '2014-04-15 10:23:17'),
(4612, 86, 12, 9, 275, '2014-04-15 10:23:17'),
(4613, 86, 12, 10, 278, '2014-04-15 10:23:17'),
(4614, 86, 12, 11, 279, '2014-04-15 10:23:17'),
(4615, 86, 12, 12, 282, '2014-04-15 10:23:17'),
(4616, 86, 12, 13, 284, '2014-04-15 10:23:17'),
(4617, 86, 12, 14, 285, '2014-04-15 10:23:17'),
(4618, 86, 12, 15, 287, '2014-04-15 10:23:17'),
(4619, 86, 12, 16, 289, '2014-04-15 10:23:17'),
(4620, 86, 12, 17, 291, '2014-04-15 10:23:17'),
(4621, 86, 12, 18, 294, '2014-04-15 10:23:17'),
(4622, 86, 12, 19, 295, '2014-04-15 10:23:17'),
(4623, 86, 12, 20, 298, '2014-04-15 10:23:17'),
(4624, 86, 12, 22, 300, '2014-04-15 10:23:17'),
(4625, 86, 12, 23, 302, '2014-04-15 10:23:17'),
(4626, 86, 12, 24, 304, '2014-04-15 10:23:17'),
(4627, 86, 12, 25, 306, '2014-04-15 10:23:17'),
(4628, 86, 12, 26, 307, '2014-04-15 10:23:17'),
(4629, 86, 12, 27, 309, '2014-04-15 10:23:17'),
(4630, 86, 12, 29, 312, '2014-04-15 10:23:17'),
(4631, 86, 12, 30, 314, '2014-04-15 10:23:17'),
(4632, 86, 12, 31, 315, '2014-04-15 10:23:17'),
(4633, 86, 12, 32, 317, '2014-04-15 10:23:17'),
(4634, 86, 12, 33, 319, '2014-04-15 10:23:17'),
(4635, 86, 12, 34, 321, '2014-04-15 10:23:17'),
(4636, 86, 12, 35, 323, '2014-04-15 10:23:17'),
(4637, 86, 12, 36, 326, '2014-04-15 10:23:17'),
(4638, 86, 12, 37, 327, '2014-04-15 10:23:17'),
(4639, 86, 12, 38, 329, '2014-04-15 10:23:17'),
(4640, 86, 12, 39, 332, '2014-04-15 10:23:17'),
(4641, 86, 12, 40, 334, '2014-04-15 10:23:17'),
(4642, 86, 12, 41, 335, '2014-04-15 10:23:17'),
(4643, 86, 12, 42, 337, '2014-04-15 10:23:17'),
(4644, 86, 12, 43, 340, '2014-04-15 10:23:17'),
(4645, 86, 12, 44, 342, '2014-04-15 10:23:17'),
(4646, 86, 12, 45, 343, '2014-04-15 10:23:17'),
(4647, 86, 12, 46, 346, '2014-04-15 10:23:17'),
(4648, 86, 12, 47, 347, '2014-04-15 10:23:17'),
(4649, 86, 12, 48, 350, '2014-04-15 10:23:17'),
(4650, 87, 12, 1, 263, '2014-04-15 10:59:09'),
(4651, 87, 12, 2, 265, '2014-04-15 10:59:09'),
(4652, 87, 12, 3, 268, '2014-04-15 10:59:09'),
(4653, 87, 12, 5, 269, '2014-04-15 10:59:09'),
(4654, 87, 12, 7, 271, '2014-04-15 10:59:09'),
(4655, 87, 12, 8, 273, '2014-04-15 10:59:09'),
(4656, 87, 12, 9, 275, '2014-04-15 10:59:09'),
(4657, 87, 12, 10, 278, '2014-04-15 10:59:09'),
(4658, 87, 12, 11, 280, '2014-04-15 10:59:09'),
(4659, 87, 12, 12, 282, '2014-04-15 10:59:09'),
(4660, 87, 12, 13, 283, '2014-04-15 10:59:09'),
(4661, 87, 12, 14, 285, '2014-04-15 10:59:09'),
(4662, 87, 12, 15, 287, '2014-04-15 10:59:09'),
(4663, 87, 12, 16, 289, '2014-04-15 10:59:09'),
(4664, 87, 12, 17, 291, '2014-04-15 10:59:09'),
(4665, 87, 12, 18, 293, '2014-04-15 10:59:09'),
(4666, 87, 12, 19, 296, '2014-04-15 10:59:09'),
(4667, 87, 12, 20, 298, '2014-04-15 10:59:09'),
(4668, 87, 12, 22, 299, '2014-04-15 10:59:09'),
(4669, 87, 12, 23, 302, '2014-04-15 10:59:09'),
(4670, 87, 12, 24, 304, '2014-04-15 10:59:09'),
(4671, 87, 12, 25, 306, '2014-04-15 10:59:09'),
(4672, 87, 12, 26, 307, '2014-04-15 10:59:09'),
(4673, 87, 12, 27, 309, '2014-04-15 10:59:09'),
(4674, 87, 12, 29, 312, '2014-04-15 10:59:09'),
(4675, 87, 12, 30, 314, '2014-04-15 10:59:09'),
(4676, 87, 12, 31, 315, '2014-04-15 10:59:09'),
(4677, 87, 12, 32, 318, '2014-04-15 10:59:09'),
(4678, 87, 12, 33, 320, '2014-04-15 10:59:09'),
(4679, 87, 12, 34, 321, '2014-04-15 10:59:09'),
(4680, 87, 12, 35, 323, '2014-04-15 10:59:09'),
(4681, 87, 12, 36, 326, '2014-04-15 10:59:09'),
(4682, 87, 12, 37, 327, '2014-04-15 10:59:09'),
(4683, 87, 12, 38, 329, '2014-04-15 10:59:09'),
(4684, 87, 12, 39, 331, '2014-04-15 10:59:09'),
(4685, 87, 12, 40, 333, '2014-04-15 10:59:09'),
(4686, 87, 12, 41, 335, '2014-04-15 10:59:09'),
(4687, 87, 12, 42, 337, '2014-04-15 10:59:09'),
(4688, 87, 12, 43, 340, '2014-04-15 10:59:09'),
(4689, 87, 12, 44, 342, '2014-04-15 10:59:09'),
(4690, 87, 12, 45, 343, '2014-04-15 10:59:09'),
(4691, 87, 12, 46, 346, '2014-04-15 10:59:09'),
(4692, 87, 12, 47, 347, '2014-04-15 10:59:09'),
(4693, 87, 12, 48, 350, '2014-04-15 10:59:09'),
(4694, 88, 12, 1, 263, '2014-04-15 11:08:19'),
(4695, 88, 12, 2, 266, '2014-04-15 11:08:19'),
(4696, 88, 12, 3, 268, '2014-04-15 11:08:19'),
(4697, 88, 12, 5, 270, '2014-04-15 11:08:19'),
(4698, 88, 12, 7, 272, '2014-04-15 11:08:19'),
(4699, 88, 12, 8, 274, '2014-04-15 11:08:19'),
(4700, 88, 12, 9, 275, '2014-04-15 11:08:19'),
(4701, 88, 12, 10, 278, '2014-04-15 11:08:19'),
(4702, 88, 12, 11, 279, '2014-04-15 11:08:19'),
(4703, 88, 12, 12, 281, '2014-04-15 11:08:19'),
(4704, 88, 12, 13, 284, '2014-04-15 11:08:19'),
(4705, 88, 12, 14, 286, '2014-04-15 11:08:19'),
(4706, 88, 12, 15, 287, '2014-04-15 11:08:19'),
(4707, 88, 12, 16, 289, '2014-04-15 11:08:19'),
(4708, 88, 12, 17, 292, '2014-04-15 11:08:19'),
(4709, 88, 12, 18, 294, '2014-04-15 11:08:19'),
(4710, 88, 12, 19, 295, '2014-04-15 11:08:19'),
(4711, 88, 12, 20, 298, '2014-04-15 11:08:19'),
(4712, 88, 12, 22, 299, '2014-04-15 11:08:19'),
(4713, 88, 12, 23, 301, '2014-04-15 11:08:19'),
(4714, 88, 12, 24, 304, '2014-04-15 11:08:19'),
(4715, 88, 12, 25, 305, '2014-04-15 11:08:19'),
(4716, 88, 12, 26, 307, '2014-04-15 11:08:19'),
(4717, 88, 12, 27, 309, '2014-04-15 11:08:19'),
(4718, 88, 12, 29, 312, '2014-04-15 11:08:19'),
(4719, 88, 12, 30, 314, '2014-04-15 11:08:19'),
(4720, 88, 12, 31, 316, '2014-04-15 11:08:19'),
(4721, 88, 12, 32, 318, '2014-04-15 11:08:19'),
(4722, 88, 12, 33, 319, '2014-04-15 11:08:19'),
(4723, 88, 12, 34, 321, '2014-04-15 11:08:19'),
(4724, 88, 12, 35, 324, '2014-04-15 11:08:19'),
(4725, 88, 12, 36, 325, '2014-04-15 11:08:19'),
(4726, 88, 12, 37, 327, '2014-04-15 11:08:19'),
(4727, 88, 12, 38, 329, '2014-04-15 11:08:19'),
(4728, 88, 12, 39, 332, '2014-04-15 11:08:19'),
(4729, 88, 12, 40, 334, '2014-04-15 11:08:19'),
(4730, 88, 12, 41, 336, '2014-04-15 11:08:19'),
(4731, 88, 12, 42, 338, '2014-04-15 11:08:19'),
(4732, 88, 12, 43, 339, '2014-04-15 11:08:19'),
(4733, 88, 12, 44, 341, '2014-04-15 11:08:19'),
(4734, 88, 12, 45, 343, '2014-04-15 11:08:19'),
(4735, 88, 12, 46, 346, '2014-04-15 11:08:19'),
(4736, 88, 12, 47, 348, '2014-04-15 11:08:19'),
(4737, 88, 12, 48, 349, '2014-04-15 11:08:19'),
(4738, 89, 12, 1, 263, '2014-04-15 11:12:17'),
(4739, 89, 12, 2, 266, '2014-04-15 11:12:17'),
(4740, 89, 12, 3, 268, '2014-04-15 11:12:17'),
(4741, 89, 12, 5, 269, '2014-04-15 11:12:17'),
(4742, 89, 12, 7, 272, '2014-04-15 11:12:17'),
(4743, 89, 12, 8, 274, '2014-04-15 11:12:17'),
(4744, 89, 12, 9, 275, '2014-04-15 11:12:17'),
(4745, 89, 12, 10, 277, '2014-04-15 11:12:17'),
(4746, 89, 12, 11, 279, '2014-04-15 11:12:17'),
(4747, 89, 12, 12, 282, '2014-04-15 11:12:17'),
(4748, 89, 12, 13, 284, '2014-04-15 11:12:17'),
(4749, 89, 12, 14, 286, '2014-04-15 11:12:17'),
(4750, 89, 12, 15, 287, '2014-04-15 11:12:17'),
(4751, 89, 12, 16, 289, '2014-04-15 11:12:17'),
(4752, 89, 12, 17, 291, '2014-04-15 11:12:17'),
(4753, 89, 12, 18, 293, '2014-04-15 11:12:17'),
(4754, 89, 12, 19, 296, '2014-04-15 11:12:17'),
(4755, 89, 12, 20, 297, '2014-04-15 11:12:17'),
(4756, 89, 12, 22, 300, '2014-04-15 11:12:17'),
(4757, 89, 12, 23, 302, '2014-04-15 11:12:17'),
(4758, 89, 12, 24, 303, '2014-04-15 11:12:17'),
(4759, 89, 12, 25, 306, '2014-04-15 11:12:17'),
(4760, 89, 12, 26, 307, '2014-04-15 11:12:17'),
(4761, 89, 12, 27, 309, '2014-04-15 11:12:17'),
(4762, 89, 12, 29, 312, '2014-04-15 11:12:17'),
(4763, 89, 12, 30, 314, '2014-04-15 11:12:17'),
(4764, 89, 12, 31, 315, '2014-04-15 11:12:17'),
(4765, 89, 12, 32, 318, '2014-04-15 11:12:17'),
(4766, 89, 12, 33, 319, '2014-04-15 11:12:17'),
(4767, 89, 12, 34, 322, '2014-04-15 11:12:17'),
(4768, 89, 12, 35, 323, '2014-04-15 11:12:17'),
(4769, 89, 12, 36, 326, '2014-04-15 11:12:17'),
(4770, 89, 12, 37, 327, '2014-04-15 11:12:17'),
(4771, 89, 12, 38, 329, '2014-04-15 11:12:17'),
(4772, 89, 12, 39, 332, '2014-04-15 11:12:17'),
(4773, 89, 12, 40, 334, '2014-04-15 11:12:17'),
(4774, 89, 12, 41, 335, '2014-04-15 11:12:17'),
(4775, 89, 12, 42, 338, '2014-04-15 11:12:17'),
(4776, 89, 12, 43, 339, '2014-04-15 11:12:17'),
(4777, 89, 12, 44, 341, '2014-04-15 11:12:17'),
(4778, 89, 12, 45, 344, '2014-04-15 11:12:17'),
(4779, 89, 12, 46, 346, '2014-04-15 11:12:17'),
(4780, 89, 12, 47, 347, '2014-04-15 11:12:17'),
(4781, 89, 12, 48, 350, '2014-04-15 11:12:17'),
(4782, 90, 12, 1, 264, '2014-04-15 11:18:58'),
(4783, 90, 12, 2, 266, '2014-04-15 11:18:58'),
(4784, 90, 12, 3, 268, '2014-04-15 11:18:58'),
(4785, 90, 12, 5, 270, '2014-04-15 11:18:58'),
(4786, 90, 12, 7, 272, '2014-04-15 11:18:58'),
(4787, 90, 12, 8, 274, '2014-04-15 11:18:58'),
(4788, 90, 12, 9, 276, '2014-04-15 11:18:58'),
(4789, 90, 12, 10, 278, '2014-04-15 11:18:58'),
(4790, 90, 12, 11, 280, '2014-04-15 11:18:58'),
(4791, 90, 12, 12, 281, '2014-04-15 11:18:58'),
(4792, 90, 12, 13, 284, '2014-04-15 11:18:58'),
(4793, 90, 12, 14, 285, '2014-04-15 11:18:58'),
(4794, 90, 12, 15, 287, '2014-04-15 11:18:58'),
(4795, 90, 12, 16, 289, '2014-04-15 11:18:58'),
(4796, 90, 12, 17, 292, '2014-04-15 11:18:58'),
(4797, 90, 12, 18, 294, '2014-04-15 11:18:58'),
(4798, 90, 12, 19, 296, '2014-04-15 11:18:58'),
(4799, 90, 12, 20, 298, '2014-04-15 11:18:58'),
(4800, 90, 12, 22, 299, '2014-04-15 11:18:58'),
(4801, 90, 12, 23, 302, '2014-04-15 11:18:58'),
(4802, 90, 12, 24, 304, '2014-04-15 11:18:58'),
(4803, 90, 12, 25, 306, '2014-04-15 11:18:58'),
(4804, 90, 12, 26, 307, '2014-04-15 11:18:58'),
(4805, 90, 12, 27, 309, '2014-04-15 11:18:58'),
(4806, 90, 12, 29, 311, '2014-04-15 11:18:58'),
(4807, 90, 12, 30, 314, '2014-04-15 11:18:58'),
(4808, 90, 12, 31, 315, '2014-04-15 11:18:58'),
(4809, 90, 12, 32, 318, '2014-04-15 11:18:58'),
(4810, 90, 12, 33, 319, '2014-04-15 11:18:58'),
(4811, 90, 12, 34, 321, '2014-04-15 11:18:58'),
(4812, 90, 12, 35, 324, '2014-04-15 11:18:58'),
(4813, 90, 12, 36, 325, '2014-04-15 11:18:58'),
(4814, 90, 12, 37, 327, '2014-04-15 11:18:58'),
(4815, 90, 12, 38, 329, '2014-04-15 11:18:58'),
(4816, 90, 12, 39, 332, '2014-04-15 11:18:58'),
(4817, 90, 12, 40, 334, '2014-04-15 11:18:58'),
(4818, 90, 12, 41, 335, '2014-04-15 11:18:58'),
(4819, 90, 12, 42, 338, '2014-04-15 11:18:58'),
(4820, 90, 12, 43, 340, '2014-04-15 11:18:58'),
(4821, 90, 12, 44, 342, '2014-04-15 11:18:58'),
(4822, 90, 12, 45, 344, '2014-04-15 11:18:58'),
(4823, 90, 12, 46, 346, '2014-04-15 11:18:58'),
(4824, 90, 12, 47, 347, '2014-04-15 11:18:58'),
(4825, 90, 12, 48, 350, '2014-04-15 11:18:58'),
(4826, 36, 12, 1, 263, '2014-04-15 11:23:24'),
(4827, 36, 12, 2, 265, '2014-04-15 11:23:24'),
(4828, 36, 12, 3, 267, '2014-04-15 11:23:24'),
(4829, 36, 12, 5, 269, '2014-04-15 11:23:24'),
(4830, 36, 12, 7, 271, '2014-04-15 11:23:24'),
(4831, 36, 12, 8, 274, '2014-04-15 11:23:24'),
(4832, 36, 12, 9, 276, '2014-04-15 11:23:24'),
(4833, 36, 12, 10, 277, '2014-04-15 11:23:24'),
(4834, 36, 12, 11, 280, '2014-04-15 11:23:24'),
(4835, 36, 12, 12, 281, '2014-04-15 11:23:24'),
(4836, 36, 12, 13, 284, '2014-04-15 11:23:24'),
(4837, 36, 12, 14, 285, '2014-04-15 11:23:24'),
(4838, 36, 12, 15, 287, '2014-04-15 11:23:24'),
(4839, 36, 12, 16, 289, '2014-04-15 11:23:24'),
(4840, 36, 12, 17, 291, '2014-04-15 11:23:24'),
(4841, 36, 12, 18, 294, '2014-04-15 11:23:24'),
(4842, 36, 12, 19, 295, '2014-04-15 11:23:24'),
(4843, 36, 12, 20, 297, '2014-04-15 11:23:24'),
(4844, 36, 12, 22, 300, '2014-04-15 11:23:24'),
(4845, 36, 12, 23, 302, '2014-04-15 11:23:24'),
(4846, 36, 12, 24, 304, '2014-04-15 11:23:24'),
(4847, 36, 12, 25, 305, '2014-04-15 11:23:24'),
(4848, 36, 12, 26, 307, '2014-04-15 11:23:24'),
(4849, 36, 12, 27, 309, '2014-04-15 11:23:24'),
(4850, 36, 12, 29, 312, '2014-04-15 11:23:24'),
(4851, 36, 12, 30, 313, '2014-04-15 11:23:24'),
(4852, 36, 12, 31, 315, '2014-04-15 11:23:24'),
(4853, 36, 12, 32, 318, '2014-04-15 11:23:24'),
(4854, 36, 12, 33, 319, '2014-04-15 11:23:24'),
(4855, 36, 12, 34, 321, '2014-04-15 11:23:24'),
(4856, 36, 12, 35, 323, '2014-04-15 11:23:24'),
(4857, 36, 12, 36, 326, '2014-04-15 11:23:24'),
(4858, 36, 12, 37, 327, '2014-04-15 11:23:24'),
(4859, 36, 12, 38, 329, '2014-04-15 11:23:24'),
(4860, 36, 12, 39, 332, '2014-04-15 11:23:24'),
(4861, 36, 12, 40, 334, '2014-04-15 11:23:24'),
(4862, 36, 12, 41, 335, '2014-04-15 11:23:24'),
(4863, 36, 12, 42, 337, '2014-04-15 11:23:24'),
(4864, 36, 12, 43, 339, '2014-04-15 11:23:24'),
(4865, 36, 12, 44, 341, '2014-04-15 11:23:24'),
(4866, 36, 12, 45, 344, '2014-04-15 11:23:24'),
(4867, 36, 12, 46, 346, '2014-04-15 11:23:24'),
(4868, 36, 12, 47, 347, '2014-04-15 11:23:24'),
(4869, 36, 12, 48, 350, '2014-04-15 11:23:24'),
(4870, 91, 12, 1, 263, '2014-04-15 11:26:37'),
(4871, 91, 12, 2, 265, '2014-04-15 11:26:37'),
(4872, 91, 12, 3, 268, '2014-04-15 11:26:37'),
(4873, 91, 12, 5, 270, '2014-04-15 11:26:37'),
(4874, 91, 12, 7, 271, '2014-04-15 11:26:37'),
(4875, 91, 12, 8, 274, '2014-04-15 11:26:37'),
(4876, 91, 12, 9, 275, '2014-04-15 11:26:37'),
(4877, 91, 12, 10, 277, '2014-04-15 11:26:37'),
(4878, 91, 12, 11, 280, '2014-04-15 11:26:37'),
(4879, 91, 12, 12, 282, '2014-04-15 11:26:37'),
(4880, 91, 12, 13, 284, '2014-04-15 11:26:37'),
(4881, 91, 12, 14, 286, '2014-04-15 11:26:37'),
(4882, 91, 12, 15, 287, '2014-04-15 11:26:37'),
(4883, 91, 12, 16, 290, '2014-04-15 11:26:37'),
(4884, 91, 12, 17, 292, '2014-04-15 11:26:37'),
(4885, 91, 12, 18, 294, '2014-04-15 11:26:37'),
(4886, 91, 12, 19, 296, '2014-04-15 11:26:37'),
(4887, 91, 12, 20, 297, '2014-04-15 11:26:37'),
(4888, 91, 12, 22, 299, '2014-04-15 11:26:37'),
(4889, 91, 12, 23, 302, '2014-04-15 11:26:37'),
(4890, 91, 12, 24, 304, '2014-04-15 11:26:37'),
(4891, 91, 12, 25, 305, '2014-04-15 11:26:37'),
(4892, 91, 12, 26, 307, '2014-04-15 11:26:37'),
(4893, 91, 12, 27, 309, '2014-04-15 11:26:37'),
(4894, 91, 12, 29, 312, '2014-04-15 11:26:37'),
(4895, 91, 12, 30, 313, '2014-04-15 11:26:37'),
(4896, 91, 12, 31, 315, '2014-04-15 11:26:37'),
(4897, 91, 12, 32, 318, '2014-04-15 11:26:37'),
(4898, 91, 12, 33, 319, '2014-04-15 11:26:37'),
(4899, 91, 12, 34, 322, '2014-04-15 11:26:37'),
(4900, 91, 12, 35, 323, '2014-04-15 11:26:37'),
(4901, 91, 12, 36, 326, '2014-04-15 11:26:37'),
(4902, 91, 12, 37, 327, '2014-04-15 11:26:37'),
(4903, 91, 12, 38, 329, '2014-04-15 11:26:37'),
(4904, 91, 12, 39, 332, '2014-04-15 11:26:37'),
(4905, 91, 12, 40, 334, '2014-04-15 11:26:37'),
(4906, 91, 12, 41, 335, '2014-04-15 11:26:37'),
(4907, 91, 12, 42, 338, '2014-04-15 11:26:37'),
(4908, 91, 12, 43, 339, '2014-04-15 11:26:37'),
(4909, 91, 12, 44, 341, '2014-04-15 11:26:37'),
(4910, 91, 12, 45, 344, '2014-04-15 11:26:37'),
(4911, 91, 12, 46, 346, '2014-04-15 11:26:37'),
(4912, 91, 12, 47, 347, '2014-04-15 11:26:37'),
(4913, 91, 12, 48, 350, '2014-04-15 11:26:37'),
(4914, 93, 12, 1, 264, '2014-04-15 11:33:49'),
(4915, 93, 12, 2, 266, '2014-04-15 11:33:49'),
(4916, 93, 12, 3, 267, '2014-04-15 11:33:49'),
(4917, 93, 12, 5, 269, '2014-04-15 11:33:49'),
(4918, 93, 12, 7, 271, '2014-04-15 11:33:49'),
(4919, 93, 12, 8, 274, '2014-04-15 11:33:49'),
(4920, 93, 12, 9, 275, '2014-04-15 11:33:49'),
(4921, 93, 12, 10, 278, '2014-04-15 11:33:49'),
(4922, 93, 12, 11, 280, '2014-04-15 11:33:49'),
(4923, 93, 12, 12, 281, '2014-04-15 11:33:49'),
(4924, 93, 12, 13, 284, '2014-04-15 11:33:49'),
(4925, 93, 12, 14, 285, '2014-04-15 11:33:49'),
(4926, 93, 12, 15, 287, '2014-04-15 11:33:49'),
(4927, 93, 12, 16, 289, '2014-04-15 11:33:49'),
(4928, 93, 12, 17, 291, '2014-04-15 11:33:49'),
(4929, 93, 12, 18, 294, '2014-04-15 11:33:49'),
(4930, 93, 12, 19, 295, '2014-04-15 11:33:49'),
(4931, 93, 12, 20, 298, '2014-04-15 11:33:49'),
(4932, 93, 12, 22, 299, '2014-04-15 11:33:49'),
(4933, 93, 12, 23, 302, '2014-04-15 11:33:49'),
(4934, 93, 12, 24, 303, '2014-04-15 11:33:49'),
(4935, 93, 12, 25, 306, '2014-04-15 11:33:49'),
(4936, 93, 12, 26, 307, '2014-04-15 11:33:49'),
(4937, 93, 12, 27, 310, '2014-04-15 11:33:49'),
(4938, 93, 12, 29, 311, '2014-04-15 11:33:49'),
(4939, 93, 12, 30, 314, '2014-04-15 11:33:49'),
(4940, 93, 12, 31, 315, '2014-04-15 11:33:49'),
(4941, 93, 12, 32, 318, '2014-04-15 11:33:49'),
(4942, 93, 12, 33, 319, '2014-04-15 11:33:49'),
(4943, 93, 12, 34, 322, '2014-04-15 11:33:49'),
(4944, 93, 12, 35, 323, '2014-04-15 11:33:49'),
(4945, 93, 12, 36, 326, '2014-04-15 11:33:49'),
(4946, 93, 12, 37, 327, '2014-04-15 11:33:49'),
(4947, 93, 12, 38, 330, '2014-04-15 11:33:49'),
(4948, 93, 12, 39, 331, '2014-04-15 11:33:49'),
(4949, 93, 12, 40, 334, '2014-04-15 11:33:49'),
(4950, 93, 12, 41, 335, '2014-04-15 11:33:49'),
(4951, 93, 12, 42, 338, '2014-04-15 11:33:49'),
(4952, 93, 12, 43, 339, '2014-04-15 11:33:49'),
(4953, 93, 12, 44, 342, '2014-04-15 11:33:49'),
(4954, 93, 12, 45, 343, '2014-04-15 11:33:49'),
(4955, 93, 12, 46, 346, '2014-04-15 11:33:49'),
(4956, 93, 12, 47, 347, '2014-04-15 11:33:49'),
(4957, 93, 12, 48, 350, '2014-04-15 11:33:49'),
(4958, 95, 12, 1, 263, '2014-04-15 12:19:06'),
(4959, 95, 12, 2, 266, '2014-04-15 12:19:06'),
(4960, 95, 12, 3, 267, '2014-04-15 12:19:06'),
(4961, 95, 12, 5, 270, '2014-04-15 12:19:06'),
(4962, 95, 12, 7, 272, '2014-04-15 12:19:06'),
(4963, 95, 12, 8, 274, '2014-04-15 12:19:06'),
(4964, 95, 12, 9, 276, '2014-04-15 12:19:06'),
(4965, 95, 12, 10, 278, '2014-04-15 12:19:06'),
(4966, 95, 12, 11, 279, '2014-04-15 12:19:06'),
(4967, 95, 12, 12, 282, '2014-04-15 12:19:06'),
(4968, 95, 12, 13, 283, '2014-04-15 12:19:06'),
(4969, 95, 12, 14, 285, '2014-04-15 12:19:06'),
(4970, 95, 12, 15, 287, '2014-04-15 12:19:06'),
(4971, 95, 12, 16, 289, '2014-04-15 12:19:06'),
(4972, 95, 12, 17, 291, '2014-04-15 12:19:06'),
(4973, 95, 12, 18, 294, '2014-04-15 12:19:06'),
(4974, 95, 12, 19, 295, '2014-04-15 12:19:06'),
(4975, 95, 12, 20, 297, '2014-04-15 12:19:06'),
(4976, 95, 12, 22, 300, '2014-04-15 12:19:06'),
(4977, 95, 12, 23, 302, '2014-04-15 12:19:06'),
(4978, 95, 12, 24, 303, '2014-04-15 12:19:06'),
(4979, 95, 12, 25, 305, '2014-04-15 12:19:06'),
(4980, 95, 12, 26, 307, '2014-04-15 12:19:06'),
(4981, 95, 12, 27, 310, '2014-04-15 12:19:06'),
(4982, 95, 12, 29, 312, '2014-04-15 12:19:06'),
(4983, 95, 12, 30, 313, '2014-04-15 12:19:06'),
(4984, 95, 12, 31, 315, '2014-04-15 12:19:06'),
(4985, 95, 12, 32, 318, '2014-04-15 12:19:06'),
(4986, 95, 12, 33, 320, '2014-04-15 12:19:06'),
(4987, 95, 12, 34, 322, '2014-04-15 12:19:06'),
(4988, 95, 12, 35, 323, '2014-04-15 12:19:06'),
(4989, 95, 12, 36, 326, '2014-04-15 12:19:06'),
(4990, 95, 12, 37, 327, '2014-04-15 12:19:06'),
(4991, 95, 12, 38, 330, '2014-04-15 12:19:06'),
(4992, 95, 12, 39, 332, '2014-04-15 12:19:06'),
(4993, 95, 12, 40, 334, '2014-04-15 12:19:06'),
(4994, 95, 12, 41, 336, '2014-04-15 12:19:06'),
(4995, 95, 12, 42, 337, '2014-04-15 12:19:06'),
(4996, 95, 12, 43, 340, '2014-04-15 12:19:06'),
(4997, 95, 12, 44, 341, '2014-04-15 12:19:06'),
(4998, 95, 12, 45, 343, '2014-04-15 12:19:06'),
(4999, 95, 12, 46, 345, '2014-04-15 12:19:06'),
(5000, 95, 12, 47, 348, '2014-04-15 12:19:06'),
(5001, 95, 12, 48, 350, '2014-04-15 12:19:06'),
(5002, 97, 12, 1, 264, '2014-04-15 12:27:10'),
(5003, 97, 12, 2, 265, '2014-04-15 12:27:10'),
(5004, 97, 12, 3, 267, '2014-04-15 12:27:10'),
(5005, 97, 12, 5, 270, '2014-04-15 12:27:10'),
(5006, 97, 12, 7, 272, '2014-04-15 12:27:10'),
(5007, 97, 12, 8, 274, '2014-04-15 12:27:10'),
(5008, 97, 12, 9, 276, '2014-04-15 12:27:10'),
(5009, 97, 12, 10, 277, '2014-04-15 12:27:10'),
(5010, 97, 12, 11, 280, '2014-04-15 12:27:10'),
(5011, 97, 12, 12, 282, '2014-04-15 12:27:10'),
(5012, 97, 12, 13, 284, '2014-04-15 12:27:10'),
(5013, 97, 12, 14, 286, '2014-04-15 12:27:10'),
(5014, 97, 12, 15, 288, '2014-04-15 12:27:10'),
(5015, 97, 12, 16, 289, '2014-04-15 12:27:10'),
(5016, 97, 12, 17, 292, '2014-04-15 12:27:10'),
(5017, 97, 12, 18, 293, '2014-04-15 12:27:10'),
(5018, 97, 12, 19, 296, '2014-04-15 12:27:10'),
(5019, 97, 12, 20, 297, '2014-04-15 12:27:10'),
(5020, 97, 12, 22, 300, '2014-04-15 12:27:10'),
(5021, 97, 12, 23, 302, '2014-04-15 12:27:10'),
(5022, 97, 12, 24, 303, '2014-04-15 12:27:10'),
(5023, 97, 12, 25, 305, '2014-04-15 12:27:10'),
(5024, 97, 12, 26, 307, '2014-04-15 12:27:10'),
(5025, 97, 12, 27, 309, '2014-04-15 12:27:10'),
(5026, 97, 12, 29, 312, '2014-04-15 12:27:10'),
(5027, 97, 12, 30, 313, '2014-04-15 12:27:10'),
(5028, 97, 12, 31, 315, '2014-04-15 12:27:10'),
(5029, 97, 12, 32, 318, '2014-04-15 12:27:10'),
(5030, 97, 12, 33, 320, '2014-04-15 12:27:10'),
(5031, 97, 12, 34, 322, '2014-04-15 12:27:10'),
(5032, 97, 12, 35, 323, '2014-04-15 12:27:10'),
(5033, 97, 12, 36, 326, '2014-04-15 12:27:10'),
(5034, 97, 12, 37, 328, '2014-04-15 12:27:10'),
(5035, 97, 12, 38, 329, '2014-04-15 12:27:10'),
(5036, 97, 12, 39, 331, '2014-04-15 12:27:10'),
(5037, 97, 12, 40, 334, '2014-04-15 12:27:10'),
(5038, 97, 12, 41, 335, '2014-04-15 12:27:10'),
(5039, 97, 12, 42, 337, '2014-04-15 12:27:10'),
(5040, 97, 12, 43, 340, '2014-04-15 12:27:10'),
(5041, 97, 12, 44, 341, '2014-04-15 12:27:10'),
(5042, 97, 12, 45, 343, '2014-04-15 12:27:10'),
(5043, 97, 12, 46, 346, '2014-04-15 12:27:10'),
(5044, 97, 12, 47, 347, '2014-04-15 12:27:10'),
(5045, 97, 12, 48, 350, '2014-04-15 12:27:10'),
(5046, 98, 12, 1, 263, '2014-04-15 13:37:50'),
(5047, 98, 12, 2, 265, '2014-04-15 13:37:50'),
(5048, 98, 12, 3, 268, '2014-04-15 13:37:50'),
(5049, 98, 12, 5, 270, '2014-04-15 13:37:50'),
(5050, 98, 12, 7, 272, '2014-04-15 13:37:50'),
(5051, 98, 12, 8, 273, '2014-04-15 13:37:50'),
(5052, 98, 12, 9, 275, '2014-04-15 13:37:50'),
(5053, 98, 12, 10, 277, '2014-04-15 13:37:50'),
(5054, 98, 12, 11, 279, '2014-04-15 13:37:50'),
(5055, 98, 12, 12, 281, '2014-04-15 13:37:50'),
(5056, 98, 12, 13, 283, '2014-04-15 13:37:50'),
(5057, 98, 12, 14, 285, '2014-04-15 13:37:50'),
(5058, 98, 12, 15, 288, '2014-04-15 13:37:50'),
(5059, 98, 12, 16, 289, '2014-04-15 13:37:50'),
(5060, 98, 12, 17, 291, '2014-04-15 13:37:50'),
(5061, 98, 12, 18, 293, '2014-04-15 13:37:50'),
(5062, 98, 12, 19, 296, '2014-04-15 13:37:50'),
(5063, 98, 12, 20, 297, '2014-04-15 13:37:50'),
(5064, 98, 12, 22, 300, '2014-04-15 13:37:50'),
(5065, 98, 12, 23, 302, '2014-04-15 13:37:50'),
(5066, 98, 12, 24, 304, '2014-04-15 13:37:50'),
(5067, 98, 12, 25, 306, '2014-04-15 13:37:50'),
(5068, 98, 12, 26, 308, '2014-04-15 13:37:50'),
(5069, 98, 12, 27, 310, '2014-04-15 13:37:50'),
(5070, 98, 12, 29, 311, '2014-04-15 13:37:50'),
(5071, 98, 12, 30, 313, '2014-04-15 13:37:50'),
(5072, 98, 12, 31, 316, '2014-04-15 13:37:50'),
(5073, 98, 12, 32, 318, '2014-04-15 13:37:50'),
(5074, 98, 12, 33, 320, '2014-04-15 13:37:50'),
(5075, 98, 12, 34, 322, '2014-04-15 13:37:50'),
(5076, 98, 12, 35, 323, '2014-04-15 13:37:50'),
(5077, 98, 12, 36, 326, '2014-04-15 13:37:50'),
(5078, 98, 12, 37, 328, '2014-04-15 13:37:50'),
(5079, 98, 12, 38, 329, '2014-04-15 13:37:50'),
(5080, 98, 12, 39, 331, '2014-04-15 13:37:50'),
(5081, 98, 12, 40, 333, '2014-04-15 13:37:50'),
(5082, 98, 12, 41, 335, '2014-04-15 13:37:50'),
(5083, 98, 12, 42, 337, '2014-04-15 13:37:50'),
(5084, 98, 12, 43, 339, '2014-04-15 13:37:50'),
(5085, 98, 12, 44, 341, '2014-04-15 13:37:50'),
(5086, 98, 12, 45, 344, '2014-04-15 13:37:50'),
(5087, 98, 12, 46, 346, '2014-04-15 13:37:50'),
(5088, 98, 12, 47, 347, '2014-04-15 13:37:50'),
(5089, 98, 12, 48, 349, '2014-04-15 13:37:50'),
(5090, 100, 12, 1, 263, '2014-04-16 04:23:15'),
(5091, 100, 12, 2, 266, '2014-04-16 04:23:15'),
(5092, 100, 12, 3, 268, '2014-04-16 04:23:15'),
(5093, 100, 12, 5, 269, '2014-04-16 04:23:15'),
(5094, 100, 12, 7, 272, '2014-04-16 04:23:15'),
(5095, 100, 12, 8, 274, '2014-04-16 04:23:15'),
(5096, 100, 12, 9, 275, '2014-04-16 04:23:15'),
(5097, 100, 12, 10, 277, '2014-04-16 04:23:15'),
(5098, 100, 12, 11, 279, '2014-04-16 04:23:15'),
(5099, 100, 12, 12, 282, '2014-04-16 04:23:15'),
(5100, 100, 12, 13, 283, '2014-04-16 04:23:15'),
(5101, 100, 12, 14, 285, '2014-04-16 04:23:15'),
(5102, 100, 12, 15, 287, '2014-04-16 04:23:15'),
(5103, 100, 12, 16, 290, '2014-04-16 04:23:15'),
(5104, 100, 12, 17, 291, '2014-04-16 04:23:15'),
(5105, 100, 12, 18, 294, '2014-04-16 04:23:15'),
(5106, 100, 12, 19, 296, '2014-04-16 04:23:15'),
(5107, 100, 12, 20, 298, '2014-04-16 04:23:15'),
(5108, 100, 12, 22, 299, '2014-04-16 04:23:15'),
(5109, 100, 12, 23, 301, '2014-04-16 04:23:15'),
(5110, 100, 12, 24, 303, '2014-04-16 04:23:15'),
(5111, 100, 12, 25, 305, '2014-04-16 04:23:15'),
(5112, 100, 12, 26, 307, '2014-04-16 04:23:15'),
(5113, 100, 12, 27, 309, '2014-04-16 04:23:15'),
(5114, 100, 12, 29, 312, '2014-04-16 04:23:15'),
(5115, 100, 12, 30, 314, '2014-04-16 04:23:15'),
(5116, 100, 12, 31, 315, '2014-04-16 04:23:15'),
(5117, 100, 12, 32, 318, '2014-04-16 04:23:15'),
(5118, 100, 12, 33, 319, '2014-04-16 04:23:15'),
(5119, 100, 12, 34, 321, '2014-04-16 04:23:15'),
(5120, 100, 12, 35, 323, '2014-04-16 04:23:15'),
(5121, 100, 12, 36, 325, '2014-04-16 04:23:15'),
(5122, 100, 12, 37, 327, '2014-04-16 04:23:15'),
(5123, 100, 12, 38, 329, '2014-04-16 04:23:15'),
(5124, 100, 12, 39, 331, '2014-04-16 04:23:15'),
(5125, 100, 12, 40, 334, '2014-04-16 04:23:15'),
(5126, 100, 12, 41, 336, '2014-04-16 04:23:15'),
(5127, 100, 12, 42, 337, '2014-04-16 04:23:15'),
(5128, 100, 12, 43, 339, '2014-04-16 04:23:15'),
(5129, 100, 12, 44, 341, '2014-04-16 04:23:15'),
(5130, 100, 12, 45, 344, '2014-04-16 04:23:15'),
(5131, 100, 12, 46, 346, '2014-04-16 04:23:15'),
(5132, 100, 12, 47, 347, '2014-04-16 04:23:15'),
(5133, 100, 12, 48, 349, '2014-04-16 04:23:15'),
(5134, 101, 12, 1, 263, '2014-04-16 06:24:26'),
(5135, 101, 12, 2, 265, '2014-04-16 06:24:26'),
(5136, 101, 12, 3, 267, '2014-04-16 06:24:26'),
(5137, 101, 12, 5, 269, '2014-04-16 06:24:26'),
(5138, 101, 12, 7, 271, '2014-04-16 06:24:26'),
(5139, 101, 12, 8, 273, '2014-04-16 06:24:26'),
(5140, 101, 12, 9, 275, '2014-04-16 06:24:26'),
(5141, 101, 12, 10, 277, '2014-04-16 06:24:26'),
(5142, 101, 12, 11, 279, '2014-04-16 06:24:26'),
(5143, 101, 12, 12, 281, '2014-04-16 06:24:26'),
(5144, 101, 12, 13, 283, '2014-04-16 06:24:26'),
(5145, 101, 12, 14, 285, '2014-04-16 06:24:26'),
(5146, 101, 12, 15, 287, '2014-04-16 06:24:26'),
(5147, 101, 12, 16, 289, '2014-04-16 06:24:26'),
(5148, 101, 12, 17, 291, '2014-04-16 06:24:26'),
(5149, 101, 12, 18, 293, '2014-04-16 06:24:26'),
(5150, 101, 12, 19, 295, '2014-04-16 06:24:26'),
(5151, 101, 12, 20, 297, '2014-04-16 06:24:26'),
(5152, 101, 12, 22, 299, '2014-04-16 06:24:26'),
(5153, 101, 12, 23, 301, '2014-04-16 06:24:26'),
(5154, 101, 12, 24, 303, '2014-04-16 06:24:26'),
(5155, 101, 12, 25, 305, '2014-04-16 06:24:26'),
(5156, 101, 12, 26, 307, '2014-04-16 06:24:26'),
(5157, 101, 12, 27, 309, '2014-04-16 06:24:26'),
(5158, 101, 12, 29, 311, '2014-04-16 06:24:26'),
(5159, 101, 12, 30, 313, '2014-04-16 06:24:26'),
(5160, 101, 12, 31, 315, '2014-04-16 06:24:26'),
(5161, 101, 12, 32, 317, '2014-04-16 06:24:26'),
(5162, 101, 12, 33, 319, '2014-04-16 06:24:26'),
(5163, 101, 12, 34, 321, '2014-04-16 06:24:26'),
(5164, 101, 12, 35, 323, '2014-04-16 06:24:26'),
(5165, 101, 12, 36, 325, '2014-04-16 06:24:26'),
(5166, 101, 12, 37, 327, '2014-04-16 06:24:26'),
(5167, 101, 12, 38, 329, '2014-04-16 06:24:26'),
(5168, 101, 12, 39, 331, '2014-04-16 06:24:26'),
(5169, 101, 12, 40, 333, '2014-04-16 06:24:26'),
(5170, 101, 12, 41, 335, '2014-04-16 06:24:26'),
(5171, 101, 12, 42, 337, '2014-04-16 06:24:26'),
(5172, 101, 12, 43, 339, '2014-04-16 06:24:26'),
(5173, 101, 12, 44, 341, '2014-04-16 06:24:26'),
(5174, 101, 12, 45, 343, '2014-04-16 06:24:26'),
(5175, 101, 12, 46, 345, '2014-04-16 06:24:26'),
(5176, 101, 12, 47, 347, '2014-04-16 06:24:26'),
(5177, 101, 12, 48, 349, '2014-04-16 06:24:26'),
(5178, 102, 12, 1, 263, '2014-04-16 08:50:04'),
(5179, 102, 12, 2, 265, '2014-04-16 08:50:04'),
(5180, 102, 12, 3, 268, '2014-04-16 08:50:04'),
(5181, 102, 12, 5, 269, '2014-04-16 08:50:04'),
(5182, 102, 12, 7, 272, '2014-04-16 08:50:04'),
(5183, 102, 12, 8, 273, '2014-04-16 08:50:04'),
(5184, 102, 12, 9, 275, '2014-04-16 08:50:04'),
(5185, 102, 12, 10, 277, '2014-04-16 08:50:04'),
(5186, 102, 12, 11, 279, '2014-04-16 08:50:04'),
(5187, 102, 12, 12, 281, '2014-04-16 08:50:04'),
(5188, 102, 12, 13, 283, '2014-04-16 08:50:04'),
(5189, 102, 12, 14, 286, '2014-04-16 08:50:04'),
(5190, 102, 12, 15, 288, '2014-04-16 08:50:04'),
(5191, 102, 12, 16, 290, '2014-04-16 08:50:04'),
(5192, 102, 12, 17, 292, '2014-04-16 08:50:04'),
(5193, 102, 12, 18, 293, '2014-04-16 08:50:04'),
(5194, 102, 12, 19, 296, '2014-04-16 08:50:04'),
(5195, 102, 12, 20, 298, '2014-04-16 08:50:04'),
(5196, 102, 12, 22, 300, '2014-04-16 08:50:04'),
(5197, 102, 12, 23, 301, '2014-04-16 08:50:04'),
(5198, 102, 12, 24, 303, '2014-04-16 08:50:04'),
(5199, 102, 12, 25, 306, '2014-04-16 08:50:04'),
(5200, 102, 12, 26, 308, '2014-04-16 08:50:04'),
(5201, 102, 12, 27, 309, '2014-04-16 08:50:04'),
(5202, 102, 12, 29, 311, '2014-04-16 08:50:04'),
(5203, 102, 12, 30, 314, '2014-04-16 08:50:04'),
(5204, 102, 12, 31, 315, '2014-04-16 08:50:04'),
(5205, 102, 12, 32, 318, '2014-04-16 08:50:04'),
(5206, 102, 12, 33, 320, '2014-04-16 08:50:04'),
(5207, 102, 12, 34, 322, '2014-04-16 08:50:04'),
(5208, 102, 12, 35, 323, '2014-04-16 08:50:04'),
(5209, 102, 12, 36, 326, '2014-04-16 08:50:04'),
(5210, 102, 12, 37, 328, '2014-04-16 08:50:04'),
(5211, 102, 12, 38, 330, '2014-04-16 08:50:04'),
(5212, 102, 12, 39, 331, '2014-04-16 08:50:04'),
(5213, 102, 12, 40, 333, '2014-04-16 08:50:04'),
(5214, 102, 12, 41, 335, '2014-04-16 08:50:04'),
(5215, 102, 12, 42, 338, '2014-04-16 08:50:04'),
(5216, 102, 12, 43, 339, '2014-04-16 08:50:04'),
(5217, 102, 12, 44, 341, '2014-04-16 08:50:04'),
(5218, 102, 12, 45, 344, '2014-04-16 08:50:04'),
(5219, 102, 12, 46, 346, '2014-04-16 08:50:04'),
(5220, 102, 12, 47, 347, '2014-04-16 08:50:04'),
(5221, 102, 12, 48, 350, '2014-04-16 08:50:04'),
(5222, 104, 12, 1, 263, '2014-04-16 12:28:34'),
(5223, 104, 12, 2, 266, '2014-04-16 12:28:34'),
(5224, 104, 12, 3, 268, '2014-04-16 12:28:34'),
(5225, 104, 12, 5, 269, '2014-04-16 12:28:34'),
(5226, 104, 12, 7, 271, '2014-04-16 12:28:34'),
(5227, 104, 12, 8, 274, '2014-04-16 12:28:34'),
(5228, 104, 12, 9, 275, '2014-04-16 12:28:34'),
(5229, 104, 12, 10, 278, '2014-04-16 12:28:34'),
(5230, 104, 12, 11, 279, '2014-04-16 12:28:34'),
(5231, 104, 12, 12, 282, '2014-04-16 12:28:34'),
(5232, 104, 12, 13, 284, '2014-04-16 12:28:34'),
(5233, 104, 12, 14, 286, '2014-04-16 12:28:34'),
(5234, 104, 12, 15, 287, '2014-04-16 12:28:34'),
(5235, 104, 12, 16, 289, '2014-04-16 12:28:34'),
(5236, 104, 12, 17, 292, '2014-04-16 12:28:34'),
(5237, 104, 12, 18, 294, '2014-04-16 12:28:34'),
(5238, 104, 12, 19, 295, '2014-04-16 12:28:34'),
(5239, 104, 12, 20, 298, '2014-04-16 12:28:34'),
(5240, 104, 12, 22, 299, '2014-04-16 12:28:34'),
(5241, 104, 12, 23, 301, '2014-04-16 12:28:34'),
(5242, 104, 12, 24, 304, '2014-04-16 12:28:34'),
(5243, 104, 12, 25, 305, '2014-04-16 12:28:34'),
(5244, 104, 12, 26, 307, '2014-04-16 12:28:34'),
(5245, 104, 12, 27, 309, '2014-04-16 12:28:34'),
(5246, 104, 12, 29, 311, '2014-04-16 12:28:34'),
(5247, 104, 12, 30, 314, '2014-04-16 12:28:34'),
(5248, 104, 12, 31, 316, '2014-04-16 12:28:34'),
(5249, 104, 12, 32, 318, '2014-04-16 12:28:34'),
(5250, 104, 12, 33, 319, '2014-04-16 12:28:34'),
(5251, 104, 12, 34, 322, '2014-04-16 12:28:34'),
(5252, 104, 12, 35, 323, '2014-04-16 12:28:34'),
(5253, 104, 12, 36, 326, '2014-04-16 12:28:34'),
(5254, 104, 12, 37, 327, '2014-04-16 12:28:34'),
(5255, 104, 12, 38, 329, '2014-04-16 12:28:34'),
(5256, 104, 12, 39, 331, '2014-04-16 12:28:34'),
(5257, 104, 12, 40, 334, '2014-04-16 12:28:34'),
(5258, 104, 12, 41, 335, '2014-04-16 12:28:34'),
(5259, 104, 12, 42, 338, '2014-04-16 12:28:34'),
(5260, 104, 12, 43, 339, '2014-04-16 12:28:34'),
(5261, 104, 12, 44, 342, '2014-04-16 12:28:34'),
(5262, 104, 12, 45, 343, '2014-04-16 12:28:34'),
(5263, 104, 12, 46, 346, '2014-04-16 12:28:34'),
(5264, 104, 12, 47, 347, '2014-04-16 12:28:34'),
(5265, 104, 12, 48, 350, '2014-04-16 12:28:34'),
(5266, 105, 12, 1, 264, '2014-04-16 13:03:33'),
(5267, 105, 12, 2, 265, '2014-04-16 13:03:33'),
(5268, 105, 12, 3, 268, '2014-04-16 13:03:33'),
(5269, 105, 12, 5, 269, '2014-04-16 13:03:33'),
(5270, 105, 12, 7, 271, '2014-04-16 13:03:33'),
(5271, 105, 12, 8, 274, '2014-04-16 13:03:33'),
(5272, 105, 12, 9, 275, '2014-04-16 13:03:33'),
(5273, 105, 12, 10, 277, '2014-04-16 13:03:33'),
(5274, 105, 12, 11, 280, '2014-04-16 13:03:33'),
(5275, 105, 12, 12, 281, '2014-04-16 13:03:33'),
(5276, 105, 12, 13, 284, '2014-04-16 13:03:33'),
(5277, 105, 12, 14, 285, '2014-04-16 13:03:33'),
(5278, 105, 12, 15, 288, '2014-04-16 13:03:33'),
(5279, 105, 12, 16, 289, '2014-04-16 13:03:33'),
(5280, 105, 12, 17, 291, '2014-04-16 13:03:33'),
(5281, 105, 12, 18, 294, '2014-04-16 13:03:33'),
(5282, 105, 12, 19, 296, '2014-04-16 13:03:33'),
(5283, 105, 12, 20, 297, '2014-04-16 13:03:33'),
(5284, 105, 12, 22, 299, '2014-04-16 13:03:33'),
(5285, 105, 12, 23, 301, '2014-04-16 13:03:33'),
(5286, 105, 12, 24, 304, '2014-04-16 13:03:33'),
(5287, 105, 12, 25, 305, '2014-04-16 13:03:33'),
(5288, 105, 12, 26, 307, '2014-04-16 13:03:33'),
(5289, 105, 12, 27, 309, '2014-04-16 13:03:33'),
(5290, 105, 12, 29, 311, '2014-04-16 13:03:33'),
(5291, 105, 12, 30, 314, '2014-04-16 13:03:33'),
(5292, 105, 12, 31, 315, '2014-04-16 13:03:33'),
(5293, 105, 12, 32, 318, '2014-04-16 13:03:33'),
(5294, 105, 12, 33, 319, '2014-04-16 13:03:33'),
(5295, 105, 12, 34, 321, '2014-04-16 13:03:33'),
(5296, 105, 12, 35, 323, '2014-04-16 13:03:33'),
(5297, 105, 12, 36, 325, '2014-04-16 13:03:33'),
(5298, 105, 12, 37, 327, '2014-04-16 13:03:33'),
(5299, 105, 12, 38, 329, '2014-04-16 13:03:33'),
(5300, 105, 12, 39, 331, '2014-04-16 13:03:33'),
(5301, 105, 12, 40, 334, '2014-04-16 13:03:33'),
(5302, 105, 12, 41, 335, '2014-04-16 13:03:33'),
(5303, 105, 12, 42, 337, '2014-04-16 13:03:33'),
(5304, 105, 12, 43, 339, '2014-04-16 13:03:33'),
(5305, 105, 12, 44, 341, '2014-04-16 13:03:33'),
(5306, 105, 12, 45, 344, '2014-04-16 13:03:33'),
(5307, 105, 12, 46, 346, '2014-04-16 13:03:33'),
(5308, 105, 12, 47, 347, '2014-04-16 13:03:33'),
(5309, 105, 12, 48, 350, '2014-04-16 13:03:33'),
(5310, 108, 12, 1, 264, '2014-04-16 19:40:09'),
(5311, 108, 12, 2, 266, '2014-04-16 19:40:09'),
(5312, 108, 12, 3, 268, '2014-04-16 19:40:09'),
(5313, 108, 12, 5, 270, '2014-04-16 19:40:09'),
(5314, 108, 12, 7, 272, '2014-04-16 19:40:09'),
(5315, 108, 12, 8, 274, '2014-04-16 19:40:09'),
(5316, 108, 12, 9, 276, '2014-04-16 19:40:09'),
(5317, 108, 12, 10, 278, '2014-04-16 19:40:09'),
(5318, 108, 12, 11, 280, '2014-04-16 19:40:09'),
(5319, 108, 12, 12, 282, '2014-04-16 19:40:09'),
(5320, 108, 12, 13, 284, '2014-04-16 19:40:09'),
(5321, 108, 12, 14, 286, '2014-04-16 19:40:09'),
(5322, 108, 12, 15, 288, '2014-04-16 19:40:09'),
(5323, 108, 12, 16, 290, '2014-04-16 19:40:09'),
(5324, 108, 12, 17, 292, '2014-04-16 19:40:09'),
(5325, 108, 12, 18, 294, '2014-04-16 19:40:09'),
(5326, 108, 12, 19, 296, '2014-04-16 19:40:09'),
(5327, 108, 12, 20, 298, '2014-04-16 19:40:09'),
(5328, 108, 12, 22, 300, '2014-04-16 19:40:09'),
(5329, 108, 12, 23, 302, '2014-04-16 19:40:09'),
(5330, 108, 12, 24, 304, '2014-04-16 19:40:09'),
(5331, 108, 12, 25, 306, '2014-04-16 19:40:09'),
(5332, 108, 12, 26, 308, '2014-04-16 19:40:09'),
(5333, 108, 12, 27, 310, '2014-04-16 19:40:09'),
(5334, 108, 12, 29, 312, '2014-04-16 19:40:09'),
(5335, 108, 12, 30, 314, '2014-04-16 19:40:09'),
(5336, 108, 12, 31, 316, '2014-04-16 19:40:09'),
(5337, 108, 12, 32, 318, '2014-04-16 19:40:09'),
(5338, 108, 12, 33, 320, '2014-04-16 19:40:09'),
(5339, 108, 12, 34, 322, '2014-04-16 19:40:09'),
(5340, 108, 12, 35, 324, '2014-04-16 19:40:09'),
(5341, 108, 12, 36, 326, '2014-04-16 19:40:09'),
(5342, 108, 12, 37, 328, '2014-04-16 19:40:09'),
(5343, 108, 12, 38, 330, '2014-04-16 19:40:09'),
(5344, 108, 12, 39, 332, '2014-04-16 19:40:09'),
(5345, 108, 12, 40, 334, '2014-04-16 19:40:09'),
(5346, 108, 12, 41, 336, '2014-04-16 19:40:09'),
(5347, 108, 12, 42, 338, '2014-04-16 19:40:09'),
(5348, 108, 12, 43, 340, '2014-04-16 19:40:09'),
(5349, 108, 12, 44, 342, '2014-04-16 19:40:09'),
(5350, 108, 12, 45, 344, '2014-04-16 19:40:09'),
(5351, 108, 12, 46, 346, '2014-04-16 19:40:09'),
(5352, 108, 12, 47, 348, '2014-04-16 19:40:09'),
(5353, 108, 12, 48, 350, '2014-04-16 19:40:09'),
(5354, 99, 12, 1, 263, '2014-04-17 08:44:57'),
(5355, 99, 12, 2, 265, '2014-04-17 08:44:57'),
(5356, 99, 12, 3, 268, '2014-04-17 08:44:57'),
(5357, 99, 12, 5, 270, '2014-04-17 08:44:57'),
(5358, 99, 12, 7, 272, '2014-04-17 08:44:57'),
(5359, 99, 12, 8, 274, '2014-04-17 08:44:57'),
(5360, 99, 12, 9, 275, '2014-04-17 08:44:57'),
(5361, 99, 12, 10, 278, '2014-04-17 08:44:57'),
(5362, 99, 12, 11, 280, '2014-04-17 08:44:57'),
(5363, 99, 12, 12, 282, '2014-04-17 08:44:57'),
(5364, 99, 12, 13, 283, '2014-04-17 08:44:57'),
(5365, 99, 12, 14, 285, '2014-04-17 08:44:57'),
(5366, 99, 12, 15, 287, '2014-04-17 08:44:57'),
(5367, 99, 12, 16, 289, '2014-04-17 08:44:57'),
(5368, 99, 12, 17, 291, '2014-04-17 08:44:57'),
(5369, 99, 12, 18, 294, '2014-04-17 08:44:57'),
(5370, 99, 12, 19, 296, '2014-04-17 08:44:57'),
(5371, 99, 12, 20, 298, '2014-04-17 08:44:57'),
(5372, 99, 12, 22, 299, '2014-04-17 08:44:57'),
(5373, 99, 12, 23, 302, '2014-04-17 08:44:57'),
(5374, 99, 12, 24, 304, '2014-04-17 08:44:57'),
(5375, 99, 12, 25, 306, '2014-04-17 08:44:57'),
(5376, 99, 12, 26, 308, '2014-04-17 08:44:57'),
(5377, 99, 12, 27, 309, '2014-04-17 08:44:57'),
(5378, 99, 12, 29, 312, '2014-04-17 08:44:57'),
(5379, 99, 12, 30, 313, '2014-04-17 08:44:57'),
(5380, 99, 12, 31, 315, '2014-04-17 08:44:57'),
(5381, 99, 12, 32, 318, '2014-04-17 08:44:57'),
(5382, 99, 12, 33, 319, '2014-04-17 08:44:57'),
(5383, 99, 12, 34, 322, '2014-04-17 08:44:57'),
(5384, 99, 12, 35, 323, '2014-04-17 08:44:57'),
(5385, 99, 12, 36, 325, '2014-04-17 08:44:57'),
(5386, 99, 12, 37, 327, '2014-04-17 08:44:57'),
(5387, 99, 12, 38, 329, '2014-04-17 08:44:57'),
(5388, 99, 12, 39, 332, '2014-04-17 08:44:57'),
(5389, 99, 12, 40, 334, '2014-04-17 08:44:57'),
(5390, 99, 12, 41, 336, '2014-04-17 08:44:57'),
(5391, 99, 12, 42, 338, '2014-04-17 08:44:57'),
(5392, 99, 12, 43, 339, '2014-04-17 08:44:57'),
(5393, 99, 12, 44, 341, '2014-04-17 08:44:57'),
(5394, 99, 12, 45, 344, '2014-04-17 08:44:57'),
(5395, 99, 12, 46, 345, '2014-04-17 08:44:57'),
(5396, 99, 12, 47, 347, '2014-04-17 08:44:57'),
(5397, 99, 12, 48, 350, '2014-04-17 08:44:57'),
(5398, 109, 12, 1, 263, '2014-04-17 11:26:16'),
(5399, 109, 12, 2, 265, '2014-04-17 11:26:16'),
(5400, 109, 12, 3, 268, '2014-04-17 11:26:16'),
(5401, 109, 12, 5, 270, '2014-04-17 11:26:16'),
(5402, 109, 12, 7, 272, '2014-04-17 11:26:16'),
(5403, 109, 12, 8, 274, '2014-04-17 11:26:16'),
(5404, 109, 12, 9, 276, '2014-04-17 11:26:16');
INSERT INTO `test_interestv1_result` (`id`, `user_master_id`, `test_master_id`, `test_interestv1_setid`, `attitude_interests_activities_id`, `lastupdated`) VALUES
(5405, 109, 12, 10, 278, '2014-04-17 11:26:16'),
(5406, 109, 12, 11, 280, '2014-04-17 11:26:16'),
(5407, 109, 12, 12, 281, '2014-04-17 11:26:16'),
(5408, 109, 12, 13, 283, '2014-04-17 11:26:16'),
(5409, 109, 12, 14, 286, '2014-04-17 11:26:16'),
(5410, 109, 12, 15, 287, '2014-04-17 11:26:16'),
(5411, 109, 12, 16, 289, '2014-04-17 11:26:16'),
(5412, 109, 12, 17, 292, '2014-04-17 11:26:16'),
(5413, 109, 12, 18, 294, '2014-04-17 11:26:16'),
(5414, 109, 12, 19, 296, '2014-04-17 11:26:16'),
(5415, 109, 12, 20, 298, '2014-04-17 11:26:16'),
(5416, 109, 12, 22, 299, '2014-04-17 11:26:16'),
(5417, 109, 12, 23, 302, '2014-04-17 11:26:16'),
(5418, 109, 12, 24, 304, '2014-04-17 11:26:16'),
(5419, 109, 12, 25, 306, '2014-04-17 11:26:16'),
(5420, 109, 12, 26, 307, '2014-04-17 11:26:16'),
(5421, 109, 12, 27, 310, '2014-04-17 11:26:16'),
(5422, 109, 12, 29, 311, '2014-04-17 11:26:16'),
(5423, 109, 12, 30, 314, '2014-04-17 11:26:16'),
(5424, 109, 12, 31, 316, '2014-04-17 11:26:16'),
(5425, 109, 12, 32, 318, '2014-04-17 11:26:16'),
(5426, 109, 12, 33, 320, '2014-04-17 11:26:16'),
(5427, 109, 12, 34, 322, '2014-04-17 11:26:16'),
(5428, 109, 12, 35, 323, '2014-04-17 11:26:16'),
(5429, 109, 12, 36, 326, '2014-04-17 11:26:16'),
(5430, 109, 12, 37, 328, '2014-04-17 11:26:16'),
(5431, 109, 12, 38, 330, '2014-04-17 11:26:16'),
(5432, 109, 12, 39, 332, '2014-04-17 11:26:16'),
(5433, 109, 12, 40, 333, '2014-04-17 11:26:16'),
(5434, 109, 12, 41, 336, '2014-04-17 11:26:16'),
(5435, 109, 12, 42, 338, '2014-04-17 11:26:16'),
(5436, 109, 12, 43, 339, '2014-04-17 11:26:16'),
(5437, 109, 12, 44, 341, '2014-04-17 11:26:16'),
(5438, 109, 12, 45, 343, '2014-04-17 11:26:16'),
(5439, 109, 12, 46, 345, '2014-04-17 11:26:16'),
(5440, 109, 12, 47, 347, '2014-04-17 11:26:16'),
(5441, 109, 12, 48, 350, '2014-04-17 11:26:16'),
(5442, 110, 12, 1, 264, '2014-04-17 12:39:49'),
(5443, 110, 12, 2, 265, '2014-04-17 12:39:49'),
(5444, 110, 12, 3, 268, '2014-04-17 12:39:49'),
(5445, 110, 12, 5, 270, '2014-04-17 12:39:49'),
(5446, 110, 12, 7, 272, '2014-04-17 12:39:49'),
(5447, 110, 12, 8, 274, '2014-04-17 12:39:49'),
(5448, 110, 12, 9, 276, '2014-04-17 12:39:49'),
(5449, 110, 12, 10, 278, '2014-04-17 12:39:49'),
(5450, 110, 12, 11, 279, '2014-04-17 12:39:49'),
(5451, 110, 12, 12, 282, '2014-04-17 12:39:49'),
(5452, 110, 12, 13, 284, '2014-04-17 12:39:49'),
(5453, 110, 12, 14, 285, '2014-04-17 12:39:49'),
(5454, 110, 12, 15, 287, '2014-04-17 12:39:49'),
(5455, 110, 12, 16, 289, '2014-04-17 12:39:49'),
(5456, 110, 12, 17, 291, '2014-04-17 12:39:49'),
(5457, 110, 12, 18, 293, '2014-04-17 12:39:49'),
(5458, 110, 12, 19, 296, '2014-04-17 12:39:49'),
(5459, 110, 12, 20, 298, '2014-04-17 12:39:49'),
(5460, 110, 12, 22, 299, '2014-04-17 12:39:49'),
(5461, 110, 12, 23, 301, '2014-04-17 12:39:49'),
(5462, 110, 12, 24, 304, '2014-04-17 12:39:49'),
(5463, 110, 12, 25, 305, '2014-04-17 12:39:49'),
(5464, 110, 12, 26, 307, '2014-04-17 12:39:49'),
(5465, 110, 12, 27, 309, '2014-04-17 12:39:49'),
(5466, 110, 12, 29, 312, '2014-04-17 12:39:49'),
(5467, 110, 12, 30, 314, '2014-04-17 12:39:49'),
(5468, 110, 12, 31, 316, '2014-04-17 12:39:49'),
(5469, 110, 12, 32, 318, '2014-04-17 12:39:49'),
(5470, 110, 12, 33, 319, '2014-04-17 12:39:49'),
(5471, 110, 12, 34, 321, '2014-04-17 12:39:49'),
(5472, 110, 12, 35, 323, '2014-04-17 12:39:49'),
(5473, 110, 12, 36, 325, '2014-04-17 12:39:49'),
(5474, 110, 12, 37, 327, '2014-04-17 12:39:49'),
(5475, 110, 12, 38, 329, '2014-04-17 12:39:49'),
(5476, 110, 12, 39, 332, '2014-04-17 12:39:49'),
(5477, 110, 12, 40, 334, '2014-04-17 12:39:49'),
(5478, 110, 12, 41, 336, '2014-04-17 12:39:49'),
(5479, 110, 12, 42, 338, '2014-04-17 12:39:49'),
(5480, 110, 12, 43, 339, '2014-04-17 12:39:49'),
(5481, 110, 12, 44, 341, '2014-04-17 12:39:49'),
(5482, 110, 12, 45, 343, '2014-04-17 12:39:49'),
(5483, 110, 12, 46, 346, '2014-04-17 12:39:49'),
(5484, 110, 12, 47, 348, '2014-04-17 12:39:49'),
(5485, 110, 12, 48, 349, '2014-04-17 12:39:49'),
(5486, 111, 12, 1, 263, '2014-04-17 16:51:24'),
(5487, 111, 12, 2, 266, '2014-04-17 16:51:24'),
(5488, 111, 12, 3, 267, '2014-04-17 16:51:24'),
(5489, 111, 12, 5, 270, '2014-04-17 16:51:24'),
(5490, 111, 12, 7, 272, '2014-04-17 16:51:24'),
(5491, 111, 12, 8, 273, '2014-04-17 16:51:24'),
(5492, 111, 12, 9, 276, '2014-04-17 16:51:24'),
(5493, 111, 12, 10, 277, '2014-04-17 16:51:24'),
(5494, 111, 12, 11, 280, '2014-04-17 16:51:24'),
(5495, 111, 12, 12, 282, '2014-04-17 16:51:24'),
(5496, 111, 12, 13, 284, '2014-04-17 16:51:24'),
(5497, 111, 12, 14, 286, '2014-04-17 16:51:24'),
(5498, 111, 12, 15, 288, '2014-04-17 16:51:24'),
(5499, 111, 12, 16, 289, '2014-04-17 16:51:24'),
(5500, 111, 12, 17, 292, '2014-04-17 16:51:24'),
(5501, 111, 12, 18, 293, '2014-04-17 16:51:24'),
(5502, 111, 12, 19, 295, '2014-04-17 16:51:24'),
(5503, 111, 12, 20, 297, '2014-04-17 16:51:24'),
(5504, 111, 12, 22, 299, '2014-04-17 16:51:24'),
(5505, 111, 12, 23, 302, '2014-04-17 16:51:24'),
(5506, 111, 12, 24, 304, '2014-04-17 16:51:24'),
(5507, 111, 12, 25, 305, '2014-04-17 16:51:24'),
(5508, 111, 12, 26, 307, '2014-04-17 16:51:24'),
(5509, 111, 12, 27, 310, '2014-04-17 16:51:24'),
(5510, 111, 12, 29, 311, '2014-04-17 16:51:24'),
(5511, 111, 12, 30, 314, '2014-04-17 16:51:24'),
(5512, 111, 12, 31, 316, '2014-04-17 16:51:24'),
(5513, 111, 12, 32, 318, '2014-04-17 16:51:24'),
(5514, 111, 12, 33, 320, '2014-04-17 16:51:24'),
(5515, 111, 12, 34, 322, '2014-04-17 16:51:24'),
(5516, 111, 12, 35, 323, '2014-04-17 16:51:24'),
(5517, 111, 12, 36, 326, '2014-04-17 16:51:24'),
(5518, 111, 12, 37, 328, '2014-04-17 16:51:24'),
(5519, 111, 12, 38, 329, '2014-04-17 16:51:24'),
(5520, 111, 12, 39, 331, '2014-04-17 16:51:24'),
(5521, 111, 12, 40, 333, '2014-04-17 16:51:24'),
(5522, 111, 12, 41, 335, '2014-04-17 16:51:24'),
(5523, 111, 12, 42, 337, '2014-04-17 16:51:24'),
(5524, 111, 12, 43, 339, '2014-04-17 16:51:24'),
(5525, 111, 12, 44, 342, '2014-04-17 16:51:24'),
(5526, 111, 12, 45, 343, '2014-04-17 16:51:24'),
(5527, 111, 12, 46, 346, '2014-04-17 16:51:24'),
(5528, 111, 12, 47, 347, '2014-04-17 16:51:24'),
(5529, 111, 12, 48, 350, '2014-04-17 16:51:24'),
(5530, 112, 12, 1, 263, '2014-04-17 18:37:59'),
(5531, 112, 12, 2, 265, '2014-04-17 18:37:59'),
(5532, 112, 12, 3, 268, '2014-04-17 18:37:59'),
(5533, 112, 12, 5, 270, '2014-04-17 18:37:59'),
(5534, 112, 12, 7, 272, '2014-04-17 18:37:59'),
(5535, 112, 12, 8, 274, '2014-04-17 18:37:59'),
(5536, 112, 12, 9, 276, '2014-04-17 18:37:59'),
(5537, 112, 12, 10, 277, '2014-04-17 18:37:59'),
(5538, 112, 12, 11, 280, '2014-04-17 18:37:59'),
(5539, 112, 12, 12, 282, '2014-04-17 18:37:59'),
(5540, 112, 12, 13, 283, '2014-04-17 18:37:59'),
(5541, 112, 12, 14, 285, '2014-04-17 18:37:59'),
(5542, 112, 12, 15, 287, '2014-04-17 18:37:59'),
(5543, 112, 12, 16, 289, '2014-04-17 18:37:59'),
(5544, 112, 12, 17, 291, '2014-04-17 18:37:59'),
(5545, 112, 12, 18, 294, '2014-04-17 18:37:59'),
(5546, 112, 12, 19, 296, '2014-04-17 18:37:59'),
(5547, 112, 12, 20, 297, '2014-04-17 18:37:59'),
(5548, 112, 12, 22, 299, '2014-04-17 18:37:59'),
(5549, 112, 12, 23, 301, '2014-04-17 18:37:59'),
(5550, 112, 12, 24, 304, '2014-04-17 18:37:59'),
(5551, 112, 12, 25, 305, '2014-04-17 18:37:59'),
(5552, 112, 12, 26, 307, '2014-04-17 18:37:59'),
(5553, 112, 12, 27, 310, '2014-04-17 18:37:59'),
(5554, 112, 12, 29, 312, '2014-04-17 18:37:59'),
(5555, 112, 12, 30, 313, '2014-04-17 18:37:59'),
(5556, 112, 12, 31, 316, '2014-04-17 18:37:59'),
(5557, 112, 12, 32, 318, '2014-04-17 18:37:59'),
(5558, 112, 12, 33, 320, '2014-04-17 18:37:59'),
(5559, 112, 12, 34, 321, '2014-04-17 18:37:59'),
(5560, 112, 12, 35, 323, '2014-04-17 18:37:59'),
(5561, 112, 12, 36, 325, '2014-04-17 18:37:59'),
(5562, 112, 12, 37, 327, '2014-04-17 18:37:59'),
(5563, 112, 12, 38, 329, '2014-04-17 18:37:59'),
(5564, 112, 12, 39, 332, '2014-04-17 18:37:59'),
(5565, 112, 12, 40, 334, '2014-04-17 18:37:59'),
(5566, 112, 12, 41, 336, '2014-04-17 18:37:59'),
(5567, 112, 12, 42, 338, '2014-04-17 18:37:59'),
(5568, 112, 12, 43, 339, '2014-04-17 18:37:59'),
(5569, 112, 12, 44, 341, '2014-04-17 18:37:59'),
(5570, 112, 12, 45, 343, '2014-04-17 18:37:59'),
(5571, 112, 12, 46, 345, '2014-04-17 18:37:59'),
(5572, 112, 12, 47, 347, '2014-04-17 18:37:59'),
(5573, 112, 12, 48, 350, '2014-04-17 18:37:59'),
(5574, 113, 12, 1, 263, '2014-05-05 17:43:24'),
(5575, 113, 12, 2, 265, '2014-05-05 17:43:24'),
(5576, 113, 12, 3, 268, '2014-05-05 17:43:24'),
(5577, 113, 12, 5, 270, '2014-05-05 17:43:24'),
(5578, 113, 12, 7, 272, '2014-05-05 17:43:24'),
(5579, 113, 12, 8, 274, '2014-05-05 17:43:24'),
(5580, 113, 12, 9, 275, '2014-05-05 17:43:24'),
(5581, 113, 12, 10, 278, '2014-05-05 17:43:24'),
(5582, 113, 12, 11, 280, '2014-05-05 17:43:24'),
(5583, 113, 12, 12, 282, '2014-05-05 17:43:24'),
(5584, 113, 12, 13, 283, '2014-05-05 17:43:24'),
(5585, 113, 12, 14, 285, '2014-05-05 17:43:24'),
(5586, 113, 12, 15, 287, '2014-05-05 17:43:24'),
(5587, 113, 12, 16, 289, '2014-05-05 17:43:24'),
(5588, 113, 12, 17, 292, '2014-05-05 17:43:24'),
(5589, 113, 12, 18, 294, '2014-05-05 17:43:24'),
(5590, 113, 12, 19, 296, '2014-05-05 17:43:24'),
(5591, 113, 12, 20, 297, '2014-05-05 17:43:24'),
(5592, 113, 12, 22, 299, '2014-05-05 17:43:24'),
(5593, 113, 12, 23, 302, '2014-05-05 17:43:24'),
(5594, 113, 12, 24, 303, '2014-05-05 17:43:24'),
(5595, 113, 12, 25, 306, '2014-05-05 17:43:24'),
(5596, 113, 12, 26, 307, '2014-05-05 17:43:24'),
(5597, 113, 12, 27, 309, '2014-05-05 17:43:24'),
(5598, 113, 12, 29, 311, '2014-05-05 17:43:24'),
(5599, 113, 12, 30, 313, '2014-05-05 17:43:24'),
(5600, 113, 12, 31, 315, '2014-05-05 17:43:24'),
(5601, 113, 12, 32, 318, '2014-05-05 17:43:24'),
(5602, 113, 12, 33, 320, '2014-05-05 17:43:24'),
(5603, 113, 12, 34, 321, '2014-05-05 17:43:24'),
(5604, 113, 12, 35, 323, '2014-05-05 17:43:24'),
(5605, 113, 12, 36, 326, '2014-05-05 17:43:24'),
(5606, 113, 12, 37, 328, '2014-05-05 17:43:24'),
(5607, 113, 12, 38, 329, '2014-05-05 17:43:24'),
(5608, 113, 12, 39, 331, '2014-05-05 17:43:24'),
(5609, 113, 12, 40, 333, '2014-05-05 17:43:24'),
(5610, 113, 12, 41, 335, '2014-05-05 17:43:24'),
(5611, 113, 12, 42, 337, '2014-05-05 17:43:24'),
(5612, 113, 12, 43, 339, '2014-05-05 17:43:24'),
(5613, 113, 12, 44, 341, '2014-05-05 17:43:24'),
(5614, 113, 12, 45, 344, '2014-05-05 17:43:24'),
(5615, 113, 12, 46, 346, '2014-05-05 17:43:24'),
(5616, 113, 12, 47, 347, '2014-05-05 17:43:24'),
(5617, 113, 12, 48, 350, '2014-05-05 17:43:24');

-- --------------------------------------------------------

--
-- Table structure for table `test_master`
--

CREATE TABLE IF NOT EXISTS `test_master` (
  `id` int(11) NOT NULL AUTO_INCREMENT,
  `test_name` varchar(100) NOT NULL,
  `test_type_id` int(11) NOT NULL,
  `lastupdated` timestamp NOT NULL DEFAULT CURRENT_TIMESTAMP ON UPDATE CURRENT_TIMESTAMP,
  `active` int(11) DEFAULT '0' COMMENT '0->Inactive;1->Active',
  PRIMARY KEY (`id`)
) ENGINE=InnoDB  DEFAULT CHARSET=latin1 AUTO_INCREMENT=20 ;

--
-- Dumping data for table `test_master`
--

INSERT INTO `test_master` (`id`, `test_name`, `test_type_id`, `lastupdated`, `active`) VALUES
(1, 'Electrical 0404', 9, '2014-04-12 07:47:42', 0),
(2, 'Web 0404', 11, '0000-00-00 00:00:00', 0),
(3, 'Mobile 0404', 12, '0000-00-00 00:00:00', 0),
(4, 'Marketing 0404', 13, '0000-00-00 00:00:00', 0),
(5, 'Designing 0404', 14, '0000-00-00 00:00:00', 0),
(6, 'Content Writing 0404', 15, '0000-00-00 00:00:00', 0),
(10, 'Ask Interest 0404', 10, '2014-04-12 07:47:09', 0),
(11, 'Interest Predictor 0404', 6, '2014-04-12 08:03:15', 0),
(12, 'Interest Predictor 0412', 16, '2014-04-12 10:22:37', 1),
(13, 'Ask Interest 0412', 10, '2014-04-12 12:43:45', 1),
(14, 'Web 04122014', 11, '2014-04-12 15:41:28', 1),
(15, 'Mobile 04122014', 12, '2014-04-13 20:59:47', 0),
(16, 'Electrical 04122014', 9, '2014-04-13 21:03:22', 1),
(17, 'Marketing 04122014', 13, '2014-04-13 21:04:56', 1),
(18, 'Content Writing 04122014', 15, '2014-04-14 11:33:24', 1),
(19, 'Designing 04122014', 14, '2014-04-14 11:33:24', 1);

-- --------------------------------------------------------

--
-- Table structure for table `test_type`
--

CREATE TABLE IF NOT EXISTS `test_type` (
  `id` int(11) NOT NULL AUTO_INCREMENT,
  `test_type` varchar(100) NOT NULL,
  `parent_id` int(11) NOT NULL,
  `active` int(11) NOT NULL DEFAULT '0',
  `lastupdated` timestamp NOT NULL DEFAULT CURRENT_TIMESTAMP ON UPDATE CURRENT_TIMESTAMP,
  PRIMARY KEY (`id`)
) ENGINE=InnoDB  DEFAULT CHARSET=latin1 AUTO_INCREMENT=17 ;

--
-- Dumping data for table `test_type`
--

INSERT INTO `test_type` (`id`, `test_type`, `parent_id`, `active`, `lastupdated`) VALUES
(1, 'Aptitude', 0, 0, '0000-00-00 00:00:00'),
(2, 'Altitude', 0, 0, '0000-00-00 00:00:00'),
(3, 'Attitude', 0, 0, '0000-00-00 00:00:00'),
(6, 'Interest v1', 1, 0, '0000-00-00 00:00:00'),
(7, 'Domain v1', 1, 0, '0000-00-00 00:00:00'),
(8, 'Mechanical', 7, 0, '0000-00-00 00:00:00'),
(9, 'Electrical & Energy', 7, 0, '2014-04-13 21:06:16'),
(10, 'Ask Interest', 1, 0, '0000-00-00 00:00:00'),
(11, 'Web Application Development', 7, 1, '0000-00-00 00:00:00'),
(12, 'Mobile Application Development', 7, 1, '0000-00-00 00:00:00'),
(13, 'Marketing', 7, 1, '0000-00-00 00:00:00'),
(14, 'Designing', 7, 1, '0000-00-00 00:00:00'),
(15, 'Content Writing', 7, 1, '0000-00-00 00:00:00'),
(16, 'Interest v2', 1, 1, '2014-04-12 10:19:41');

-- --------------------------------------------------------

--
-- Table structure for table `user_details`
--

CREATE TABLE IF NOT EXISTS `user_details` (
  `id` int(11) NOT NULL AUTO_INCREMENT,
  `user_master_id` int(11) NOT NULL,
  `college_id` int(11) NOT NULL,
  `degree_level` int(11) NOT NULL COMMENT 'UG-0/G-1/PG-2',
  `semester` int(11) NOT NULL COMMENT '1,2,3,4,5,6,7,8',
  `branch_id` int(11) NOT NULL COMMENT 'branch or course',
  `gender` int(11) NOT NULL,
  `languages` varchar(20) NOT NULL,
  `reserved3` int(11) NOT NULL,
  `reserved4` int(11) NOT NULL,
  `lastupdated` timestamp NOT NULL DEFAULT CURRENT_TIMESTAMP,
  PRIMARY KEY (`id`),
  UNIQUE KEY `user_master_id` (`user_master_id`)
) ENGINE=InnoDB  DEFAULT CHARSET=latin1 AUTO_INCREMENT=84 ;

--
-- Dumping data for table `user_details`
--

INSERT INTO `user_details` (`id`, `user_master_id`, `college_id`, `degree_level`, `semester`, `branch_id`, `gender`, `languages`, `reserved3`, `reserved4`, `lastupdated`) VALUES
(5, 11, 2, 1, 8, 5, 1, '0', 0, 0, '2014-04-12 07:29:33'),
(7, 20, 100, 0, 7, 1, 1, '0', 0, 0, '2014-04-12 07:29:33'),
(10, 22, 100, 1, 7, 2, 1, '0', 0, 0, '2014-04-12 07:29:33'),
(11, 23, 1, 0, 8, 1, 1, '0', 0, 0, '2014-04-12 07:29:33'),
(12, 25, 100, 1, 6, 8, 1, '0', 0, 0, '2014-04-12 07:29:33'),
(13, 26, 1, 0, 2, 1, 1, '0', 0, 0, '2014-04-12 07:29:33'),
(14, 28, 100, 2, 6, 10, 2, '0', 0, 0, '2014-04-12 07:29:33'),
(15, 29, 100, 1, 8, 2, 1, '0', 0, 0, '2014-04-12 07:29:33'),
(16, 30, 100, 0, 6, 1, 1, '0', 0, 0, '2014-04-12 07:29:33'),
(17, 31, 1, 0, 6, 1, 1, '0', 0, 0, '2014-04-12 07:29:33'),
(18, 33, 1, 0, 8, 1, 1, '0', 0, 0, '2014-04-12 07:29:33'),
(19, 38, 1, 0, 1, 1, 1, '0', 0, 0, '2014-04-12 07:29:33'),
(20, 35, 100, 1, 7, 1, 1, '0', 0, 0, '2014-04-12 07:29:33'),
(21, 37, 1, 0, 8, 2, 1, '0', 0, 0, '2014-04-12 07:29:33'),
(22, 40, 2, 0, 1, 1, 1, '0', 0, 0, '2014-04-12 07:29:33'),
(23, 36, 100, 0, 1, 1, 1, '0', 0, 0, '2014-04-12 07:29:33'),
(24, 39, 1, 0, 1, 1, 1, '0', 0, 0, '2014-04-12 07:29:33'),
(25, 41, 100, 0, 4, 1, 1, '0', 0, 0, '2014-04-12 07:29:33'),
(26, 44, 1, 0, 6, 1, 1, '0', 0, 0, '2014-04-12 07:29:33'),
(27, 45, 100, 0, 8, 1, 1, '0', 0, 0, '2014-04-12 07:29:33'),
(28, 46, 2, 0, 8, 6, 1, '0', 0, 0, '2014-04-12 07:29:33'),
(29, 48, 1, 0, 8, 1, 2, '0', 0, 0, '2014-04-12 07:29:33'),
(30, 49, 1, 0, 6, 1, 1, '0', 0, 0, '2014-04-12 07:29:33'),
(31, 50, 100, 0, 4, 1, 1, '0', 0, 0, '2014-04-12 07:29:33'),
(32, 51, 2, 0, 6, 6, 1, '0', 0, 0, '2014-04-12 07:29:33'),
(33, 52, 1, 0, 8, 1, 1, '0', 0, 0, '2014-04-12 07:29:33'),
(34, 54, 100, 1, 8, 1, 1, '0', 0, 0, '2014-04-12 07:29:33'),
(35, 55, 2, 0, 8, 6, 1, '0', 0, 0, '2014-04-12 07:29:33'),
(36, 56, 1, 0, 6, 1, 1, '0', 0, 0, '2014-04-12 07:29:33'),
(37, 57, 1, 0, 6, 1, 1, '0', 0, 0, '2014-04-12 07:29:33'),
(38, 58, 100, 0, 6, 3, 1, '0', 0, 0, '2014-04-12 07:29:33'),
(39, 59, 2, 0, 6, 6, 1, '0', 0, 0, '2014-04-12 07:29:33'),
(40, 60, 1, 0, 8, 1, 1, '0', 0, 0, '2014-04-12 07:29:33'),
(41, 61, 1, 0, 2, 7, 1, '0', 0, 0, '2014-04-12 07:29:33'),
(42, 63, 1, 0, 8, 1, 2, '0', 0, 0, '2014-04-12 07:29:33'),
(43, 64, 1, 0, 8, 1, 1, '0', 0, 0, '2014-04-12 07:29:33'),
(44, 66, 1, 0, 6, 1, 1, '0', 0, 0, '2014-04-12 07:29:33'),
(45, 67, 1, 0, 6, 1, 1, '0', 0, 0, '2014-04-12 07:29:33'),
(46, 65, 1, 1, 8, 1, 1, '0', 0, 0, '2014-04-12 07:29:33'),
(47, 68, 100, 0, 8, 100, 1, '0', 0, 0, '2014-04-12 07:29:33'),
(48, 70, 1, 0, 5, 4, 1, '0', 0, 0, '2014-04-12 07:29:33'),
(49, 72, 2, 0, 4, 6, 2, '0', 0, 0, '2014-04-12 07:29:33'),
(50, 71, 2, 0, 6, 6, 1, '0', 0, 0, '2014-04-12 07:29:33'),
(51, 73, 1, 0, 1, 1, 1, '0', 0, 0, '2014-04-12 07:29:33'),
(52, 74, 2, 0, 6, 6, 1, '0', 0, 0, '2014-04-12 07:29:33'),
(53, 75, 1, 0, 1, 1, 1, '0', 0, 0, '2014-04-12 07:29:33'),
(55, 78, 2, 2, 3, 3, 1, '4, 3, 2', 0, 0, '2014-04-14 10:53:26'),
(56, 80, 3, 1, 5, 15, 1, '3, 2', 0, 0, '2014-04-14 14:45:43'),
(57, 350, 4, 0, 1, 15, 1, '3', 0, 0, '2014-04-14 16:04:03'),
(58, 27, 2, 2, 4, 13, 2, '4, 3, 2, 1', 0, 0, '2014-04-14 16:19:38'),
(59, 81, 4, 1, 6, 13, 1, '3, 2', 0, 0, '2014-04-14 19:38:44'),
(60, 85, 1, 2, 3, 1, 1, '3, 2', 0, 0, '2014-04-15 10:05:11'),
(61, 86, 4, 0, 8, 3, 1, '3', 0, 0, '2014-04-15 10:17:26'),
(62, 87, 1, 0, 8, 3, 2, '3, 2, 1', 0, 0, '2014-04-15 10:51:11'),
(63, 88, 1, 2, 1, 3, 1, '3, 2, 1', 0, 0, '2014-04-15 10:55:19'),
(64, 89, 1, 0, 8, 3, 1, '3, 2, 1', 0, 0, '2014-04-15 11:04:29'),
(65, 90, 4, 0, 1, 15, 1, '', 0, 0, '2014-04-15 11:16:18'),
(66, 91, 4, 0, 1, 15, 1, '3, 2', 0, 0, '2014-04-15 11:23:20'),
(67, 93, 1, 0, 8, 2, 1, '3, 1', 0, 0, '2014-04-15 11:31:38'),
(68, 95, 1, 2, 1, 13, 2, '4, 3, 2', 0, 0, '2014-04-15 12:13:12'),
(69, 97, 1, 0, 6, 3, 2, '4, 3, 2, 1', 0, 0, '2014-04-15 12:23:20'),
(70, 98, 1, 0, 8, 1, 2, '3, 2, 1', 0, 0, '2014-04-15 13:33:55'),
(71, 100, 3, 0, 8, 6, 1, '4, 3, 2', 0, 0, '2014-04-16 04:20:32'),
(72, 101, 4, 0, 1, 15, 1, '', 0, 0, '2014-04-16 06:23:13'),
(73, 102, 4, 1, 1, 3, 1, '4, 3, 2', 0, 0, '2014-04-16 08:44:20'),
(74, 104, 1, 0, 8, 1, 1, '3, 2, 1', 0, 0, '2014-04-16 12:23:37'),
(75, 105, 1, 0, 8, 1, 2, '4, 3, 2, 1', 0, 0, '2014-04-16 12:54:11'),
(76, 106, 4, 0, 4, 15, 2, '3', 0, 0, '2014-04-16 19:29:12'),
(77, 108, 3, 0, 1, 15, 1, '4', 0, 0, '2014-04-16 19:39:01'),
(78, 99, 2, 1, 8, 4, 1, '4, 3, 2, 1', 0, 0, '2014-04-17 08:35:06'),
(79, 109, 1, 1, 2, 9, 1, '4, 3, 2', 0, 0, '2014-04-17 11:20:01'),
(80, 110, 1, 1, 8, 3, 1, '4, 3, 2', 0, 0, '2014-04-17 12:35:42'),
(81, 111, 1, 1, 6, 3, 2, '3, 2, 1', 0, 0, '2014-04-17 16:47:12'),
(82, 112, 2, 0, 8, 3, 1, '4, 3, 2', 0, 0, '2014-04-17 17:16:35'),
(83, 113, 2, 1, 4, 3, 2, '3, 2', 0, 0, '2014-05-05 17:34:35');

-- --------------------------------------------------------

--
-- Table structure for table `user_master`
--

CREATE TABLE IF NOT EXISTS `user_master` (
  `id` int(11) NOT NULL AUTO_INCREMENT,
  `email` varchar(100) NOT NULL,
  `password` text NOT NULL,
  `type` int(11) NOT NULL,
  `updated` timestamp NOT NULL DEFAULT CURRENT_TIMESTAMP ON UPDATE CURRENT_TIMESTAMP,
  `cell_number` varchar(11) NOT NULL,
  `first_name` varchar(100) NOT NULL,
  `last_name` varchar(100) NOT NULL,
  `verified` varchar(50) NOT NULL DEFAULT '1',
  `lastupdated` timestamp NOT NULL DEFAULT '0000-00-00 00:00:00',
  PRIMARY KEY (`id`)
) ENGINE=InnoDB  DEFAULT CHARSET=latin1 AUTO_INCREMENT=114 ;

--
-- Dumping data for table `user_master`
--

INSERT INTO `user_master` (`id`, `email`, `password`, `type`, `updated`, `cell_number`, `first_name`, `last_name`, `verified`, `lastupdated`) VALUES
(11, 'deeppatelj@yahoo.co.in', 'deep123123', 1, '2014-04-03 07:47:38', '9879823914', 'Deep', 'Patel', '1', '0000-00-00 00:00:00'),
(19, 'deeppatelj11@gmail.com', 'deep123123', 1, '2014-04-05 05:17:37', '9879823914', 'Deep', 'Patel', '1', '0000-00-00 00:00:00'),
(20, 'fourister@gmail.com', 'deep123', 1, '2014-04-04 13:06:11', '7676217177', 'Shreyansh', 'Jain', '1', '0000-00-00 00:00:00'),
(21, 'shreyansh@icloud.com', 'deep123123', 1, '2014-04-14 14:23:34', '9879823914', 'Deep', 'Patel', '1', '0000-00-00 00:00:00'),
(22, 'shreyansh4maing@gmail.com', 'S1911jain', 1, '2014-04-14 21:48:05', '7656767', 'Jain', '', '1', '0000-00-00 00:00:00'),
(23, 'rp91@live.in', 'rahul123', 1, '2014-04-04 15:43:54', '9033650785', 'Rahul', 'Pandey', '1', '0000-00-00 00:00:00'),
(24, 'wqertgy@gmail.com', 'S1911jain', 1, '2014-04-04 15:35:10', '7676217177', 'Shreyansh ', 'Jain', '1', '0000-00-00 00:00:00'),
(25, 'prajwalprvce@gmail.com', 'panda420', 1, '2014-04-14 14:23:45', '9535395934', 'Prajwal', 'P', '1', '0000-00-00 00:00:00'),
(26, 'varunesh.88@gmail.com', 'waahwaah', 1, '2014-04-04 21:43:08', '7498498295', 'Varun', 'Varunesh', '1', '0000-00-00 00:00:00'),
(27, 'progress@inkrasa.com', 'qwerty', 1, '2014-04-14 16:18:52', '9913859699', 'Utkarsh', 'Patel', '1', '0000-00-00 00:00:00'),
(28, 'prajwalprvce11@outlook.com', 'panda420', 1, '2014-04-05 05:18:54', '9535395933', 'nidhi', 'nidhi', '1', '0000-00-00 00:00:00'),
(29, 'anshuman.sanghvi@me.com', 'anshuman', 1, '2014-04-05 02:07:22', '9662035595', 'Anshuman', 'Sanghvi', '1', '0000-00-00 00:00:00'),
(30, 'adityarbhat1710@gmail.com', 'a9d4i4t8y7a8', 1, '2014-04-05 02:15:24', '+9197420342', 'Aditya', 'Bhat', '1', '0000-00-00 00:00:00'),
(31, 'arpan.rank@gmail.com', 'rankarpan', 1, '2014-04-05 04:04:22', '8460345792', 'Arpan', 'Rank', '1', '0000-00-00 00:00:00'),
(32, 'dippatel1903@gmail.com', 'deep123123', 1, '2014-04-05 04:47:17', '9879823914', 'Deep', 'Patel', '1', '0000-00-00 00:00:00'),
(33, 'bsolanki.ce@gmail.com', 'bhavinlucifer', 1, '2014-04-05 04:35:28', '9601199220', 'Bhavin', 'Solanki', '1', '0000-00-00 00:00:00'),
(34, 'null@null.com', '', 1, '2014-04-14 07:27:55', '', '', '', 'dovhkyjttrmtexiuitxmy0nxc', '0000-00-00 00:00:00'),
(35, 'shreyansh.trawish@gmail.com', 'S1911jain', 1, '2014-04-05 05:12:43', '7676217177', 'Shreyansh', 'Jain', '1', '0000-00-00 00:00:00'),
(36, 'shreyansh.chabra@outlook.com', 'S1911jain', 1, '2014-04-05 05:22:20', '7676217177', 'shreyansh', 'Chabra', '1', '0000-00-00 00:00:00'),
(37, 'hemen@remarkin.com', '123456', 1, '2014-04-05 05:21:13', '9408619432', 'Hemen', 'Ashodia', '1', '0000-00-00 00:00:00'),
(38, 'deeppatelj@gmail.com', 'deep123123', 1, '2014-04-05 05:18:05', '9879823914', 'Deep', 'patel', '1', '0000-00-00 00:00:00'),
(39, 'prajwalprvce@gmail.com', 'panda420', 1, '2014-04-05 05:22:21', '9535395934', 'Prajwal', 'P', '1', '0000-00-00 00:00:00'),
(40, 'prajwalprvce@outlook.com', 'panda420', 1, '2014-04-05 05:20:33', '9535395934', 'Prajwal', 'P', '1', '0000-00-00 00:00:00'),
(41, 'achoudhary94@gmail.com', 'ashish20', 1, '2014-04-05 05:27:51', '8088433382', 'Ashish', 'Choudhary', '1', '0000-00-00 00:00:00'),
(42, 'ronakbhuptani@yahoo.com', 'ronakbhuptani', 1, '2014-04-05 05:45:21', '9824144810', 'Ronak', 'Bhuptani', '1', '0000-00-00 00:00:00'),
(43, '8128725111', 'krishna177', 1, '2014-04-05 06:15:04', 'patel', '177viralpatel@gmail.com', 'viral', 'g0rijghxpxfbifxhalqzisarl', '0000-00-00 00:00:00'),
(44, 'gaurav38shah@gmail.com', 'gauravrock', 1, '2014-04-05 06:21:55', '8460530522', 'Gaurav', 'Shah', '1', '0000-00-00 00:00:00'),
(45, 'rvce.don@gmail.com', 'ganeshram1', 1, '2014-04-05 06:43:34', '9876543256', 'RVCE', 'Don', '1', '0000-00-00 00:00:00'),
(46, '10bic035@nirmauni.ac.in', 'UNIQUE2901', 1, '2014-04-05 07:12:05', '7383931532', 'Darshan', 'Shah', '1', '0000-00-00 00:00:00'),
(47, 'harlequinsguitar@gmail.com', 'metallica', 1, '2014-04-05 07:24:55', '9035048842', 'Manas', 'Jayanth', 'jibryi0hafusgvybxiabc0pcq', '0000-00-00 00:00:00'),
(48, 'gelaneem@gmail.com', '9737663913', 1, '2014-04-05 08:32:00', '8866676341', 'Mamata', 'Gelanee', '1', '0000-00-00 00:00:00'),
(49, 'shaswat_bhatt@rocketmail.com', 'cool45', 1, '2014-04-05 08:41:13', '7874522202', 'Shashvat', 'Bhatt', '1', '0000-00-00 00:00:00'),
(50, 'farazmr@gmail.com', 'agum0nn', 1, '2014-04-05 08:54:11', '8792838238', 'Faraz', 'Mohamed Rafi', '1', '0000-00-00 00:00:00'),
(51, '11bic039@nirmauni.ac.in', 'FREESCALE2014', 1, '2014-04-05 09:33:06', '8460520057', 'Rohit ', 'Singh', '1', '0000-00-00 00:00:00'),
(52, 'kbr505@gmail.com', 'Kozy.055', 1, '2014-04-05 09:37:21', '9510730455', 'Kaushik', 'Rathod', '1', '0000-00-00 00:00:00'),
(53, 'sagar.ghiya7@gmail.com', 'mufctillidie', 1, '2014-04-05 09:37:04', '9408603775', 'Sagar', 'Ghiya', 'tvkaejziwmk0cvlbdncpltbtu', '0000-00-00 00:00:00'),
(54, 'dev.makasana@live.com', 'sanjubaba123', 1, '2014-04-05 10:04:47', '9898313145', 'Sanjay', 'Patel', '1', '0000-00-00 00:00:00'),
(55, 'ronildiyora2014@gmail.com', '$Jay.Gopal007', 1, '2014-04-05 10:38:50', '+9191734329', 'Ronil', 'Diyora', '1', '0000-00-00 00:00:00'),
(56, 'parthik.modi10@gmail.com', 'khabarnai', 1, '2014-04-05 10:39:36', '7383426219', 'Parthik', 'Modi', '1', '0000-00-00 00:00:00'),
(57, 'keyur554@yahoo.com', 'martedamtak', 1, '2014-04-05 11:08:16', '8401149095', 'keyur', 'shah', '1', '0000-00-00 00:00:00'),
(58, 'awasthimitesh712@gmail.com', 'stargroup', 1, '2014-04-05 11:20:01', '7405319930', 'Mitesh', 'Awasthi', '1', '0000-00-00 00:00:00'),
(59, 'jigs_thebest@yahoo.co.in', '260993', 1, '2014-04-05 12:12:53', '9033676765', 'Jigar', 'Mehta', '1', '0000-00-00 00:00:00'),
(60, 'mayankkalasva1@gmail.com', '9638112992', 1, '2014-04-05 12:16:25', '9879923144', 'MAYANK', 'KALASVA', '1', '0000-00-00 00:00:00'),
(61, 'gauravkapadia711@gmail.com', 'samnoksungia95', 1, '2014-04-05 12:48:26', '9033283341', 'Gaurav', 'Kapadia', '1', '0000-00-00 00:00:00'),
(62, 'jcs91@rediffmail.com', '236625', 1, '2014-04-26 16:07:35', '8123378712', 'Joel', 'Serrao', '1', '0000-00-00 00:00:00'),
(63, 'vanigotta@gmail.com', 'Damon01**', 1, '2014-04-05 13:12:41', '9428116459', 'sejal', 'vanigotta', '1', '0000-00-00 00:00:00'),
(64, 'pranav0492@gmail.com', '1234', 1, '2014-04-05 21:46:42', '7698949155', 'Pranav', 'Prajapati', '1', '0000-00-00 00:00:00'),
(65, 'akashpatelj09@gmail.com', 'admJPAtelakash009', 1, '2014-04-06 07:17:56', '8460196393', 'Akash', 'Patel', '1', '0000-00-00 00:00:00'),
(66, 'niketpatel2525@gmail.com', '5245274', 1, '2014-04-06 05:49:08', '8460243949', 'Niket', 'Patel', '1', '0000-00-00 00:00:00'),
(67, 'panchalsoham@gmail.com', 'soham1994', 1, '2014-04-06 06:09:49', '8866984262', 'soham', 'panchal', '1', '0000-00-00 00:00:00'),
(68, 'jain92abhi@gmail.com', 'mahitjain', 1, '2014-04-06 13:18:29', '9739712014', 'abhishek', 'jain', '1', '0000-00-00 00:00:00'),
(69, 'shreyaprajapati05@gmail.com', '1234567', 1, '2014-04-08 11:51:15', '8866174376', 'shreya', 'prajapati', '1', '0000-00-00 00:00:00'),
(70, 'vikramprocess@gmail.com', 'rty', 1, '2014-04-07 06:03:12', '97999999999', 'vikram', 'parmar', '1', '0000-00-00 00:00:00'),
(71, '11bic019@nirmauni.ac.in', 'Kush@1993', 1, '2014-04-08 06:40:49', 'gupta', 'kush kant', '', '1', '0000-00-00 00:00:00'),
(72, 'aparnadas2409@gmail.com', 'N@r@y@n29', 1, '2014-04-07 07:43:52', '9714017799', 'aparna', 'das', '1', '0000-00-00 00:00:00'),
(73, 'ngm1706@gmail.com', '9426585841', 1, '2014-04-08 08:46:58', '9898989898', 'nilay', 'shah', '1', '0000-00-00 00:00:00'),
(74, '11bic004@nirmauni.ac.in', '97484164', 1, '2014-04-08 11:31:02', '9429661113', 'AKHIL', 'KAIMAL', '1', '0000-00-00 00:00:00'),
(75, 'sahilsamirshah@gmail.com', 'sahilshah', 1, '2014-04-10 12:26:41', '9535395934', 'sahil', 'shah', '1', '0000-00-00 00:00:00'),
(78, 'd@d.com', 'deep123', 1, '2014-04-14 08:15:52', '9879823914', 'Deep', 'patel', '1', '0000-00-00 00:00:00'),
(79, 'utkarsh0198@hotmail.com', 'qwerty', 1, '2014-04-14 14:26:30', '9913859699', 'utkarsh', 'patel', 'wrgsrltomavbmoebitdmvrldu', '0000-00-00 00:00:00'),
(80, 'shreyan11@icloud.com', 'S1911jain', 1, '2014-04-14 21:48:34', '7676217177', 'Shreyansh', 'Jain', '1', '0000-00-00 00:00:00'),
(81, 'shrey4ever@gmail.com', 'S1911jain', 1, '2014-04-14 21:48:34', '7676217177', 'Shreyansh', 'Jain', '1', '0000-00-00 00:00:00'),
(82, 'asdfqs@g.com', 'asdf', 1, '2014-04-14 19:35:11', '9535395934', 'Prajwal', 'p', '0zlnlolepjnspvexymv0sbzoo', '0000-00-00 00:00:00'),
(83, 'ahparmar@hotmail.fr', 'imdbest1', 1, '2014-04-15 08:45:54', '', 'ashish', 'parmar', 'wlfyhnxwofefk0uiudcmyuwzo', '0000-00-00 00:00:00'),
(84, 'hahah@gmail.com', 'interest', 1, '2014-04-15 09:24:25', '00000', 'cklckl', 'skfjsdkjf', 'ziswpmuawszv0flaedjdadbjr', '0000-00-00 00:00:00'),
(85, 'aashish16@ediindia.org', 'rahuldravid', 1, '2014-04-15 10:03:49', '9638140707', 'Aashish', 'Jhamb', '1', '0000-00-00 00:00:00'),
(86, 'vinay.k.lakshman@gmail.com', 'letmein', 1, '2014-04-15 10:16:26', '9945260200', 'Vinay ', 'K L', '1', '0000-00-00 00:00:00'),
(87, 'shruthir.colours@gmail.com', 'shruthir', 1, '2014-04-15 10:49:41', '9538910091', 'Shruthi', 'R', '1', '0000-00-00 00:00:00'),
(88, 'jain.vishruth@gmail.com', 'rakshiittt1_', 1, '2014-04-15 10:52:57', '8511746601', 'Vishruth', 'Jain', '1', '0000-00-00 00:00:00'),
(89, 'aaadirao@gmail.com', 'prototype', 1, '2014-04-15 11:03:01', '9886019155', 'Adarsh', 'Vakkaleri Sateesh', '1', '0000-00-00 00:00:00'),
(90, 'palak.dalal@gmail.com', '$Jeeiit48', 1, '2014-04-15 11:15:54', '9920224549', 'Palak', 'Dalal', '1', '0000-00-00 00:00:00'),
(91, 'shreyansh4ever@gmail.com', 'S1911jain', 1, '2014-04-15 11:22:58', '7676217177', 'Shreyansh', 'Jain', '1', '0000-00-00 00:00:00'),
(92, 'jaiminsanghavi261992@gmail.com', 'jaiminmoney', 1, '2014-04-15 11:20:41', '9016910706', 'Jaimin', 'Sanghvi', '1', '0000-00-00 00:00:00'),
(93, 'jayanthkalyanasundaram@gmail.com', 'lblydwmy', 1, '2014-04-15 11:31:01', '9742013533', 'jayanth', 'k', '1', '0000-00-00 00:00:00'),
(94, '', '', 1, '2014-04-15 11:44:52', '', 'mini', '', 'rpfddwnlmtlexpydkwmchlrcx', '0000-00-00 00:00:00'),
(95, 'vyasmini91@gmail.com', 'harvadan', 1, '2014-04-15 11:47:30', '', 'mini', 'vyas', '1', '0000-00-00 00:00:00'),
(96, 'fdffdf@gmail.com', 'fdfd', 1, '2014-04-15 12:02:55', 'fdf', 'fdf', 'dfd', 'ak0nrwhboelybkpistttgh0zj', '0000-00-00 00:00:00'),
(97, 'shiru.luv@gmail.com', 'winxclub', 1, '2014-04-15 12:22:38', '09712985363', 'Shirali', 'Shah', '1', '0000-00-00 00:00:00'),
(98, 'arzoo.rikhy@flame.edu.in', 'veneeta14', 1, '2014-04-15 13:32:29', '09823017793', 'arzoo', 'rikhy', '1', '0000-00-00 00:00:00'),
(99, 'pankajpal3112@gmail.com', 'deep123', 1, '2014-04-16 16:15:16', '9624771399', 'Pankaj', 'Pal', '1', '0000-00-00 00:00:00'),
(100, 'utsavpshah@gmail.com', 'Sam19191', 1, '2014-04-16 04:20:09', '7405477372', 'Utsav', 'Shah', '1', '0000-00-00 00:00:00'),
(101, 'rahulwctm20@gmail.com', 'rg9012@@', 1, '2014-04-16 06:22:05', '98999999999', 'rahul', 'Gupta', '1', '0000-00-00 00:00:00'),
(102, 'im2safe@gmail.com', 'saifee123', 1, '2014-04-16 08:43:36', '', 'Saifee', 'Kharoda', '1', '0000-00-00 00:00:00'),
(103, 'nikita.sharma1205@gmail.com', 'durgadutt', 1, '2014-04-16 09:00:07', '9909653858', 'nikita', 'sharma', '1', '0000-00-00 00:00:00'),
(104, 'sanketh.swamy@gmail.com', 'ssmath3108', 1, '2014-04-16 12:22:29', '8892315067', 'Sanketh', 'S S', '1', '0000-00-00 00:00:00'),
(105, 'bianca.mahadevia@gmail.com', 'bianca26', 1, '2014-04-16 12:53:13', '9924126392', 'bianca', 'mahadevia', '1', '0000-00-00 00:00:00'),
(106, 'krupasheth2249@gmail.com', 'perfectrelation24', 1, '2014-04-16 19:26:34', '', 'krupa', 'sheth', '1', '0000-00-00 00:00:00'),
(107, 'krupasheth@rocketmail.com', '2249', 1, '2014-04-16 19:24:07', '7383133749', 'krupa', 'sheth', 'bzcsw0sirftlpdbbpz0uqhugf', '0000-00-00 00:00:00'),
(108, 'paisat007@gmail.com', 'super123@', 1, '2014-04-16 19:38:33', '9980216832', 'Test', 'Test', '1', '0000-00-00 00:00:00'),
(109, 'koshtipritesh1012@gmail.com', '8866686159', 1, '2014-04-17 11:18:00', '8866686159', 'pritesh', 'Koshti', '1', '0000-00-00 00:00:00'),
(110, 'milincjoshi@yahoo.com', 'Pulsar220#34', 1, '2014-04-17 12:34:46', '9909802530', 'Milin', 'Joshi', '1', '0000-00-00 00:00:00'),
(111, 'hs.aparna.blr@gmail.com', 'iluvatteandj', 1, '2014-04-17 16:46:00', '9035783776', 'Aparna', 'H S', '1', '0000-00-00 00:00:00'),
(112, 'modivishal.modi21@gmail.com', '07923242012', 1, '2014-04-17 17:15:19', '9714894391', 'Vishal', 'Modi', '1', '0000-00-00 00:00:00'),
(113, 'sohankalsariya@gmail.com', 'panda', 1, '2014-05-05 17:33:44', '9535395934', 'Sohan', 'k', '1', '0000-00-00 00:00:00');

-- --------------------------------------------------------

--
-- Table structure for table `user_results`
--

CREATE TABLE IF NOT EXISTS `user_results` (
  `id` int(11) NOT NULL AUTO_INCREMENT,
  `user_master_id` int(11) NOT NULL,
  `test_type_id` int(11) NOT NULL COMMENT 'Links to test_master',
  `results` varchar(50) NOT NULL,
  `lastupdated` timestamp NOT NULL DEFAULT CURRENT_TIMESTAMP ON UPDATE CURRENT_TIMESTAMP,
  PRIMARY KEY (`id`)
) ENGINE=InnoDB  DEFAULT CHARSET=latin1 AUTO_INCREMENT=339 ;

--
-- Dumping data for table `user_results`
--

INSERT INTO `user_results` (`id`, `user_master_id`, `test_type_id`, `results`, `lastupdated`) VALUES
(54, 20, 10, ';3;8;2;15;1;7;5;4;6;12;10;11;9;13;14;16', '2014-04-12 07:30:28'),
(55, 22, 10, ';1;2;3;4;5;6;7;8;9;10;11;12;13;14;15;16', '2014-04-12 07:30:28'),
(56, 23, 10, ';15;11;4;6;5;14;1;2;3;7;8;9;10;12;13;16', '2014-04-12 07:30:28'),
(57, 26, 10, ';1;2;3;4;5;6;7;8;9;10;11;12;13;14;15;16', '2014-04-12 07:30:28'),
(58, 28, 10, ';2;11;7;10;3;4;6;5;8;9;1;14;12;13;15;16', '2014-04-12 07:30:28'),
(59, 30, 10, ';11;3;15;4;16;2;14;6;13;5;12;7;9;1;8;10', '2014-04-12 07:30:28'),
(60, 28, 2, '1', '2014-04-12 07:30:28'),
(61, 28, 6, '1', '2014-04-12 07:30:28'),
(62, 29, 10, ';15;11;5;3;4;6;13;2;14;7;9;10;16;12;1;8', '2014-04-12 07:30:28'),
(63, 20, 2, '1', '2014-04-12 07:30:28'),
(67, 29, 3, '1', '2014-04-12 07:30:28'),
(68, 31, 10, ';11;15;2;1;3;4;5;6;7;8;9;10;12;13;14;16', '2014-04-12 07:30:28'),
(69, 31, 5, '1', '2014-04-12 07:30:28'),
(70, 33, 10, ';1;2;3;4;5;6;7;8;9;10;11;12;13;14;15;16', '2014-04-12 07:30:28'),
(71, 33, 2, '1', '2014-04-12 07:30:28'),
(72, 28, 4, '1', '2014-04-12 07:30:28'),
(73, 38, 10, ';2;4;5;6;1;7;8;9;10;3;11;12;13;14;15;16', '2014-04-12 07:30:28'),
(74, 39, 10, ';13;16;3;15;2;11;12;8;5;1;4;6;7;9;10;14', '2014-04-12 07:30:28'),
(75, 39, 6, '1', '2014-04-12 07:30:28'),
(76, 36, 10, ';1;2;3;4;5;6;7;8;9;10;11;12;13;14;15;16', '2014-04-12 07:30:28'),
(77, 37, 10, ';15;5;11;4;3;8;14;6;16;12;10;1;2;13;7;9', '2014-04-12 07:30:28'),
(78, 36, 5, '1', '2014-04-12 07:30:28'),
(79, 44, 10, ';11;2;5;15;7;3;4;9;6;8;10;12;13;14;16;1', '2014-04-12 07:30:28'),
(80, 44, 2, '1', '2014-04-12 07:30:28'),
(81, 46, 10, ';15;2;11;5;3;13;4;1;6;7;10;8;9;12;14;16', '2014-04-12 07:30:28'),
(82, 46, 3, '1', '2014-04-12 07:30:28'),
(83, 48, 10, ';1;2;3;4;5;6;7;8;9;10;11;12;13;14;15;16', '2014-04-12 07:30:28'),
(84, 49, 10, ';3;15;11;4;7;5;1;12;6;2;14;13;8;9;10;16', '2014-04-12 07:30:28'),
(85, 49, 2, '1', '2014-04-12 07:30:28'),
(86, 50, 10, ';3;15;11;6;2;5;1;4;7;8;9;10;12;13;14;16', '2014-04-12 07:30:28'),
(87, 50, 5, '1', '2014-04-12 07:30:28'),
(88, 51, 10, ';15;7;13;16;3;11;5;1;2;4;6;8;9;10;12;14', '2014-04-12 07:30:28'),
(89, 51, 3, '1', '2014-04-12 07:30:28'),
(90, 52, 10, ';1;2;3;4;5;6;7;8;9;10;11;12;13;14;15;16', '2014-04-12 07:30:28'),
(91, 52, 2, '1', '2014-04-12 07:30:28'),
(92, 54, 10, ';11;4;3;2;1;5;6;8;9;10;7;12;13;14;15;16', '2014-04-12 07:30:28'),
(93, 54, 5, '1', '2014-04-12 07:30:28'),
(94, 56, 10, ';1;2;3;4;5;6;7;8;9;10;11;12;13;14;15;16', '2014-04-12 07:30:28'),
(95, 56, 2, '1', '2014-04-12 07:30:28'),
(96, 55, 10, ';15;2;5;4;11;10;12;6;1;14;3;7;9;13;16;8', '2014-04-12 07:30:28'),
(97, 55, 5, '1', '2014-04-12 07:30:28'),
(98, 57, 10, ';11;4;5;9;6;2;15;8;10;3;1;7;12;13;14;16', '2014-04-12 07:30:28'),
(99, 58, 10, ';1;2;3;4;5;6;7;8;9;10;11;12;13;14;15;16', '2014-04-12 07:30:28'),
(100, 58, 5, '1', '2014-04-12 07:30:28'),
(101, 57, 2, '1', '2014-04-12 07:30:28'),
(102, 59, 10, ';8;15;5;3;13;4;2;12;14;1;10;11;6;7;9;16', '2014-04-12 07:30:28'),
(103, 59, 6, '1', '2014-04-12 07:30:28'),
(105, 60, 10, ';15;11;7;1;2;3;4;5;9;13;10;8;12;6;14;16', '2014-04-12 07:30:28'),
(106, 60, 3, '1', '2014-04-12 07:30:28'),
(107, 61, 10, ';15;5;10;3;11;9;8;1;7;13;12;4;16;14;2;6', '2014-04-12 07:30:28'),
(108, 61, 6, '1', '2014-04-12 07:30:28'),
(109, 66, 10, ';1;2;3;4;5;6;7;8;9;10;11;12;13;14;15;16', '2014-04-12 07:30:28'),
(110, 66, 3, '1', '2014-04-12 07:30:28'),
(111, 67, 10, ';15;3;11;5;12;8;4;6;2;9;1;7;10;13;16;14', '2014-04-12 07:30:28'),
(112, 67, 3, '1', '2014-04-12 07:30:28'),
(113, 68, 10, ';4;13;6;14;15;16;11;9;2;5;10;1;12;3;8;7', '2014-04-12 07:30:28'),
(114, 20, 3, '1', '2014-04-12 07:30:28'),
(115, 72, 10, ';15;3;11;5;7;2;4;6;14;12;8;9;10;13;16;1', '2014-04-12 07:30:28'),
(116, 71, 10, ';1;2;3;4;5;6;7;8;9;10;11;12;13;14;15;16', '2014-04-12 07:30:28'),
(117, 71, 4, '1', '2014-04-12 07:30:28'),
(118, 73, 10, ';1;2;3;4;5;6;7;8;9;10;11;12;13;14;15;16', '2014-04-12 07:30:28'),
(119, 73, 2, '1', '2014-04-12 07:30:28'),
(120, 74, 10, ';1;2;3;4;5;6;7;8;9;10;11;12;13;14;15;16', '2014-04-12 07:30:28'),
(121, 40, 10, ';1;2;3;4;5;6;7;8;9;10;11;12;13;14;15;16', '2014-04-12 07:30:28'),
(122, 40, 6, '1', '2014-04-12 07:30:28'),
(123, 23, 2, '1', '2014-04-12 07:30:28'),
(125, 20, 11, '1', '2014-04-12 08:23:59'),
(126, 22, 11, '1', '2014-04-12 08:23:59'),
(127, 23, 11, '1', '2014-04-12 08:23:59'),
(128, 28, 11, '1', '2014-04-12 08:23:59'),
(129, 38, 11, '1', '2014-04-12 08:23:59'),
(130, 39, 11, '1', '2014-04-12 08:23:59'),
(131, 36, 11, '1', '2014-04-12 08:23:59'),
(132, 49, 11, '1', '2014-04-12 08:23:59'),
(133, 52, 11, '1', '2014-04-12 08:24:00'),
(134, 54, 11, '1', '2014-04-12 08:24:00'),
(135, 56, 11, '1', '2014-04-12 08:24:00'),
(136, 55, 11, '1', '2014-04-12 08:24:00'),
(137, 58, 11, '1', '2014-04-12 08:24:00'),
(138, 59, 11, '1', '2014-04-12 08:24:00'),
(139, 71, 11, '1', '2014-04-12 08:24:00'),
(140, 73, 11, '1', '2014-04-12 08:24:00'),
(141, 40, 11, '1', '2014-04-12 08:24:00'),
(219, 78, 12, '1', '2014-04-14 12:49:38'),
(257, 27, 17, '1', '2014-04-14 19:00:58'),
(258, 27, 12, '1', '2014-04-14 19:02:23'),
(259, 27, 13, ';3;6;14;5;11;2;4;10;13;15', '2014-04-14 19:02:36'),
(260, 81, 12, '1', '2014-04-14 19:43:24'),
(261, 81, 13, ';3;4;14;5;2;6;10;11;13;15', '2014-04-14 19:45:26'),
(262, 81, 19, '1', '2014-04-14 20:20:38'),
(263, 23, 12, '1', '2014-04-14 20:24:03'),
(264, 23, 13, ';13;3;15;11;5;6;2;4;14;10', '2014-04-14 20:24:25'),
(265, 23, 16, '1', '2014-04-14 20:24:57'),
(266, 23, 18, '1', '2014-04-14 20:33:42'),
(267, 23, 19, '1', '2014-04-14 20:50:42'),
(268, 35, 12, '1', '2014-04-14 20:51:38'),
(269, 35, 13, ';2;3;4;5;6;10;11;13;14;15', '2014-04-14 20:51:42'),
(270, 35, 14, '1', '2014-04-14 20:52:10'),
(271, 35, 19, '1', '2014-04-14 20:52:39'),
(272, 23, 14, '1', '2014-04-14 21:49:08'),
(273, 85, 12, '1', '2014-04-15 10:13:26'),
(274, 25, 12, '1', '2014-04-15 10:13:29'),
(275, 25, 13, ';2;3;4;5;6;10;11;13;14;15', '2014-04-15 10:13:36'),
(276, 85, 13, ';2;3;4;5;6;10;11;13;14;15', '2014-04-15 10:14:46'),
(277, 86, 12, '1', '2014-04-15 10:23:17'),
(278, 86, 13, ';2;3;6;4;5;10;11;13;14;15', '2014-04-15 10:24:28'),
(279, 86, 19, '1', '2014-04-15 10:26:02'),
(280, 87, 12, '1', '2014-04-15 10:59:09'),
(281, 87, 13, ';10;5;4;6;15;3;11;14;2;13', '2014-04-15 11:00:38'),
(282, 87, 19, '1', '2014-04-15 11:02:57'),
(283, 88, 12, '1', '2014-04-15 11:08:19'),
(284, 88, 13, ';11;15;13;5;2;10;4;3;14;6', '2014-04-15 11:09:34'),
(285, 89, 12, '1', '2014-04-15 11:12:17'),
(286, 89, 13, ';15;11;3;4;5;2;6;10;13;14', '2014-04-15 11:13:00'),
(287, 90, 12, '1', '2014-04-15 11:18:58'),
(288, 90, 13, ';15;11;5;6;10;2;3;4;13;14', '2014-04-15 11:19:27'),
(289, 90, 14, '1', '2014-04-15 11:19:44'),
(290, 89, 14, '1', '2014-04-15 11:21:20'),
(291, 36, 12, '1', '2014-04-15 11:23:24'),
(292, 36, 13, ';2;3;4;5;6;10;11;13;14;15', '2014-04-15 11:23:28'),
(293, 91, 12, '1', '2014-04-15 11:26:37'),
(294, 91, 13, ';3;4;6;5;2;10;11;13;14;15', '2014-04-15 11:26:50'),
(295, 93, 12, '1', '2014-04-15 11:33:49'),
(296, 93, 13, ';15;11;5;3;2;4;6;10;13;14', '2014-04-15 11:35:26'),
(297, 93, 18, '1', '2014-04-15 11:36:56'),
(298, 95, 12, '1', '2014-04-15 12:19:06'),
(299, 95, 13, ';2;3;4;5;6;10;11;13;14;15', '2014-04-15 12:19:30'),
(300, 97, 12, '1', '2014-04-15 12:27:10'),
(301, 97, 13, ';4;14;11;3;6;2;5;13;10;15', '2014-04-15 12:28:07'),
(302, 97, 18, '1', '2014-04-15 12:29:50'),
(303, 98, 12, '1', '2014-04-15 13:37:50'),
(304, 98, 13, ';5;3;2;4;6;10;11;13;14;15', '2014-04-15 13:39:11'),
(305, 98, 18, '1', '2014-04-15 13:42:50'),
(307, 100, 12, '1', '2014-04-16 04:23:15'),
(308, 100, 13, ';15;3;2;13;10;4;11;5;6;14', '2014-04-16 04:24:03'),
(309, 100, 14, '1', '2014-04-16 04:26:53'),
(310, 101, 12, '1', '2014-04-16 06:24:26'),
(311, 101, 13, ';2;3;4;5;6;10;11;13;14;15', '2014-04-16 06:27:07'),
(312, 102, 12, '1', '2014-04-16 08:50:04'),
(313, 102, 13, ';10;4;3;5;14;6;13;2;15;11', '2014-04-16 08:51:16'),
(314, 102, 17, '1', '2014-04-16 08:56:52'),
(315, 104, 12, '1', '2014-04-16 12:28:34'),
(316, 105, 12, '1', '2014-04-16 13:03:33'),
(317, 105, 13, ';3;2;15;5;10;11;6;13;14;4', '2014-04-16 13:05:20'),
(318, 108, 12, '1', '2014-04-16 19:40:09'),
(319, 108, 13, ';2;10;3;4;5;6;11;13;14;15', '2014-04-16 19:40:26'),
(320, 108, 14, '1', '2014-04-16 19:45:39'),
(321, 99, 12, '1', '2014-04-17 08:44:57'),
(322, 99, 13, ';14;4;2;5;3;10;6;11;13;15', '2014-04-17 08:45:54'),
(323, 99, 17, '1', '2014-04-17 08:51:19'),
(324, 99, 16, '1', '2014-04-17 09:03:30'),
(325, 109, 12, '1', '2014-04-17 11:26:16'),
(326, 109, 13, ';5;14;4;10;6;2;3;11;13;15', '2014-04-17 11:28:16'),
(327, 109, 14, '1', '2014-04-17 11:29:55'),
(328, 110, 12, '1', '2014-04-17 12:39:49'),
(329, 110, 13, ';11;3;15;5;13;10;2;4;6;14', '2014-04-17 12:40:35'),
(330, 110, 14, '1', '2014-04-17 12:45:50'),
(331, 111, 12, '1', '2014-04-17 16:51:25'),
(332, 111, 13, ';10;4;5;6;2;3;11;13;14;15', '2014-04-17 16:52:35'),
(333, 112, 12, '1', '2014-04-17 18:37:59'),
(334, 112, 13, ';2;15;3;4;11;5;6;10;13;14', '2014-04-17 18:39:56'),
(335, 112, 14, '1', '2014-04-17 18:47:27'),
(336, 113, 12, '1', '2014-05-05 17:43:24'),
(337, 113, 13, ';2;3;4;5;6;10;11;13;14;15', '2014-05-05 17:44:13'),
(338, 113, 14, '1', '2014-05-05 17:45:09');

-- --------------------------------------------------------

--
-- Table structure for table `user_slots`
--

CREATE TABLE IF NOT EXISTS `user_slots` (
  `id` int(11) NOT NULL AUTO_INCREMENT,
  `user_master_id` int(11) NOT NULL,
  `slot_id` int(11) NOT NULL,
  `lastupdated` timestamp NOT NULL DEFAULT CURRENT_TIMESTAMP ON UPDATE CURRENT_TIMESTAMP,
  PRIMARY KEY (`id`)
) ENGINE=InnoDB  DEFAULT CHARSET=latin1 AUTO_INCREMENT=14 ;

--
-- Dumping data for table `user_slots`
--

INSERT INTO `user_slots` (`id`, `user_master_id`, `slot_id`, `lastupdated`) VALUES
(1, 97, 5, '0000-00-00 00:00:00'),
(2, 11, 1, '0000-00-00 00:00:00'),
(3, 0, 1, '0000-00-00 00:00:00'),
(4, 0, 1, '0000-00-00 00:00:00'),
(5, 0, 2, '0000-00-00 00:00:00'),
(6, 0, 2, '0000-00-00 00:00:00'),
(7, 0, 3, '0000-00-00 00:00:00'),
(8, 0, 3, '0000-00-00 00:00:00'),
(9, 0, 1, '2014-04-16 19:46:20'),
(10, 108, 1, '2014-04-16 19:46:21'),
(11, 99, 5, '2014-04-17 08:52:15'),
(12, 110, 1, '2014-04-17 12:46:47'),
(13, 113, 5, '2014-05-05 17:48:39');

/*!40101 SET CHARACTER_SET_CLIENT=@OLD_CHARACTER_SET_CLIENT */;
/*!40101 SET CHARACTER_SET_RESULTS=@OLD_CHARACTER_SET_RESULTS */;
/*!40101 SET COLLATION_CONNECTION=@OLD_COLLATION_CONNECTION */;
